id,url,date,title,location,description,info,horaires,salairemin,salairemax,entreprise,experience,contrat,debutant
7425869,https://candidat.pole-emploi.fr/offres/recherche/detail/7425869,2026-09-26,Offre d'emploi Data Scientist Risques F/H - 75 - Paris - 7425869 | France Travail,75 - Paris,"En tant qu'organisateur de forums de recrutement, Talents Handicap accompagne de très nombreuses entreprises & organisations en France dans leurs recrutements de collaborateurs en situation de handicap. Participant actuellement à l'un de nos forums. L'entreprise La Banque Postale recherche actuellement des profils : Vous voulez faire de l'analyse de données autrement, dans une banque dynamique, qui conjugue convictions et ambitions ? On vous propose de rejoindre une des équipes de la Direction des Risques Groupe de La Banque Postale où vos actions contribueront à vous épanouir et à rendre notre croissance à la fois saine et durable. Saviez-vous qu'à La Banque Postale, on a un regard singulier sur notre métier ? Peut-être parce que notre jeunesse fait de nous une banque avec des convictions. Une banque qui croit vraiment que la finance a un sens, qu'elle joue un vrai rôle sociétal. D'ailleurs, on accompagne plus d'un million de clients financièrement fragiles et on est la 1ère banque mondiale en matière de RSE grâce nos actions en faveur d'une finance durable. Notre jeunesse nous rend aussi conquérants. A raison ! Notre Groupe Banque/Assurance accompagne plus de 20 millions de clients, ce qui fait de nous le 3ème groupe du secteur en France. Et, comme tous les jeunes, on bouillonne d'idées et de projets innovants pour continuer à nous développer, avec toujours le même engagement vis-à-vis de nos collaborateurs : leur offrir toutes les conditions pour s'étonner. Maintenant qu'on se connaît, on vous en dit plus sur le poste ? VOICI LES MISSIONS QUI VOUS ATTENDENT","
CDI

Contrat travail
",unspecified,unspecified,unspecified,Unspecified,Débutant accepté,CDI,True
7425825,https://candidat.pole-emploi.fr/offres/recherche/detail/7425825,2026-09-26,Offre d'emploi Data Scientist ESG F/H - 75 - Paris - 7425825 | France Travail,75 - Paris,"En tant qu'organisateur de forums de recrutement, Talents Handicap accompagne de très nombreuses entreprises & organisations en France dans leurs recrutements de collaborateurs en situation de handicap. Participant actuellement à l'un de nos forums. L'entreprise La Banque Postale recherche actuellement des profils : Vous voulez faire de la RSE autrement, dans une banque dynamique, qui conjugue convictions et ambitions ? Nous vous proposons de rejoindre une des équipes de la Direction de l'Engagement Citoyen (DEC) de La Banque Postale où vos actions contribueront à vous épanouir et à rendre notre croissance à la fois saine et durable. Saviez-vous qu'à La Banque Postale, on a un regard singulier sur notre métier ? Peut-être parce que notre jeunesse fait de nous une banque avec des convictions. Une banque qui croit vraiment que la finance a un sens, qu'elle joue un vrai rôle sociétal. D'ailleurs, on accompagne plus d'un million de clients financièrement fragiles et on est la 1ère banque mondiale en matière de RSE grâce nos actions en faveur d'une finance durable. Notre jeunesse nous rend aussi conquérants. A raison ! Notre Groupe Banque/Assurance accompagne plus de 20 millions de clients, ce qui fait de nous le 3ème groupe du secteur en France. Et, comme tous les jeunes, on bouillonne d'idées et de projets innovants pour continuer à nous développer, avec toujours le même engagement vis-à-vis de nos collaborateurs : leur offrir toutes les conditions pour s'étonner. Maintenant qu'on se connaît, on vous en dit plus sur le poste ? Vous partagez nos convictions ? Vous avez envie de rejoindre une équipe dynamique et de travailler principalement sur l'Indice d'Impact Global (IIG). L'IIG est un outil de scoring permettant de mesurer l'impact que la banque postale a sur la société et sur l'environnement à travers ses activités de financement. Vous aurez pour missions : Construction des nouveaux IIG sur les lignes métiers non embarquéesAnalyser et interpréter les variables, analyse des corrélationsConstruire les segments/classesPondérer les critères pour aboutir à des scoresAnalyser les ventilations des scoresActivités sur les IIG déjà existantsDévelopper les solutions de pilotage et piloter le reporting sur les IIG déployésPour s'assurer du calcul systématique pour toutes les lignes métier.Pour suivre l'impact par ligne métier : IIG par score + analyse dynamique portefeuillesMaintenir les outils IIG et suivi des modèlesMettre en place des solutions tactiques Xls et améliorer les fichiers tactiques en cas de besoinMaintenir les codes / formules de calculPiloter le Backtesting pour s'assurer de la stabilité des modèlesDémarche d'amélioration continueVeiller sur la donnée disponible par marchéModéliser les impacts d'éventuelles modifications souhaitées => ajout d'un critère, modifications de pondération des indicateurs Au-delà de la maîtrise technique, de votre sensibilité aux sujets du développement durable et de la RSE , de votre autonomie, de votre aisance à travailler en équipe ainsi que de votre force de proposition, ce qui compte réellement pour nous, c'est votre dynamisme et votre curiosité intellectuelle. Pour voir si on est fait pour s'entendre, on vous proposera d'abord un entretien avec le manager au cours duquel vous en apprendrez plus sur le poste. Ensuite, vous rencontrerez notre RH pour lui exprimer vos motivations puis vous réaliserez un test de personnalité afin de déterminer vos soft skills. Et si on décide de travailler ensemble, vous suivrez un processus d'intégration digitalisé et personnalisé. VOTRE FORMATION, VOS EXPÉRIENCES, AUTRE CHOSE ? De formation supérieure Bac + 4/5 de type universitaire, école de commerce, école d'ingénieur, vous justifiez, d'une première expérience ou d'une formation académique dans le domaine de la finance durable ou avez une appétence particulière pour le sujet.Vous maîtrisez la data-analysis (Python, SQL, SAS.) et vous savez faire preuve de rigueur dans l'exécution. Vous disposez également d'une capacité d'analyse, de synthèse avec une visions transverse ainsi que de qualités rédactionnelles avérée. Vous souhaitez donner du sens à votre action? Vous êtes décidément parfait(e) ! Banque citoyenne, La Banque Postale s'engage en faveur de la diversité et de l'égalité des chances pour donner accès à tous ses métiers sans discrimination de genre, d'origine sociale ou culturelle, d'orientation sexuelle ou de handicap. Quels seront votre salaire et vos avantages ? Vous disposerez d'un package complet composé d'une partie fixe sur 12 mois, d'une part variable liée à vos résultats et d'un intéressement. Vous bénéficierez également d'une mutuelle avantageuse, du CE de La Banque Postale, de jours de télétravail et vous aurez accès à des formations et à de multiples possibilités d'évolution.","
CDI

Contrat travail
",unspecified,unspecified,unspecified,Unspecified,Débutant accepté,CDI,True
7425806,https://candidat.pole-emploi.fr/offres/recherche/detail/7425806,2026-09-26,Offre d'emploi Data Scientist F/H - 75 - Paris - 7425806 | France Travail,75 - Paris,"En tant qu'organisateur de forums de recrutement, Talents Handicap accompagne de très nombreuses entreprises & organisations en France dans leurs recrutements de collaborateurs en situation de handicap. Participant actuellement à l'un de nos forums. L'entreprise La Banque Postale recherche actuellement des profils : Vous voulez faire de l'analyse de données autrement, dans une banque dynamique, qui conjugue convictions et ambitions ? On vous propose de rejoindre une des équipes de la Direction de la prévention de la lutte contre la fraude de La Banque Postale où vos actions contribueront à vous épanouir et à rendre notre croissance à la fois saine et durable. Saviez-vous qu'à La Banque Postale, on a un regard singulier sur notre métier ? Peut-être parce que notre jeunesse fait de nous une banque avec des convictions. Une banque qui croit vraiment que la finance a un sens, qu'elle joue un vrai rôle sociétal. D'ailleurs, on accompagne plus d'un million de clients financièrement fragiles et on est la 1ère banque mondiale en matière de RSE grâce nos actions en faveur d'une finance durable. Notre jeunesse nous rend aussi conquérants. A raison ! Notre Groupe Banque/Assurance accompagne plus de 20 millions de clients, ce qui fait de nous le 3ème groupe du secteur en France. Et, comme tous les jeunes, on bouillonne d'idées et de projets innovants pour continuer à nous développer, avec toujours le même engagement vis-à-vis de nos collaborateurs : leur offrir toutes les conditions pour s'étonner. Maintenant qu'on se connaît, on vous en dit plus sur le poste ? VOICI LES MISSIONS QUI VOUS ATTENDENTVous aurez 4 types de missionsLutte contre la fraudeIdentifier les situations de fraude sur leur périmètre via des analyses ad hoc et documentées des données disponiblesIdentifier des données pertinentes nécessaires à la lutte contre la fraudeRéaliser les règles ad hoc couvrant les situations de fraudeRéaliser les modèles statistiques prédictifs permettant d'identifier de manière proactive les fraudes à venirFaire le monitoring des performances des règles et modèles et publication de tableaux de bord associésCommunication et documentationDocumenter les différents supports de comités et autres réunions d'échange sur la lutte contre la fraudeParticiper à la comitologie et aux autres réunions d'échange de la directionParticipation aux projets Data lutte contre la fraudeIdentifier les outils et données manquantes nécessaires à la lutte contre la fraude et documentationRéaliser les données de l'architecture en médaillon des cas d'usages lutte contre la fraudeTransverse Direction Pilotage de la FraudeParticipation aux reportings complexes dont reportings réglementaires Pour voir si on est fait pour s'entendre, on vous proposera d'abord un entretien avec le manager au cours duquel vous en apprendrez plus sur le poste. Ensuite, vous rencontrerez notre RH pour lui exprimer vos motivations puis vous réaliserez un test de personnalité afin de déterminer vos soft skills. Et si on décide de travailler ensemble, vous suivrez un processus d'intégration digitalisé et personnalisé.Quels seront votre salaire et vos avantages ?Vous disposerez d'un package complet composé d'une partie fixe sur 12 mois, d'une part variable liée à vos résultats et d'un intéressement. Vous bénéficierez également d'une mutuelle avantageuse, du CE de La Banque Postale, de jours de télétravail et vous aurez accès à des formations et à de multiples possibilités d'évolution. VOTRE FORMATION, VOS EXPÉRIENCES, AUTRE CHOSE ?Vous maîtrisez les langage de programmation (Python, R, SQL) ainsi qu'Amadea StatMining, DataIku, Hadoop, Spark et les bases de données NoSQL. Vous avez une expertise en machine learning et intelligence artificielle pour concevoir et déployer des modèles prédictifs. De plus vous avez des compétences en nettoyage, préparation et traitement de données massives (big data). Avec de bonnes capacités de visualisation des données pour synthétiser et communiquer les résultats via des outils adaptés, vous avez de solides connaissances en statistiques appliquées et probabilités pour modéliser et interpréter les données.Vous êtes connu pour votre esprit critique, votre communication claire et pédagogique ainsi que pour votre rigueur, votre organisation et votre méthode. Votre curiosité intellectuelle, votre créativité et votre force de proposition sont également des atouts pour ce poste. Vous avez une bonne maîtrise de l'anglais technique. Vous comprenez les enjeux métiers pour aligner les analyse aux objectifs stratégiques et vous avez la capacité à travailler en équipe avec des data engineers, data analystes, et autres métiers de la data. Vous maîtrisez également la gestion de projet? Vous êtes décidément parfait(e) ! Banque citoyenne, La Banque Postale s'engage en faveur de la diversité et de l'égalité des chances pour donner accès à tous ses métiers sans discrimination de genre, d'origine sociale ou culturelle, d'orientation sexuelle ou de handicap. ","
CDI

Contrat travail
",unspecified,unspecified,unspecified,Unspecified,Débutant accepté,CDI,True
7421715,https://candidat.pole-emploi.fr/offres/recherche/detail/7421715,2026-09-26,Offre d'emploi Senior Data Scientist - ML industriel & optimisation de procédé - Freelance (H/F) - 75 - Paris - 7421715 | France Travail,75 - Paris,"CONTEXTE - CLIENT GRAND COMPTE DU SECTEUR DE L'AGROALIMENTAIRE

- Maltimize est une solution Data en production dans les malteries d'un grand groupe agroalimentaire développée par une équipe pluri-disciplinaire (PO, UX/UI, Data Engineers, Data Scientists, Développeurs FullStack VueJS/NodeJS,.) de la Digital Factory d'un groupe agricole majeur.
- La solution permet d'avoir une vision de ce qui se passe sur les chaînes de production, de prédire la qualité du malt et les résultats du procédé, et de recommander des recettes aux malteurs.
- Les prédictions reposent sur des modèles de Machine Learning par cible et par site, et sur un optimiseur soumis à des contraintes de procédé.
- Ces modèles doivent être améliorés en visant une progression de l'usage par les malteurs.
- La mission s'inscrit dans la feuille de route pilotée par le Lead Data Scientist, en collaboration étroite avec les malteurs et le reste de l'équipe Digital Factory.

MISSIONS

- Améliorer la performance et la fiabilité des modèles. Des modèles plus justes et plus robustes, sur chaque site.

 * 

   Diagnostiquer les modèles par site, par cible et par type d'orge

 * 

   Formuler des hypothèses et les valider statistiquement

 * 

   Fixer des KPIs permettant de mesurer l'impact de l'amélioration

 * 

   Construire des variables à partir de la connaissance du procédé, en s'appuyant sur l'expertise des malteurs

 * 

   Faire progresser l'optimiseur de recettes et proposer des plans d'expériences, en validant leur faisabilité avec les malteurs

- Mettre les améliorations en production. Du code fiable, livré selon le cycle develop → préprod → production.

 * 

   Écrire un code propre, testé, versionné et relu

 * 

   Contribuer à la qualité des données et au réentraînement des modèles

 * 

   Suivre les modèles en production (dérive, dégradation)

- Travailler avec les malteurs. Faire de leur expertise un atout pour les modèles, et de la solution un outil qu'ils utilisent.

 * 

   Échanger régulièrement avec les malteurs : restitution des résultats, retours sur les recettes recommandées

 * 

   Expliquer les recommandations dans leur langage (humidité, couleur, recettes)

 * 

   Recueillir leurs retours et les traduire en variables et en contraintes

 * 

   Renforcer l'adoption et l'usage de la solution, au fil des livraisons

- Cadrer ce qui est faisable. Des attentes réalistes et des engagements tenus.

 * 

   Dire clairement aux malteurs ce qui est possible ou non

 * 

   Sur un sujet complexe, revenir avec une réponse validée plutôt que répondre à chaud

 * 

   Présenter les résultats de façon claire et constructive : ce qui fonctionne, les limites et les prochaines étapes, en alignant les messages sensibles avec l'équipe Digital Factory

- Porter les sujets confiés de bout en bout. Sur des priorités construites avec le lead DS et les parties prenantes.

 * 

   Apporter des propositions

 * 

   Représenter l'équipe data sur ses sujets, y compris en l'absence du lead

 * 

   Remonter les décisions qui sortent du périmètre convenu

 * 

   Documenter et partager

CADRE DE LA MISSION

- Périmètre, priorités et livrables construits ensemble avec le lead data scientist et les parties prenantes, et ajustés au fil des points de suivi.
- Livrables attendus : analyses documentées, améliorations de modèles et de l'optimiseur mises en production, suivi des modèles en production, propositions de plans d'expériences/tests, notes de restitution pour les usines, documentation technique.
- Points de suivi réguliers avec le lead data scientist.

CONDITIONS DE TRAVAIL

- Localisation : La Défense
- Présence au bureau : mardi et jeudi (télétravail les autres jours) + présence le mercredi 1 fois par mois
- Démarrage : ASAP
- Charge : temps plein

 1.  5 ans ou plus en data science, avec mise en production et maintenance de modèles
 2.  Solides bases en statistiques : tests d'hypothèses, incertitude, distinction corrélation/causalité
 3.  Maîtrise de","
Profession libérale

Emploi non salarié
",unspecified,unspecified,unspecified,Collective.work,Débutant accepté,Profession libérale,True
7416176,https://candidat.pole-emploi.fr/offres/recherche/detail/7416176,2026-09-26,Offre d'emploi Data Scientist Santé Collectives H/F - 92 - Nanterre - 7416176 | France Travail,92 - Nanterre,"POSTE : Data Scientist Santé Collectives H/F
DESCRIPTION : Rejoignez la Direction Data Stratégie et Pilotage d'AXA Santé et Collectives (ASC), un univers où la transformation l'expertise et l'innovation se rencontrent. Rejoignez une équipe dynamique, chargée d'explorer, structurer et analyser la DATA, depuis l'idéation, jusqu'au fonctionnement en mode projet. La Direction Data Stratégie et Pilotage interagie avec les métiers ASC, la DT2 (DSI d'AXA France) et le Data Office sur l'ensemble de la chaine de valeur. De la gestion à la maîtrise des risques, en passant par le développement de services innovants pour nos clients, chaque jour est une nouvelle occasion de transformer des données en solutions concrètes et impactantes pour les équipes métier et pour le client.  
  Au sein de la Direction, l'équipe Etudes et Innovation Data recrute un-e Data Scientist dont les missions seront au croisement de l'Actuariat, de la Data Science et de l'IA appliquée. Vous rejoindrez une équipe de 5 Data Scientist passionnés sur des projets ou études en toute autonomie ou menés à plusieurs.   
  
Vos missions principales :   
  
R&D, Innovation et IA 
- Explorer et tester des modèles ML/IA pour répondre aux enjeux métiers
- Participer à la transformation des résultats de R&D en solutions opérationnelles, notamment via le développement d'agent IA métiers
- Contribuer à des études innovantes (santé et climat, absentéisme ) et proposer des solutions opérationnelles pour la direction
- Assurer l'explicabilité, la transparence et la conformité réglementaire des modèles IA déployés
 
Développement et Industrialisation des Moteurs de Calcul Actuariels
- Participer aux développements des moteurs de calcul actuariels pour la détermination des provisions (Retraite et Prévoyance) sur un environnement big data (Data Lake / PySpark)
- Garantir la traçabilité et la robustesse des modèles tout en documentant les hypothèses et les processus
 
Visualisation & Reporting Avancé
- Mettre en place des tableaux de bord évolutifs qui s'adaptent aux nouveaux besoins et qui facilitent l'analyse en profondeur
- Adopter les techniques de visualisation les plus efficaces pour rendre l'information claire, attractive et persuasive
- Automatiser et enrichir les reporting existants grâce à des solutions de scripting, de data pipeline et d'intégration continue
 
Gestion et Fiabilisation des données
- Structurer, contrôler et fiabiliser les données pour garantir leurs qualités et cohérences.
- Mettre en place des processus de contrôle pour assurer l'auditabilité et la robustesse des données utilisées
 
Support & Accompagnement Métier
- Collaborer avec les équipes métier pour comprendre leurs enjeux et traduire ces besoins en solutions data concrètes
- Adopter une démarche proactive en proposant régulièrement des insights ou des recommandations pour anticiper les besoins métier
 
Leadership Technique
- Encadrer et faire monter en compétence les profils juniors
- Diffuser les bonnes pratiques en Data Science et IA
 

Nous sommes persuadés que pour bien prendre soin de nos clients, nous devons commencer par bien prendre soin de nos collaborateurs ! Les avantages que nous proposons à nos salariés sont nombreux.Nous choisir, c'est bénéficier par exemple :
- D'un package de rémunération complet comprenant un salaire fixe, un complément de rémunération variable, des primes, de la participation et de l'intéressement, la possibilité d'acquérir des actions AXA, ou encore des solutions d'épargne avantageuses ;
- D'un cadre de travail flexible jusqu'à 3 jours de télétravail possible par semaine (selon profil du poste), des tickets restaurant pour les jours télétravaillés ou encore une participation à l'achat d'un écran ou fauteuil ergonomique ;
- D'une politique visant à concilier vie personnelle et vie professionnelle avec 28 jours de congés payés, entre 14 et 16 RTT selon les années, des formules de travail à temps partiel ou encore des jours d'absence rémunérées pour la rentrée scolaire ou un déménagement par exemple ;
- De la possibilité de s'engager pour une cause qui vous tient à coeur grâce à nos associations telles que AXA Atout Coeur, AXA Compétences Solidaires ou encore AXA Prévention ;
- Et bien plus encore ! Perspectives de développement des compétences et de carrières immenses, CE, conciergerie, offres privilèges, soutien en cas d'épreuve personnelleOn s'arrête là, la liste est longue ! 
 

PROFIL : De formation Ecole d'ingénieur ou Master en mathématiques appliquées, statistiques ou actuariat, vous justifiez d'une expérience confirmée en Data Science.    
  
Compétences techniques 
- Maitrise de Python, SQL, PySpark, Git
- Maitrise de l'environnement Microsoft / Databricks
- Maitrise des modèles de Machine Learning et de Deep Learning
- Maitrise des outils de visualisation comme Power BI
- Maitrise des environnements et projets IA
 
Compétences transverses
- Vous possédez une curiosité naturelle et une grande rigueur, vous permettant d'explorer les sujets e","
CDI

Contrat travail
",unspecified,unspecified,unspecified,Axa en france,1 An(s),CDI,False
7415736,https://candidat.pole-emploi.fr/offres/recherche/detail/7415736,2026-09-26,Offre d'emploi Chargé d'Études Actuarielles - Data Scientist H/F - 92 - Nanterre - 7415736 | France Travail,92 - Nanterre,"POSTE : Chargé d'Études Actuarielles - Data Scientist H/F
DESCRIPTION : 
La Direction ASC (Santé et Collectives) d'AXA France couvre les activités de santé, prévoyance et autres garanties pour les salariés et les entreprises. Elle gère chaque année des millions de contrats et interactions clients avec l'ambition de protéger les personnes et les entreprises face aux imprévus. Dans ce contexte, la Data joue un rôle clé.
 
Afin de renforcer son expertise actuarielle et d'accélérer la valorisation de ses données, la Direction Data et Affaires Générales recrute un-e Actuaire Senior disposant de solides compétences en data science. Au sein de l'équipe Études & Innovation Data, vous interviendrez sur des sujets à fort enjeu business, à la croisée de l'actuariat, de la data science et de la stratégie métier. Vous produirez des analyses à forte valeur ajoutée et accompagnerez leur transformation en recommandations opérationnelles.
 
Actuariat, tarification & provisionnement
 
-        Piloter ou contribuer à des études actuarielles en tarification et/ou provisionnement sur les périmètres santé, prévoyance et retraite collective.
 
-        Concevoir, challenger et fiabiliser les hypothèses, méthodes et modèles actuariels en garantissant leur robustesse et leur traçabilité.
 
-        Développer et industrialiser des moteurs de calcul actuariels sur environnement data lake / PySpark en lien avec les équipes métiers, data et IT.
 
Data science, modélisation avancée & innovation
 
-        Développer des modèles statistiques, de machine learning et d'IA appliqués aux enjeux actuariels.
 
-        Participer à des études innovantes et les transformer en solutions opérationnelles.
 
-        Contribuer à l'industrialisation et au contrôle des modèles dans le respect des exigences réglementaires.
 
Valorisation de la donnée & accompagnement à la décision
 
-        Garantir la qualité, la fiabilité et l'exploitation des données au service des enjeux métier.
 
-        Produire et automatiser des reportings, tableaux de bord et analyses favorisant un pilotage efficace des activités.
 
-        Formaliser, présenter et défendre des recommandations fondées sur la donnée auprès des interlocuteurs métiers et dirigeants.
 
-        Transformer les résultats d'études et travaux d'innovation en actions concrètes créatrices de valeur.
 
Accompagnement métier & expertise technique
 
-        Accompagner les directions métiers dans la compréhension de leurs enjeux et la mise en oeuvre de solutions actuarielles et data à forte valeur ajoutée.
 
-        Conseiller et orienter la prise de décision au travers d'analyses, de recommandations et de l'identification d'opportunités d'innovation Data & IA.
 
-        Assurer un rôle de référent technique en partageant son expertise, en faisant monter les équipes en compétence et en promouvant les bonnes pratiques.
 
Nous sommes persuadés que pour bien prendre soin de nos clients, nous devons commencer par bien prendre soin de nos collaborateurs ! Les avantages que nous proposons à nos salariés sont nombreux.Nous choisir, c'est bénéficier par exemple :
- D'un package de rémunération complet comprenant un salaire fixe, un complément de rémunération variable, des primes, de la participation et de l'intéressement, la possibilité d'acquérir des actions AXA, ou encore des solutions d'épargne avantageuses ;
- D'un cadre de travail flexible jusqu'à 3 jours de télétravail possible par semaine (selon profil du poste), des tickets restaurant pour les jours télétravaillés ou encore une participation à l'achat d'un écran ou fauteuil ergonomique ;
- D'une politique visant à concilier vie personnelle et vie professionnelle avec 28 jours de congés payés, entre 14 et 16 RTT selon les années, des formules de travail à temps partiel ou encore des jours d'absence rémunérées pour la rentrée scolaire ou un déménagement par exemple ;
- De la possibilité de s'engager pour une cause qui vous tient à coeur grâce à nos associations telles que AXA Atout Coeur, AXA Compétences Solidaires ou encore AXA Prévention ;
- Et bien plus encore ! Perspectives de développement des compétences et de carrières immenses, CE, conciergerie, offres privilèges, soutien en cas d'épreuve personnelleOn s'arrête là, la liste est longue ! 
 

PROFIL : 
De formation supérieure en actuariat, mathématiques appliquées, statistiques ou école d'ingénieur, vous justifiez d'une solide expérience en actuariat, idéalement complétée par une expérience en conseil, audit actuariel ou accompagnement métier.
 
Compétences techniques
 
-         Solide maîtrise des techniques actuarielles de tarification et/ou de provisionnement, idéalement en santé, prévoyance ou collectives.
 
-       Maîtrise des méthodes statistiques, du machine learning et des modèles prédictifs, (industrialisation, fiabilisation, documentation).
 
-       Maîtrise de Python, SQL et des environnements data distribués, notamment PySpark ; connaissance de Git et d'Azure appréciée.
 
-   ","
CDI

Contrat travail
",unspecified,unspecified,unspecified,Axa en france,0 An(s),CDI,False
7413022,https://candidat.pole-emploi.fr/offres/recherche/detail/7413022,2026-09-26,Offre d'emploi Backend Engineer - Data Scientist H/F - 34 - Montpellier - 7413022 | France Travail,34 - Montpellier,"POSTE : Backend Engineer - Data Scientist H/F
DESCRIPTION : 
Nous recherchons un(e) Backend Engineer / Data Scientist, en CDI, à proximité de Montpellier (Lattes) pour notre filiale Septeo ADB.
 
Ce que nous pouvons accomplir ensemble :
 
Dans le cadre du développement et de l'évolution d'Immosearch, la plateforme de données cadastrales et immobilières de la division, l'équipe renforce son expertise autour de cet écosystème.
 
La plateforme repose sur plusieurs briques : PIGE, DPE, DVF, Gateway, Danim, Stats et AI, ainsi que sur les interactions entre ces différents composants.
 
Le poste s'inscrit dans un environnement Data, avec un enjeu fort autour du fonctionnement, de l'évolution et de l'intégration des différentes briques de la plateforme.
 
Vous interviendrez au coeur de l'écosystème Immosearch et travaillerez en étroite collaboration avec :
 
- Le Tech Lead Data et un data engineer
- Les équipes produit
- Les équipes métier (migration / fonctionnel)
- Les équipes infra / DevOps
 
Vos missions principales  
  
 Vous maintenez et faites évoluer le backend Immosearch, et vous devenez à terme le second point d'expertise sur l'ensemble du périmètre.
 
1. Partenariat et évolutions Danim
 
- Concevoir et développer les nouveaux endpoints et l'API dédiée à Danim
- Assurer le contrat d'interface (documentation, versioning, tests) avec le partenaire
- Suivre les performances et la qualité des données exposées
 
2. Maintenance DPE et DVF
 
- Assurer les mises à jour et la fiabilité des imports et pipelines de données DPE et DVF
- Corriger les anomalies de données et de traitement, garantir la cohérence entre sources
- Adapter les traitements aux évolutions des sources open data (formats, schémas, volumétrie)
- Optimiser les requêtes et les index (PostgreSQL / PostGIS)
 
3. Maintenance générale du code
 
- Corriger les failles de sécurité (Snyk, pentests) et mettre à jour les dépendances
- Corriger les bugs et faire évoluer techniquement la codebase (refactoring, dette technique)
- Maintenir et améliorer les pipelines CI/CD (GitLab CI) et les tests
- Assurer le support de niveau 3 sur les incidents de production
 
4. Réduction de la dépendance à une seule personne (mission prioritaire)
 
- Cartographier l'architecture : briques, flux de données, dépendances entre modules, modèle des deux bases
- Produire et maintenir la documentation : schémas d'architecture, runbooks, procédures de déploiement et de restauration
- Monter en compétence par pair programming, revues de code croisées et binômage sur les incidents
- Identifier et proposer les chantiers de simplification pour rendre la codebase plus transmissible
 
Stack :
 
- Backend : Kotlin, Spring Boot ou équivalent
- Bases de données : PostgreSQL, PostGIS, GeoJSON
- API : REST, OpenAPI / Swagger, authentification, gestion des CORS et sécurité
- Data : ingestion, nettoyage et transformation de gros volumes de données, notamment open data DVF et DPE
- Analyse / IA : Python, statistiques, briques AI
- Services annexes : TypeScript, Node.js
- Front : Flutter
- Infra / CI/CD : Docker, GitLab CI, Snyk, scans de dépendances et gestion des vulnérabilités
 

 
Rejoindre Septeo, c'est aussi :
 
- Participer à l'aventure AI First de Septeo et découvrir de nouvelles façons de travailler grâce à l'intelligence artificielle.
- Grandir et s'épanouir grâce à un parcours de formation personnalisé et des opportunités de mobilité interne.
- Vivre une expérience humaine, échanger et partager autour d'événements thématisés : afterworks, sport, RSE, séminaires, etc.
- Rejoindre un collectif qui prend soin des autres et s'engage en faveur de l'égalité des chances, de la diversité et de l'inclusion.
 
Vous faites quoi lundi ?
 
PROFIL : 
Et si c'était vous ?
 
- Vous disposez d'au moins 5 ans d'expérience en développement backend ou en Data Scientist.
- Vous maîtrisez Kotlin et disposez de bonnes connaissances en PostgreSQL / PostGIS.
- Vous êtes à l'aise avec la conception d'API REST et le traitement de volumes de données importants.
- Vous êtes à l'aise avec les pipelines de données : ingestion, nettoyage et transformation de volumes importants de données.
- Vous connaissez Docker, GitLab CI et les bonnes pratiques de sécurité.
- Des connaissances en Python, TypeScript / Node.js ou Flutter sont un plus.
- Vous êtes rigoureux, autonome et à l'aise avec la reprise de code existant.
- Une expérience sur des données géospatiales ou immobilières serait appréciée.
 
","
CDI

Contrat travail
",35H/semaine,unspecified,unspecified,Le groupe septeo,1 An(s),CDI,False
7411848,https://candidat.pole-emploi.fr/offres/recherche/detail/7411848,2026-09-26,Offre d'emploi Data Scientist Imaging & Intelligence Artificielle Industrielle H/F - 38 - Grenoble - 7411848 | France Travail,38 - Grenoble,"POSTE : Data Scientist Imaging & Intelligence Artificielle Industrielle H/F
DESCRIPTION : 
Do iT Platinium est une entreprise innovante, humaine et bienveillante, spécialisée dans le domaine des technologies de l'information. Nous accompagnons nos clients dans la transformation et l'optimisation de leurs systèmes en mettant à disposition des experts passionnés et engagés.
 
Dans le cadre de notre collaboration avec un acteur majeur de l'industrie de haute technologie, nous recherchons un Data Scientist spécialisé en imagerie et intelligence artificielle industrielle pour participer à la refonte et l'industrialisation des processus IA dans un environnement 100 % on-premise.
 
Missions :
 
- Analyse des besoins métiers et des cas d'usage d'imagerie.  
- Sélection, adaptation et optimisation de modèles de classification d'images.  
- Fine-tuning de modèles existants et amélioration continue des performances.  
- Développement de modules d'inférence industrialisables et réalisation de benchmarks techniques.  
- Packaging des modèles sous forme de composants Python réutilisables.  
- Automatisation des processus de déploiement et standardisation des pipelines IA.  
- Participation à la refonte de l'architecture applicative IA et mise en oeuvre de bonnes pratiques MLOps.  
- Optimisation de l'utilisation des ressources GPU et gestion des versions de modèles.  
- Accompagnement des utilisateurs métiers et rédaction de documentation technique.
 

- Mutuelle : Nous prenons en charge à 100% votre mutuelle.  
- Transports en commun et mobilité douce : Votre abonnement de transports en commun est pris en charge à 100%.  
- Tickets restaurants : Chaque jour travaillé, vous bénéficierez de tickets restaurants d'une valeur faciale de 11,50 €.  
- Comité d'Entreprise (CE) : Vous aurez accès aux avantages offerts par notre CE, vous permettant de profiter de diverses activités et réductions.  
- Primes diverses (vacances, cooptation, intéressement, etc.).
 
PROFIL : 
- Diplôme en informatique, mathématiques appliquées ou domaine similaire.  
- Expérience significative (minimum 3 ans) en Data Science appliquée à l'imagerie.  
- Expertise en Deep Learning et Computer Vision.  
- Maîtrise de Python et des outils d'industrialisation logicielle.  
- Compétences solides en DevOps, MLOps et gestion d'environnements on-premise.  
- Anglais courant, écrit et oral.  
- Capacité à travailler en équipe et à communiquer avec des interlocuteurs variés.  
- Esprit analytique et rigueur dans l'approche technique.
","
CDI

Contrat travail
",35H/semaine,39000.0,45000.0,Doit platinium,1 An(s),CDI,False
7406839,https://candidat.pole-emploi.fr/offres/recherche/detail/7406839,2026-09-26,Offre d'emploi Data scientist (H/F) - 75 - Paris 1er Arrondissement - 7406839 | France Travail,75 - Paris 1er Arrondissement,"En tant que stagiaire vos tâches seront les suivantes : 


 
 Explorer des méthodes sous forme de POCs (Proof of Concept) pour démontrer la pertinence des modèles de prédiction, 
 
 
 Établir, tester et peaufiner les modèles d'intelligence artificielle et de ML, en se fondant sur les scripts en Python exécutés à l'aide d'outils (Dataiku), 
 
 
 Gérer la maintenance de certains modèles en production et à destination des métiers (chargés d'affaires) afin de vous assurer que la performance des modèles déjà établis ne se détèriore pas
 
 
 Contribuer à l'acculturation de la Data Science auprés de l'équipe, et en particulier des non data scientist afin de diffuser la connaissance relative à ces approches. 
 


Vous rejoignez l'équipe BCEF Entreprises / COO / Data & Coordination, l'entité en charge des projets de transformation de BCEF Entreprises : une équipe d'une vingtaine de personnes aux profils complémentaires (Réseau, Métier, Projets) qui interagit en permanence avec l'ensemble de l'écosystème de BCEF Entreprises, des Domaines de BCEF, de l'IT et du Data Office du CDO.

Les projets tournent autour de thématique Data tels la data quality, l'acquisition de données, l'utilisation des données à des fins de servicing client ou commercial, la sécurité des données et le RGPD notamment.

Nos tuteurs et tutrices se forment en continu pour mieux vous accompagner dans toutes les composantes de votre stage, toujours avec bienveillance. Une partie de leur temps de travail est d'ailleurs dédiée à votre encadrement : conseils de méthodes de travail, aide à la maîtrise du temps, développement d'une posture professionnelle... De quoi vous sentir bien dès votre arrivée !

Ce stage, basé à Paris 19eme puis Nanterre, est à pourvoir à partir de février 2027 pour une durée de 6 mois.

ET APRÈS ?

D'autres opportunités pourront s'offrir à vous, favorisant votre insertion professionnelle :


 
 Le Graduate Programme vous permet de booster votre avenir, de développer vos compétences et votre leadership grâce à des tâches à responsabilité 
 
 
 Le Volontariat International en Entreprise vous donne l'opportunité d'enrichir votre parcours avec une expérience internationale unique de 12 à 24 mois.
 


LES AVANTAGES À NOUS REJOINDRE

Travailler au sein de BNP Paribas, c'est un package et des avantages :


 
 Une gratification mensuelle brute attractive, supérieure au minimum prévu par la loi, variable selon le niveau d'études et le diplôme préparés, 1250€ et 2100€ dans le cadre d'un bac+5.
 
 
 Un accès au restaurant d'entreprise ou à des tickets restaurant,
 
 
 Des activités sociales et culturelles via le comité social et économique.
 
 
 A noter : Pas de télétravail pour les stages < 6 mois donc en fonction à mentionner en fonction de la durée
 
 
 De la flexibilité avec un rythme de travail hybride : un certain nombre de jours de télétravail par semestre selon l'environnement de travail et les règles de l'entreprise, à définir avec votre tuteur.
 


Nos alternants et alternantes nous recommandent depuis une dizaine d'années avec le label Happy Trainees !

Rejoignez un Groupe engagé et prenez part à notre grand projet de transformation vers la construction d'un monde plus durable. Découvrez nos engagements https://group.bnpparibas/nos-engagements(Ce lien s'ouvre dans un nouvel onglet) pour notre clientèle et la société.

Engagez-vous à nos côtés sur votre temps professionnel, à travers notre programme OneMillionHoursToHelp.

ÊTES-VOUS NOTRE PROCHAIN STAGIAIRE DATASCIENTIST H/F ? 


 Vous préparez un BAC+5 (reconnu au RNCP), en école d'Ingénieur ou équivalent universitaire avec une spécialisation en Big Data / IA / Mathématiques Appliquées & Modélisation.
 Vous avez un niveau avancé en Français et opérationnel en Anglais.
 Vous maîtrisez le Pack Office, les langages Python et Shell, ainsi que SQL, No-SQL et Data viz.
 Vous avez des connaissances en matière de Big Data, modélisation et en architecture.


Votre adaptabilité, votre capacité à collaborer et analyser seront des atouts essentiels. Ajoutez à cela, une bonne capacité d'organisation et de communication finiront de nous convaincre. 

Enfin, nous attachons une importance particulière à ce que nos futurs collaborateurs agissent au quotidien avec responsabilité éthique et professionnelle.","
Intérim - 3 Mois

Contrat travail
",unspecified,unspecified,unspecified,Forums talents handicap,Débutant accepté,Intérim - 3 Mois,True
7404568,https://candidat.pole-emploi.fr/offres/recherche/detail/7404568,2026-09-26,Offre d'emploi Data scientist (H/F) - 59 - Villeneuve-d'Ascq - 7404568 | France Travail,59 - Villeneuve-d'Ascq,"Description du poste Nous sommes.

Auchan Retail France, une entreprise de distribution de plus de 50 000 collaborateurs au service de millions de clients chaque année.

Ce que nous voulons, c'est aider nos clients à bien manger et vivre mieux, tout en préservant la planète.

Que l'on soit en entrepôt, en magasin ou sur des fonctions support, notre point commun à tous, c'est de faire en sorte que nos clients aient plaisir à faire leurs courses chez nous.

Parce que nos collaborateurs sont aussi nos premiers clients, nous veillons chaque jour à leur bien-être et leur évolution professionnelle.

Vous avez envie de.***Transformer la donnée client en levier de croissance : Vous décodez les parcours et habitudes d'achat omnicanaux de nos clients pour générer des insights actionnables et optimiser nos stratégies marketing.
* Développer des solutions ML avancées : Vous concevez et mettez en production un large éventail de modèles ML au service du marketing : approches de forecasting pour anticiper les comportements d'achat, méthodes d'inférence causale (uplift modeling, A/B testing) pour isoler l'impact net de nos actions, et segmentations clients dynamiques pour affiner le ciblage omnicanal.
* Participer au cadrage des besoins et à leur traduction technique : Vous contribuez activement au cadrage de vos projets. Vous travaillez main dans la main avec les équipes métier Marketing pour traduire leurs enjeux en problématiques Data Science et validez l'alignement de vos développements avec les spécifications fonctionnelles.
* Communiquer avec impact : Vous vulgarisez des résultats scientifiques complexes en recommandations business claires, concises et activables par des interlocuteurs non-experts.
* Contribuer à l'industrialisation et à la performance : Vous assurez le déploiement en production, la robustesse et le monitoring continu de vos modèles ML et solutions data.
* Expérimenter et innover en continu : Vous aimez explorer les dernières avancées en Data Science, MLOps, IA appliquée et intégrer les meilleurs outils.

Description du profil :

Vous êtes.***Titulaire d'un Bac+5 type Master 2 en Statistiques, Mathématiques Appliquées, Econométrie, Data Science.
* Fort.e d'une expérience de 3 ans minimum dans le domaine de la Data Marketing
* Doté.e d'une expertise avérée sur les modèles d'inférence causale et méthodologies de tests statistiques Parfaitement à l'aise avec SQL et Python, et familier(ère) avec les principes d'intégration et de déploiement continu (CI/CD La connaissance de GCP, d'outils de Business Intelligence (Power BI, Looker Studio) ou de frameworks d'applications data (Streamlit, React) est un plus.
* Reconnu(e) pour votre rigueur, votre esprit d'analyse et votre capacité à travailler en équipe.

Le poste de Data scientist Marketing F/H (Niveau 7) est fait pour vous.

Rencontrons-nous !

Nous vous offrons les avantages suivants Une remise sur achat chez Auchan

- Des primes de participation et d'intéressement selon la performance annuelle de l'entreprise

- Une prime annuelle équivalente à un 13e mois au bout d'un an d'ancienneté

Chez Auchan, nous sommes convaincus que la diversité fait la richesse d'une entreprise. Nous étudions à compétences égales chaque candidature et toutes nos offres peuvent faire l'objet d'aménagements spécifiques en cas de handicap - #tous égaux, tous différents !

Vous voulez en savoir plus sur nos engagements ?

Nous nous mobilisons au quotidien autour de 4 piliers de responsabilité sociétale et environnementale majeurs : Offre responsable, Environnement, Solidarité, Humain.

Rendez-vous sur","
CDI

Contrat travail
",unspecified,unspecified,unspecified,Auchan retail france,3 An(s),CDI,False
7419855,https://candidat.pole-emploi.fr/offres/recherche/detail/7419855,2026-09-26,Offre d'emploi Ingénieur IA -Java - Angular H/F - 75 - Paris 1er Arrondissement - 7419855 | France Travail,75 - Paris 1er Arrondissement,"POSTE : Ingénieur IA -Java - Angular H/F
DESCRIPTION : 
Dans le cadre d'une transformation autour de l'IA Générative, nous recherchons un(e) Lead AI Engineer capable de concevoir et industrialiser des solutions IA, tout en accompagnant les équipes de développement dans l'adoption de ces nouvelles technologies.
 
Le poste repose sur 3 dimensions clés :
 
Lead AI Engineer  
Concevoir, développer et industrialiser des solutions GenAI, RAG et agentiques jusqu'à leur mise en production.
 
Référent IA Générative  
Accompagner les développeurs, partager les bonnes pratiques et apporter votre expertise sur les choix techniques et les architectures IA.
 
Java & Angular  
Rester hands-on et contribuer directement aux applications existantes en Java / Spring Boot et Angular.
 
Vos missions
 
- Concevoir et industrialiser des solutions basées sur les LLM
- Développer des agents IA et solutions RAG
- Intégrer et orchestrer différents modèles : OpenAI, Claude, Gemini, Mistral, Llama
- Définir les bonnes pratiques et architectures GenAI
- Accompagner et faire monter en compétence les développeurs
- Contribuer aux développements Java / Spring Boot et Angular
- Participer à l'industrialisation : CI/CD, MLOps, LLMOps, monitoring et sécurité
 

 
Les principaux avantages Infogene
 
- 10 jours de RTT par an
- Intéressement
- Prime de vacances
- Prime de cooptation
- Prime d'apport d'affaires
- Gratification pour les collaborateurs référents
- Certifications financées
- Accès à Infogene School, plateforme e-learning disponible 24h/24 et 7j/7
- Cours d'anglais individuels ou collectifs
- 50 % des transports en commun pris en charge
- Jusqu'à 50 € par mois pour la mobilité durable
- 50 % des frais de repas pris en charge
- Avantages et réductions via le CSE
 

PROFIL : 
Vous disposez d'une solide expérience en développement logiciel et d'une expertise concrète en IA Générative.
 
Vous êtes capable de passer de la conception à la production tout en restant proche du code.
 
Une expérience sur des environnements Java / Spring Boot et Angular est attendue.
 
Vous aimez également transmettre votre expertise et jouer un rôle de référent technique auprès des équipes.
 
Stack
 
GenAI : LLM, RAG, Agents IA, Prompt Engineering, MLOps / LLMOps  
Back-end : Java, Spring Boot, API REST  
Front-end : Angular, TypeScript  
Environnement : Git, CI/CD, Cloud, DevSecOps, GCP apprécié
 
Pourquoi Infogene ?
","
CDI

Contrat travail
",35H/semaine,55000.0,65000.0,Infogene,1 An(s),CDI,False
7413591,https://candidat.pole-emploi.fr/offres/recherche/detail/7413591,2026-09-26,Offre d'emploi Analyste Data Logistique Senior H/F - 31 - Blagnac - 7413591 | France Travail,31 - Blagnac,"POSTE : Analyste Data Logistique Senior H/F
DESCRIPTION : Nous recherchons pour l'un de nos clients, expert du secteur aéronautique, un(e) Analyste Data Logistique Senior (H/F)  
 
Vos missions
Au sein d'une équipe dédiée à la performance logistique, vous contribuez au développement de solutions analytiques permettant d'optimiser les opérations Supply Chain.  
 À ce titre, vous serez amené(e) à :  
 
- Collecter, consolider et analyser les données issues de différents systèmes (SAP, Skywise, etc.).
- Concevoir et développer des tableaux de bord et outils de Business Intelligence pour accompagner la prise de décision des équipes métiers.
- Identifier les besoins des utilisateurs et traduire ces besoins en solutions analytiques.
- Développer, harmoniser et fiabiliser les modèles de données.
- Piloter ou coordonner des projets Data Analytics en lien avec les équipes métiers et IT.
- Participer à l'amélioration continue des solutions existantes et intégrer de nouveaux usages autour de l'Intelligence Artificielle.
- Assurer le suivi des performances logistiques, fournisseurs et opérations grâce à des indicateurs pertinents.
 

PROFIL : 
Votre profil
Vous disposez d'une expérience de 2 à 3 ans minimum en Data Analytics appliquée à la Supply Chain, la logistique, les achats ou le transport, idéalement dans le secteur aéronautique.  
 Vous maîtrisez :  
 
- Les environnements SAP et la compréhension des données Supply Chain.
- SQL pour l'extraction et la manipulation de données.
- Python pour l'analyse et le développement de solutions data.
- Des outils de visualisation et de Business Intelligence (Click Sense/Qlik, Skywise).
 
Vous êtes reconnu(e) pour votre esprit d'analyse, votre rigueur, votre autonomie et votre capacité à travailler en équipe sur des projets transverses.  
 Anglais courant indispensable (échanges quotidiens dans un environnement international).","
Intérim - 6 Mois

Contrat travail
",unspecified,unspecified,unspecified,Groupe piment,1 An(s),Intérim - 6 Mois,False
7412178,https://candidat.pole-emploi.fr/offres/recherche/detail/7412178,2026-09-26,Offre d'emploi Ingénieur IA Générative Web & Mobile - Digital Factory - Lille H/F - 59 - Villeneuve-d'Ascq - 7412178 | France Travail,59 - Villeneuve-d'Ascq,"POSTE : Ingénieur IA Générative Web & Mobile - Digital Factory - Lille H/F
DESCRIPTION : 
Votre rôle et vos missions :
 
Au sein de la Digital Factory, vous concevez et développez des produits Web et Mobile de nouvelle génération en intégrant nativement les capacités de l'IA générative.
 
Vous contribuez à la création d'expériences utilisateur innovantes où copilotes, assistants et agents IA deviennent de véritables composants du produit.
 
Enfin, vous participez également à l'évolution de nos pratiques de développement augmentées par l'IA afin d'accélérer la livraison de produits robustes et performants.
 
Vous serez amené à :
 
- Concevoir & créer des apps Web (React, Angular) ou mobiles (Kotlin, Swift, KMP, Flutter, React Native)
- Mettre en oeuvre les nouvelles techniques de fabrication :  génération de code et de tests, revue de code, documentation et workflows de développement augmentés par l'IA.
- Participer à la veille et à la recherche appliquée autour de l'Agentic AI.
- Encadrement d'équipes, coaching technique.
 

 
Pourquoi nous rejoindre ?
 
Intégrer notre équipe, c'est rejoindre un collectif engagé qui valorise la collaboration, l'excellence et l'innovation. Vous travaillerez sur des projets passionnants, entouré(e) de professionnels dédiés, et bénéficierez de nombreuses opportunités de développement personnel et professionnel.
 
Ce que nous vous offrons :
 
- Un environnement technologique de pointe, au coeur des projets IA du groupe Sopra Steria.
 
- 15 % de votre temps dédié à la recherche et la veille (Hack Time, AI Fridays, mini-challenges).
 
- La possibilité de participer à de conférences internes et événements externes (AI Showroom, NVIDIA GTC, AWS Summit, etc.).
 
- Une culture d'équipe vivante : Factory Days, cafés thématiques, team buildings, etc.
 
- Une vraie culture d'équipe Geeks, Passionnée et Visionnaire.
 
- Des liens directs avec l'écosystème IA : conférences NVIDIA, WWDC, AWS Summit, Laval Virtual, etc.
 
Ce que nous vous proposons :
 
- Des projets à haute visibilité pour des clients de renom.
- Une perspective d'évolution professionnelle dans un contexte national.
- Un environnement de travail dynamique, propice à l'innovation et à la créativité.
- Un accord télétravail pour télétravailler jusqu'à 2 jours par semaine selon vos missions.
- Un package avantages intéressants : une mutuelle, un CSE, des titres restaurants, un accord d'intéressement, des primes vacances et cooptation.
- Des opportunités de carrières multiples : plus de 30 familles de métiers, autant de passerelles à imaginer ensemble.
- Des centaines de formations pour développer vos compétences et évoluer au sein du Groupe
- Des plateformes de formations en autonomie pour préparer vos certifications et accompagner votre développement personnel
- L'opportunité de rejoindre le collectif Tech'Me UP (formations, conférences, veille, et bien plus encore)
 
Employeur inclusif et engagé, notre société oeuvre chaque jour pour lutter contre toute forme de discrimination et favoriser un environnement de travail respectueux. C'est pourquoi, attachés à la mixité et à la diversité, nous encourageons toutes les candidatures et tous les profils.
 
https://www.soprasteria.fr/nous-connaitre/nos-engagements
 

PROFIL : 
Diplômé(e) d'un Bac +5 et issu(e) d'une école d'Ingénieurs ou d'une formation équivalente, vous avez :
 
- 5 ans d'expérience minimum en développement Web ou Mobile
- Sensibilité produit et expérience utilisateur
- Mise en oeuvre de chaine Agentic pour augmentation de la fabrication.
- Curiosité, esprit d'expérimentation et envie de partager
 
","
CDI

Contrat travail
",35H/semaine,unspecified,unspecified,Sopra steria,8 An(s),CDI,False
7413558,https://candidat.pole-emploi.fr/offres/recherche/detail/7413558,2026-09-26,Offre d'emploi Concepteur-trice de Référentiel Opérationnel et Concept Book H/F - 69 - Limonest - 7413558 | France Travail,69 - Limonest,"POSTE : Concepteur-trice de Référentiel Opérationnel et Concept Book H/F
DESCRIPTION : 
Le groupe La Tête dans les Nuages / MBA est un acteur majeur du secteur des loisirs et du divertissement en France. Notre activité se déploie à travers plusieurs expertises phares : la gestion de centres de loisirs et de salles d'arcades premium, ainsi que le négoce de jeux d'arcade. Il nous plait de nous qualifier de « Créateur de souvenirs »
 
Dans le cadre de notre fort développement, et afin de professionnaliser, structurer et modéliser notre Concept et savoir-faire unique, nous recherchons notre futur-e Concepteur-trice de Référentiel Opérationnel. Votre mission ? Devenir le chef d'orchestre de la création, de la formalisation mais également de l'évolution de notre Concept Book.
 
Votre Mission :
 
Rattaché(e) à la Direction et en collaboration étroite avec l'ensemble des départements de l'entreprise, vous aurez la responsabilité de recueillir, structurer et modéliser, les pratiques et le savoir-faire de La Tête dans les Nuages.
 
Votre objectif principal en partant d'une feuille blanche, sera de transformer la matière brute collectée auprès de nos experts métiers en contenus clairs, opérationnels et pédagogiques :
 
- Retranscription l'ADN de la marque : Formaliser la plateforme de marque, le manifeste, les valeurs fondamentales et la promesse.
- Concept d'Offre & Design Expérientiel : Traduire l'univers visuel en concepts de produits, de packagings, d'aménagements d'espaces ou d'expérience client (selon la nature du projet).
- Storytelling & Univers Sémantique : Rédiger le ton de voix de la marque et formuler les éléments de langage clés.
- Production et Restitution : Assurer la mise en page, l'editing et la finalisation d'un document haut de gamme (physique et digital), prêt à être partagé et exploité au niveau stratégique.
 
Ce ""Concept Book Total"" servira de bible de référence pour encadrer toutes les étapes clés : de la conception à l'ouverture, jusqu'à la gestion quotidienne d'une salle.
 
Vos principales responsabilités
 
- Immersion et collecte : Mener des entretiens approfondis avec nos experts internes (Conception, travaux, Sécuritaires, Opérationnel, Technique, Marketing, Commercial, RH, Finance, Juridique, Informatique) pour cartographier leurs méthodes de travail, responsabilités et contraintes.
- Analyse et ingénierie de contenu : Identifier les informations stratégiques, poser les bonnes questions et synthétiser des processus complexes ou techniques pour les rendre accessibles à tous.
- Formalisation et modélisation : Rédiger et concevoir les livrables du Book sous des formats variés, modernes et exploitables (modes opératoires, fiches pratiques, check-lists de la préouverture à l'opérationnel quotidien, guides de référence, tuto.
- Garant de la cohérence : Veiller à l'harmonisation des pratiques entre les différents sites et veiller au respect de l'identité de la marque.
- Gestion de projet et animation : Coordonner les phases de relecture, d'ajustement et de validation avec les parties prenantes. Assurer le suivi du rétroplanning avec persévérance pour obtenir les éléments attendus.
- Évolution du support : Participer activement à la mise à jour régulière du Book pour qu'il suive les innovations et l'évolution du groupe.
 

 
En nous rejoignant vous bénéficierez de:
 
- Tickets restaurant à hauteur de 10 € sous condition d'ancienneté
- Mutuelle prise en charge à hauteur de 50%
- Titres de transport pris en charge à hauteur de 50%
 

PROFIL : 
Vous êtes issu(e) d'une formation supérieure (Bac +3 au minima, à Bac +5) en gestion de projet, communication, qualité, organisation, ingénierie pédagogique ou école de commerce.
 
Vous justifiez d'une expérience réussie d'au moins 3 ans en rédaction de procédures, gestion de projet, documentation métier ou formalisation de process est indispensable.
 
La connaissance d'un environnement multisite, du retail, de la franchise, de la restauration ou du secteur des loisirs sera fortement valorisée.
 
Vos qualités:
 
- Aisance relationnelle : Vous aimez le travail transversal et savez naviguer avec diplomatie et leadership auprès d'interlocuteurs variés.
- Rigueur et ténacité : Vous êtes autonome, organisé(e) pédagogue, et savez relancer vos interlocuteurs avec persévérance pour faire avancer vos projets.
- Compétences clés : Maîtrise absolue de la suite Adobe (InDesign, Photoshop, Illustrator). Excellente culture visuelle, sens aigu du détail et compétences en storytelling ou en rédaction.
- Soft Skills : Profil hybride, avec grande capacité d'adaptation, Curiosité, soif d'apprendre, Esprit de synthèse, grande autonomie, capacité à traduire des idées abstraites en concepts visuels percutants et forte sensibilité esthétique, capacité de travail importante.
 
","
CDI

Contrat travail
",35H/semaine,42000.0,48000.0,La tete dans les nuages,1 An(s),CDI,False
214KRBH,https://candidat.pole-emploi.fr/offres/recherche/detail/214KRBH,2026-09-25,Offre d'emploi Data scientist (H/F) - 44 - CARQUEFOU - 214KRBH | France Travail,44 - CARQUEFOU,"Vous aimez le challenge ? Vous souhaitez évoluer ?
U Logistique, société au service des magasins U au plan national, vous propose une expérience professionnelle unique où vous pourrez développer vos talents dans un environnement innovant.


Fier(e) de vos missions !

Intégré(e) au sein du pôle Data/IA, vous concevez, développez et déployez des modèles d'analyses de données et d'intelligence artificielle au service de la performance opérationnelle et de la prise de décision.
Votre rôle consiste à transformer les données brutes en leviers de performance et d'aide à la décision. Dans ce cadre, vous serez chargé(e) de :
Explorer, préparer et structurer les données au sein de notre environnement Google Cloud Plateform (Big query .) et de notre plateforme Dataiku.
Créer des algorithmes et modèles statistiques performants pour répondre aux enjeux stratégiques et opérationnels des métiers.
Assurer le passage en production des modèles et le suivi de leur performance dans le temps.
Travailler en étroite collaboration avec les équipes métiers pour comprendre les besoins, les accompagner dans la prise en main des solutions et documenter les projets.


Vous êtes fait(e) pour cet emploi si...

Vous justifiez d'une première expérience réussie en Data Science.
Curieux et proactif, vous êtes reconnu(e) pour votre pédagogie ainsi que pour votre capacité à convaincre et à accompagner les utilisateurs. 
Vous êtes à l'aise avec la manipulation de données (SQL, Python) et vous connaissez l'environnement Google Cloud ainsi que l'outil Dataiku.
Rigueur, organisation et esprit de synthèse sont autant de qualités qui vous permettront de réussir sur ce poste.


Nous vous proposons :
Un environnement de travail réactif et évolutif 
Une entreprise avec de fortes valeurs humaines, portées par notre Direction à travers notre projet d'entreprise
Des projets passionnants 
Une équipe soudée, avec un fort esprit d'entraide et un réel sens du service,
Une rémunération attractive (fixe + variable, 13ème mois, intéressement, RTT,.)
La possibilité de télétravailler, à raison d'une journée par semaine


Vous vous reconnaissez dans ce portrait ? 
Alors envoyez-nous votre candidature, et venez vous épanouir au sein d'une entreprise humaine et fière de ses valeurs.
Chez U, tout commence avec vous !","
CDI

Contrat travail
","41H/semaine
Travail en journée",unspecified,unspecified,U-logistique,24 Mois,CDI,False
214KHSJ,https://candidat.pole-emploi.fr/offres/recherche/detail/214KHSJ,2026-09-25,Offre d'emploi Data Scientist (H/F) - 71 - MACON - 214KHSJ | France Travail,71 - MACON,"AUM-Biosync est une entreprise innovante spécialisée dans l'analyse de données complexes et la création de solutions scientifiques à forte valeur ajoutée. Nous développons des produits basés sur des modèles explicables, robustes et directement utilisables par nos clients en France et à l'international - notamment des acteurs de la sécurité civile, des services d'urgence et des environnements à horaires atypiques. Dans ce contexte, nous recherchons un(e) Data Scientist passionné(e) par la science, l'innovation et le développement produit.

Votre rôle : 
Vous rejoignez l'équipe R&D au cœur de la stratégie scientifique et produit de l'entreprise.
Votre mission : transformer des données en connaissances, des modèles en solutions concrètes, et des avancées scientifiques en fonctionnalités déployées chez nos clients. Rattaché(e) au Directeur Scientifique et Production, vous interviendrez à la fois sur la recherche, le développement, l'analyse de données, la réalisation d'études et l'accompagnement client.

Vos missions principales :
Vous contribuerez au développement scientifique et produit d'AUM-Biosync en analysant des données clients, prospects ou internes pour concevoir des modèles prédictifs explicables et fiables. Vous participerez à la création d'algorithmes, de prototypes et d'outils intégrés dans nos produits, tout en prenant part à l'évolution des fonctionnalités, à l'amélioration des pipelines et à l'intégration des modèles. Votre rôle inclura aussi une veille scientifique régulière ainsi que la documentation et la présentation de vos travaux.
Vous interviendrez auprès de clients français et internationaux - dont des pompiers, équipes de sécurité civile et professionnels soumis à des contraintes opérationnelles fortes - pour comprendre leurs besoins, analyser leurs données et proposer des solutions adaptées. Vous réaliserez des études complètes, du cadrage à la modélisation, en rédigerez les rapports et présenterez vos résultats lors de réunions, ateliers ou webinaires. Vous contribuerez également à la co-construction de nouvelles fonctionnalités produit basées sur les retours terrain.
Enfin, vous participerez à la valorisation scientifique de l'entreprise : publications, communications, formations internes et représentation d'AUM-Biosync lors d'événements professionnels.

Profil recherché
Nous recherchons un(e) Data Scientist rigoureux(se), curieux(se) et orienté(e) produit, avec une solide maîtrise des méthodes statistiques, du machine learning explicable et des langages de programmation courants. Une expérience dans des environnements exigeants (sécurité civile, milieux du soin, milieux extrêmes ou horaires atypiques) est un atout précieux comprendre nos clients et leurs contraintes.
Aisance en français et anglais indispensable ; l'allemand est un plus.

Pourquoi nous rejoindre ?
Vous occuperez un rôle stratégique au cœur de la R&D et du développement produit, dans une entreprise où la Data Science est un moteur. Vous travaillerez en interaction directe avec des clients français et internationaux, bénéficierez d'un programme de formation continue structuré et profiterez de réelles perspectives d'évolution.

Intéressé(e) ?
Envoyez-nous votre CV et quelques lignes sur ce qui vous motive à rejoindre AUM-Biosync à rh@aum.bio. Nous serons ravis d'échanger avec vous.","
CDI

Contrat travail
","35H/semaine
Travail en journée",unspecified,unspecified,Aum biosync,Débutant accepté,CDI,True
7399396,https://candidat.pole-emploi.fr/offres/recherche/detail/7399396,2026-09-25,Offre d'emploi Dévelopeur IA Data scientist expérience bancaire (IT) / Freelance (H/F) - 75 - Paris - 7399396 | France Travail,75 - Paris,"Au sein de la plateforme Bancarisation et Epargne, l?équipe Agile ?Souscriptions Digitales? a en responsabilité la mise en ?uvre de parcours digitalisés, simples et intuitifs pour nos clients et prospects des réseaux Banque Populaire et Caisse d?Epargne. Cette équipe produit travaille en collaboration étroite avec les équipes métier de l?entité Digital et Payment de BPCE.

Au c?ur de cette équipe produit d'une vingtaine de personnes, nous recherchons un/une développeur/développeuse IA pour une squad pluridisciplinaire composée de 4 personnes et encadrée par un Scrum Master et une Tech Lead.

Afin de lancer des travaux d'IA Conversationnelle dans notre Squad Epargne, nous recherchons un/une développeur/développeuse IA qui aura pour mission de :
? construire les composants techniques permettant de mettre en place un POC d'agent Epargne afin d'en valider sa pertinence
? participer aux choix techniques et de solutions permettant de répondre aux besoins métiers dans un environnement dont le socle se construit
? faire monter en compétences les autres développeurs et développeuses de la squad sur les solution d'IA conversationnelle
? documenter les solutions IA construites
? Participer aux mises en production autour des outils et principes DevOps (XLR, XLD).



Profil candidat:
- Développement Python et Java Springboot
- XL Deploy / XLRelease, jenkins, Bitbucket
- Une expérience sur le développement d'agent conversationnel
- Une connaissance opérationnelle du framework Google ADK
- Une connaissance des enjeux de sécurité, de conformité et de gouvernance propres à un environnement bancaire sera appréciée : protection des données sensibles, traçabilité des prompts et réponses, auditabilité des traitements, contrôle des accès, journalisation, gestion des secrets, cloisonnement des usages et maîtrise des flux vers les modèles IA
- Vous devrez démontrer une bonne connaissance des pratiques LLMOps : évaluation de la qualité des réponses, mesure des hallucinations, suivi des coûts et de la latence, observabilité des traces agentiques, versioning des prompts, modèles et jeux de tests, ainsi que mise en place de mécanismes de supervision et de feedback.
- Travail en équipe agile
- Adaptation rapide et autonomie","
CDI

Contrat travail
",unspecified,143000.0,156000.0,Unspecified,Débutant accepté,CDI,True
7399336,https://candidat.pole-emploi.fr/offres/recherche/detail/7399336,2026-09-25,Offre d'emploi Data Scientist  IA & Machine Learning (IT) / Freelance (H/F) - 92 - Issy-les-Moulineaux - 7399336 | France Travail,92 - Issy-les-Moulineaux,"Au sein de l'équipe Data science & Analytics de la DSI, vous interviendrez sur un projet stratégique complexe mêlant intelligence artificielle, développement de pipelines Data, conception d'algorithmes et industrialisation de solutions.

Votre rôle

Modélisation prédictive, optimisation et IA générative

 Cadrer les nouveaux projets avec les parties prenantes

 Extraire, explorer, analyser, synthétiser et transformer les données

 Créer des modèles prédictifs en garantissant leur adéquation avec le cahier des charges

 Développer des traitements complexes de données, des pipelines de construction de modèles prédictifs et des algorithmes de résolution de problèmes d?optimisation

 Concevoir des graphes et des harnais d?agents basés sur l?IA générative

Industrialisation des modèles et pipelines Data / IA

 Développer, déployer et monitorer des services numériques fiables et capables de passer à l?échelle

 Intégrer, tester et maintenir les traitements, pipelines, modèles et composants développés

 Identifier les solutions techniques les plus pertinentes en termes de stockage, de traitement distribué et de modélisation

 Contribuer aux choix d?architecture et de technologies à court, moyen et long terme

Adoption des solutions Data / IA et valorisation des résultats

 Accompagner les utilisateurs avant, pendant et après les déploiements des services pour faciliter leur adoption

 Présenter les résultats des études et projets à la hiérarchie, aux filiales et aux différentes communautés IT et métiers du Groupe







Profil candidat:
Votre profil

Compétences techniques :

 Maitrise de Python et SQL

 Maîtrise des méthodes de Machine Learning / statistiques : scikit-learn, clustering, Deep Learning

 Bonne connaissance des LLM et de l?IA générative

 Maîtrise de Git

 Bonne connaissance de Kubernetes

 Technologies complémentaires : Parquet, S3, Docker, GitLab, CI/CD, Bash, Airflow, Kafka, Spark, Prometheus, Grafana, loki

Qualités personnelles :

 Rigueur et fiabilité pour garantir la qualité des traitements, modèles et résultats produits

 Organisation et autonomie pour gérer des sujets complexes

 Esprit d?équipe

 Force de proposition et curiosité technique pour identifier des solutions pertinentes, challenger les approches existantes et proposer de nouvelles pistes

___

Type de contrat : CDI ou Portage ATLANSE Solutions

Niveau d?expérience : à partir de 2 ans d?expérience / plusieurs niveaux de séniorité sont recherchés : de 2 à 5 ans et de 6 à 9 ans.

Secteur : Livraison de colis / transport

Localisation : Ile de France

Langues : français et anglais courant exigés

___","
CDI

Contrat travail
",unspecified,104000.0,143000.0,Unspecified,Débutant accepté,CDI,True
7380936,https://candidat.pole-emploi.fr/offres/recherche/detail/7380936,2026-09-25,Offre d'emploi Data Scientist (H/F) - 69 - Lyon 1er Arrondissement - 7380936 | France Travail,69 - Lyon 1er Arrondissement,"Depuis sa création, KLANIK s'est donnée pour mission de conjuguer expertise technologique et authenticité.
Ce pari audacieux, né à Marseille en 2011, en France, s'est transformé en une aventure internationale qui compte aujourd'hui plus de 800 collaborateurs, des implantations dans 10 pays et des filiales innovantes. Nous rejoignons en 2026 le groupe ALTEN, acteur mondial de l'ingénierie et des services numériques.

Notre rôle : recruter les meilleurs talents & les connecter à nos clients pour les accompagner dans leurs projets digitaux. KLANIK est une société de conseil en informatique structurée autour de 5 pôles d'expertises : Data & IA, DevOps Cloud Infra, Cybersécurité, Software, Produit Agilité Pilotage.
Nos 800 talents ont des profils variés : tech (nos pôles d'expertises), opérationnels (fonctions commerciales et recrutement) et support.

Au?delà des métiers, KLANIK cultive un modèle profondément humain, qui dépasse les frontières : de la Belgique à la Colombie, nos valeurs résonnent. Une culture fondée sur le partage, l'exigence et la bienveillance - un collectif où chacun peut trouver sa place. En témoignent nos filiales :
- Klanik Esport : club Esport & agence de gamification;
- Korner : incubateur de startups tech;
- Kampus : organisme de formation certifié Qualiopi
- l'Act'In Klanik, rôles qui permettent à nos collaborateurs de faire vivre leurs passions au-delà de leurs missions.

Notre culture est résumée par cette phrase, souvent apposée sous notre logo : Human-Made Technology. La tech oui, mais une tech humaine, qui diffuse un modèle où l'authenticité de chacun est la priorité.
KLANIK, en tant que société à mission, croit en la force de la diversité et de l'inclusion. Nos recrutements sont fondés sur les compétences, sans distinction d'origine, d'âge ou de genre, et tous nos postes sont ouverts aux personnes en situation de handicap. Nous sommes convaincus que la diversité de nos équipes est une force qui contribue à notre succès.

Le poste : 

Rejoignez une équipe engagée dans l'amélioration continue des chaînes communicantes et la valorisation des données pour optimiser leur exploitation. Vous interviendrez sur des sujets à fort impact, mêlant performance, supervision et innovation.

Vos missions principales :
- Analyser le fonctionnement des chaînes communicantes 
- Modéliser leur comportement nominal
- Développer des outils de supervision en temps réel et de détection automatique d'anomalies
- Encadrer des Data Scientists juniors et participer aux revues de code
- Contribuer aux orientations techniques du projet

Activités complémentaires :
- Industrialiser les prototypes dans les outils de supervision
- Assurer une veille technologique sur les outils et méthodes
- Partager vos connaissances et former vos pairs
- Participer à la conception de solutions sécurisées pour le traitement de volumes de données

Profil recherché : 

Compétences techniques : 
- Python 3 (impératif) : maîtrise des librairies Pandas, Polars, scikit-learn'
- Modélisation prédictive & détection d'anomalies : anticipation des risques et optimisation des performances
- Big Data : PySpark, gestion de pipelines de données à grande échelle
- Bases de données : SQL / PostgreSQL, solutions de stockage optimisées
- Visualisation & restitution : Tableau Software, PowerBI
- Analyse de séries temporelles
- Analyse de graphes : GNN, théorie des graphes
- Outils de versioning & déploiement : GitLab
- Connaissances UX/UI et des bases de l'agilité

Soft skills & posture :
- Capacité à proposer des solutions scalables, lisibles et sécurisées pour les équipes Data
- Esprit critique et sens de l'optimisation des ressources
- Capacité à vulgariser les approches techniques auprès de profils non techniques
- Autonomie, rigueur et esprit collaboratif","
CDI

Contrat travail
",unspecified,unspecified,unspecified,Klanik,5 An(s),CDI,False
7379930,https://candidat.pole-emploi.fr/offres/recherche/detail/7379930,2026-09-25,Offre d'emploi Data Scientist expérimenté (démarrage 1/1/27) - Freelance (H/F) - 69 - Lyon - 7379930 | France Travail,69 - Lyon,"Taux journalier (TJM): 480

Description du besoin :
Client : Enedis
Poste : Data Scientist expérimenté
Expérience : 4 ans minimum
Localisation Lyon
Nombre de jours de Télétravail : 2
Démarrage : 01/01/2027
Durée mission : 6 mois fermes, renouvelables par tranches optionnelles de 6 mois chacunes

Contexte :

Au sein du Pôle Nex'Us de la DSI d'Enedis. Nex'Us a en charge l'ensemble des chaines communicantes, à savoir :
- CCMA : chaîne communicante du marché de masse (Linky).
- CCMA : chaine communicante du marché d'affaires (Linky pour les industriels)
- IOT : ensemble de capteurs communicants donnant des informations clés sur le réseau de distribution (exemple : capteur de niveau des réservoirs des groupes électrogènes des hôpitaux)
- I3C : les postes sources

Le Groupe Actifs Réseau et Maintenance du Pôle SI Chaines Communicantes d'Enedis réalise des études et des produits data innovants sur des sujets tels que la maintenance prédictive, la mobilité électrique, les charges sur le réseau.
La durée de la prestation sera de six (6) mois fermes à compter de la date de commande. Elle pourra être reconduite par périodes optionnelles de six (6) mois maximum jusqu'à la fin du marché.

Description du profil :

Profil capable de s'adapter à l'environnement technique du département S&D et aux pratiques de l'équipe qu'il va rejoindre

- Capacité d'appui au pilotage technique des études data (de la stratégie d'étude au suivi de la roadmap court terme)
- Disposant d'un bon sens de l'organisation et de la rigueur
- Capacité de synthétiser ses travaux pour communiquer efficacement à ses commanditaires
- Une expérience d'au moins 4 ans en tant que Data Scientist est requise.

Activité principale :

Le profil sera amené à assurer les activités suivantes :

- Participer aux ateliers avec les experts métier et les représentants utilisateurs afin de recueillir les besoins, comprendre les données et identifier les cas d'usage à forte valeur ajoutée.
- Sous la supervision du chef de produit, contribuer à la définition de la stratégie d'étude, à la priorisation des sujets et à l'élaboration de la feuille de route, puis piloter la réalisation des études.
- Assurer le lien entre les équipes métier et les équipes Data afin de garantir une bonne compréhension des besoins et leur traduction en solutions analytiques adaptées.
- Contribuer à la conception fonctionnelle des besoins métier et à leur intégration au sein du système d'information.
- Concevoir, développer et maintenir les traitements de données nécessaires aux analyses et aux modèles de Data Science.
- Réaliser des études statistiques et des analyses de données avancées pour répondre aux problématiques métier.
- Développer des outils de visualisation de données et des tableaux de bord facilitant l'analyse et l'aide à la décision.
- Présenter les résultats des études sous forme de synthèses, rapports d'analyse et restitutions adaptées aux différents interlocuteurs.
- Assurer la diffusion et la vulgarisation des résultats auprès des parties prenantes métier et techniques.
- Documenter les traitements, analyses et méthodes afin de favoriser leur industrialisation et leur maintenabilité.
- Assurer le suivi de l'industrialisation, le maintien en condition opérationnelle et l'amélioration continue des traitements en production.

Activité secondaire :

- Assurer une veille technologique sur les outils, méthodologies et bonnes pratiques utilisés au sein du projet et de l'écosystème Data.
- Contribuer à l'amélioration continue des pratiques de l'équipe en participant à la rédaction, au partage et à la diffusion des guides de bonnes conduites.
- Participer activement aux cérémonies Agile de l'équipe.

Stack technique du projet :

- Python
- PostgreSQL
- Teradata
- Spark (Hadoop)
- GitLab CI
- PowerBI
- Jira / Confluence / Bitbucket
- Git

Compétences attendues sur le profil :

Compétences techniques

- Maîtrise de Python et de ses principales bibliothèques dédiées au traitement, à l'analyse et à","
Profession libérale

Emploi non salarié
",unspecified,unspecified,unspecified,Collective.work,Débutant accepté,Profession libérale,True
7378602,https://candidat.pole-emploi.fr/offres/recherche/detail/7378602,2026-09-25,Offre d'emploi Data scientist h/f (H/F) - 77 - Montereau-sur-le-Jard - 7378602 | France Travail,77 - Montereau-sur-le-Jard,"Dans le cadre du développement de son activité, nous recherchons pour notre client, spécialisé dans le secteur de l'aéronautique, un.e Data scientist à MONTEREAU SUR LE JARD - 77950 en contrat d'intérim de 3 mois. Le.la candidat.e idéal.e devra justifier d'une expérience de 2 à 5 ans, d'une formation BAC+5.

Les missions seront les suivantes?: 
- Mise en format de données pour les centraliser en BDD exploitables?; 
- Mettre en place des outils et de visualisation et d'analyse de données pour en extraire la valeur ; ---   - Construire des modèles de machines learning ou deep learning selon le besoin final ; 
- Valider ces modèles et les présenter aux experts et acteurs du département Déployer ces modèles de manière pérenne ; 
- Participer à la rédaction de rapports de synthèse.

Développement informatique Python, interfaces graphiques (Dashboard) 
Maîtrise des techniques de data science (machine learning, deep learning) et outils/langages ad hoc 
Développement informatique collaboratif : git Informatique?: environnement Windows

Vous disposerez aussi des avantages CRIT : 
- Taux horaire fixe + 10% fin de mission + 10% congés payés.
- Compte Epargne Temps (CET) déblocable à tout moment.
- Acompte de paie hebdomadaire si besoin.
- Aides diverses (via FASTT) : mutuelle, logement, garde d'enfants, etc.
- Application My Crit pour un suivi facile.
- Comité Social et Économique (CSE) : cartes cadeaux, remboursement chèques vacances, etc.","
Intérim - 3 Mois

Contrat travail
",unspecified,unspecified,unspecified,Unspecified,Expérience exigée,Intérim - 3 Mois,False
7378283,https://candidat.pole-emploi.fr/offres/recherche/detail/7378283,2026-09-25,Offre d'emploi Digital Twin Data Scientist H/F - 38 - Grenoble - 7378283 | France Travail,38 - Grenoble,"POSTE : Digital Twin Data Scientist H/F
DESCRIPTION : 
Dans un contexte de forte croissance, nous recherchons un Digital Twin Data Scientist.
 
Vos principales missions seront :
 
- Constituer et structurer une base de données à partir des données issues de l'usine 300 mm ;
- Contrôler et valider la qualité des données afin d'en garantir la fiabilité ;
- Nettoyer, filtrer et transformer les données afin d'éliminer les informations inutiles ou redondantes ;
- Concevoir les schémas d'alimentation et les flux de données nécessaires au fonctionnement du Digital Twin ;
- Mettre en place des contrôles automatisés pour assurer la qualité et la cohérence des données dans le temps ;
- Collaborer étroitement avec les équipes de production afin de comprendre leurs données d'entrée et de sortie ;
- Traduire les besoins et les données métiers en modèles et structures numériques, afin de les rendre exploitables dans l'environnement Digital Twin.
 

 
-  Lieu : Grenoble
-  Ce que nous offrons : Tickets restaurant pris en charge à 60%, remboursement à 50 % des transports en commun, forfait mobilité durable, prime de participation, PEE/PERCOG et prime de vacances
-  Rémunération : à partir de 38K€, à définir selon profil
-  Contrat : CDI
 

PROFIL : 
- 3 à 5 ans d'expérience professionnelle dans un environnement industriel, data ou manufacturing ;
- Une expérience terrain, idéalement acquise au sein d'un environnement de production ;
- Une bonne connaissance des procédés de fabrication (FAB) ou des processus de manufacturing ;
- Une expérience dans la conception et la mise en place d'un jumeau numérique (Digital Twin), de la collecte et structuration des données jusqu'à leur intégration dans le modèle numérique ;
- Une capacité à comprendre, structurer, fiabiliser et exploiter des données industrielles ;
- Une capacité à faire le lien entre les données issues de la production et leur représentation numérique ;
- Un bon relationnel et une capacité à échanger avec des interlocuteurs techniques et opérationnels ;
- Un anglais professionnel, à l'écrit comme à l'oral.
 
","
CDI

Contrat travail
",35H/semaine,unspecified,unspecified,Andrice,1 An(s),CDI,False
7376831,https://candidat.pole-emploi.fr/offres/recherche/detail/7376831,2026-09-25,Offre d'emploi Data Scientist H/F - 69 - Lyon 1er Arrondissement - 7376831 | France Travail,69 - Lyon 1er Arrondissement,"POSTE : Data Scientist H/F
DESCRIPTION : Rejoignez une équipe engagée dans l'amélioration continue des chaînes communicantes et la valorisation des données pour optimiser leur exploitation. Vous interviendrez sur des sujets à fort impact, mêlant performance, supervision et innovation.  
  
Vos missions principales :  
- Analyser le fonctionnement des chaînes communicantes   
- Modéliser leur comportement nominal  
- Développer des outils de supervision en temps réel et de détection automatique d'anomalies  
- Encadrer des Data Scientists juniors et participer aux revues de code  
- Contribuer aux orientations techniques du projet  
  
Activités complémentaires :  
- Industrialiser les prototypes dans les outils de supervision  
- Assurer une veille technologique sur les outils et méthodes  
- Partager vos connaissances et former vos pairs  
- Participer à la conception de solutions sécurisées pour le traitement de volumes de données
 Double accompagnement RH & Business  Projets tech variés et à forte valeur ajoutée  Formation continue & communautés d'experts  Forte culture humaine & RSE  Groupe en croissance, en France et à l'international  Tickets restaurant  Prime de participation  Rémunération variable selon l'investissement et l'engagement  Avantages via le CE
PROFIL : Compétences techniques :   
- Python 3 (impératif) : maîtrise des librairies Pandas, Polars, scikit-learn  
- Modélisation prédictive & détection d'anomalies : anticipation des risques et optimisation des performances  
- Big Data : PySpark, gestion de pipelines de données à grande échelle  
- Bases de données : SQL / PostgreSQL, solutions de stockage optimisées  
- Visualisation & restitution : Tableau Software, PowerBI  
- Analyse de séries temporelles  
- Analyse de graphes : GNN, théorie des graphes  
- Outils de versioning & déploiement : GitLab  
- Connaissances UX/UI et des bases de l'agilité  
  
Soft skills & posture :  
- Capacité à proposer des solutions scalables, lisibles et sécurisées pour les équipes Data  
- Esprit critique et sens de l'optimisation des ressources  
- Capacité à vulgariser les approches techniques auprès de profils non techniques  
- Autonomie, rigueur et esprit collaboratif","
CDI

Contrat travail
",35H/semaine,47000.0,55000.0,Klanik,8 An(s),CDI,False
7374035,https://candidat.pole-emploi.fr/offres/recherche/detail/7374035,2026-09-25,Offre d'emploi Ingénieur Data Scientist Confirmé - Industrie - Lyon H/F - 69 - Lyon 7e Arrondissement - 7374035 | France Travail,69 - Lyon 7e Arrondissement,"POSTE : Ingénieur Data Scientist Confirmé - Industrie - Lyon H/F
DESCRIPTION : 
Nous recrutons un.e Ingénieur.e Data Scientist confirmé.e pour rejoindre notre BU INDUSTRIE au sein de l'agence Data & Process Intelligence, spécialisée dans l'accompagnement de nos clients dans leurs problématiques associées à la transformation digitale. Nos offres se déclinent autour de la data intelligence & de la maintenance prédictive, de la digitalisation des processus industriels et du SI Métiers.
 
Vos missions :
 
- Contribuer aux activités de conseil en Intelligence Artificielle :
    - Compréhension du besoin
    - Proposition de solutions techniques - architectures
    - Réalisation de missions d'audit
    - Accompagnement dans la mise en place des décisions stratégiques du client
- Participer à la réalisation de maquettes et d'industrialisation de projet d'IA
    - Machine Learning
    - Deep Learning
    - IA Générative
    - LLM, RAG
    - Computer vision
 
Environnement technique :
 
- Python
- SQL
- Cloud : AWS, Azure ou GCP
- Git
 

 
Rejoignez une entreprise où l'humain, l'innovation et l'impact se rencontrent.  
   
 Chez CS, nous vous proposons :
 
- Une  expérience collaborateur enrichissante , portée par un environnement de travail conçu pour favoriser la flexibilité, l'autonomie et le bien-être au quotidien.
- Un  parcours d'intégration complet  pensé pour embarquer chaque talent dès le premier jour et une Académie pour développer vos compétences, enrichir votre expertise et construire les parcours professionnels qui vous ressemblent.
- Un engagement sociétal fort  : plus de 3 000 associations soutenues, une politique handicap active, une culture inclusive, une démarche de numérique responsable, et des partenariats comme Elles bougent pour inspirer les talents féminins de demain.
 
et bien d'autres avantages à découvrir en nous rejoignant !
 
Notre singularité ?  L'alliance unique entre expertise technologique, projets critiques et engagement humain. Entreprise innovante et responsable, nous construisons un environnement éthique, inclusif et tourné vers l'avenir. Ouverts à tous les talents, nous croyons que la diversité est une richesse.
 
LA SUITE DES ÉVÉNEMENTS  :
 
Si votre profil correspond, vous serez invité.e à un entretien technique avec l'un de nos Responsables opérationnels, pour échanger sur vos compétences et votre vision du métier.  
   
 Vous rencontrez ensuite Emeline, notre Chargée de recrutement, pour un moment d'échange autour de votre parcours, de vos aspirations et de notre culture d'entreprise.  
   
 Enfin, parce que nous valorisons la transparence et le respect, nous nous engageons à vous faire un retour personnalisé par téléphone, quelle que soit l'issue du processus.
 
#DataScientist #Lyon #GNN
 
Employeur inclusif et engagé, notre société oeuvre chaque jour pour lutter contre toute forme de discrimination et favoriser un environnement de travail respectueux. C'est pourquoi, attachés à la mixité et à la diversité, nous encourageons toutes les candidatures et tous les profils.
 
https://www.soprasteria.fr/nous-connaitre/nos-engagements
 

PROFIL : 
De formation ingénieur ou équivalent universitaire (Bac +5), vous justifiez de 2 ans d'expérience minimum sur un poste similaire, et particulièrement en Machine Learning, Deep Learning et IA Generative.
 
Vous maîtrisez le langage Python, compétence indispensable pour ce poste.   
Vous interviendrez dans le secteur des Energies, même si les compétences dans ce domaine ne sont pas nécessaires.
","
CDI

Contrat travail
",35H/semaine,unspecified,unspecified,Sopra steria,8 An(s),CDI,False
7373387,https://candidat.pole-emploi.fr/offres/recherche/detail/7373387,2026-09-25,Offre d'emploi Data Scientist - Ingénieur Statisticien Risque de Crédit H/F - 75 - Paris 9e Arrondissement - 7373387 | France Travail,75 - Paris 9e Arrondissement,"POSTE : Data Scientist - Ingénieur Statisticien Risque de Crédit H/F
DESCRIPTION : 
Qui sommes nous
 
Le Crédit Mutuel : un employeur différent
 
Comment ? Par son organisation décentralisée qui fait de lui la seule banque coopérative non cotée en bourse de France. Ce qui compte d'abord au Crédit Mutuel, c'est la qualité de la relation avec nos clients qui sont les propriétaires de notre Groupe. Cet objectif fait du Crédit Mutuel la marque préférée des français dans le domaine bancaire depuis 14 ans.
 
Le Crédit Mutuel se singularise également par des valeurs qui constituent l'ADN de l'entreprise depuis plus de 130 ans : une forte autonomie au quotidien avec de réels pouvoirs de décision, de vraies responsabilités. Une entreprise dans laquelle exigence rime avec bienveillance, dans laquelle le mérite par la promotion interne est reconnu et qui offre de véritables perspectives de carrières.
 
Intégrer le Crédit Mutuel, c'est faire partie d'un collectif qui veut réinventer l'expérience client dans de nombreux domaines : la banque, l'assurance, la téléphonie, la location de véhicules ou de vélos, la commercialisation de biens immobiliers, l'informatique, la logistique,  Autant d'activités dans lesquelles vos idées et vos compétences seront mises en valeur.
 
Rejoindre un Groupe fort de ses marques telles que Crédit Mutuel, CIC, la BECM, Cofidis, Euro Information, , c'est faire partie d'une aventure humaine et technologique dans laquelle vous prendrez toute votre place pour construire avec nous le monde de demain.
 
Vos missions
 
Au sein de la Direction des Risques, vous intégrez la structure Etudes & Modèles du Domaine Risque de Crédit en charge notamment de la gouvernance des modèles de risque de crédit et de l'appui méthodologique aux filiales. Le pôle est également en soutien des équipes métiers et réalise, dans ce cadre, les études statistiques nécessaires au pilotage du risque. Vous interviendrez comme Ingénieur Statisticien Risque / Data Scientist sur des projets variés et contribuerez à l'amélioration permanente du dispositif de maitrise du risque de crédit de l'ensemble des entités du Crédit Mutuel Alliance Fédérale.
 
Vos missions consisteront à :
 
- Développer ou valider des modèles statistiques ;
 
- Travailler en étroite collaboration avec les filiales, les Directions des Engagements et Commerciales, mais également avec les équipes informatiques ;
 
- Assurer l'assistance méthodologique aux filiales ;
 
- Réaliser des backtestings ;
 
- Réaliser des études statistiques complexes ;
 
- Participer aux projets d'évolution des outils de suivi ;
 
- Participer à la rédaction et à l'évolution des guides méthodologiques et des procédures-cadres de la structure ;
 
- Assurer une veille méthodologique et réglementaire ;
 
- Assurer la formation et la montée en compétence des juniors ;
 
- Participer aux groupes de travail techniques / comités ;
 
- Suivre les projets confiés.
 
Ce que vous allez vivre chez nous
 
Crédit Mutuel Alliance Fédérale est un acteur engagé et socialement responsable. Le groupe fait le choix d'une politique sociale encourageant le développement des compétences et la promotion interne, d'une protection sociale de haut niveau ainsi qu'une politique volontariste en matière de diversité, d'égalité professionnelle et de l'équilibre des temps de vie pour accompagner ses 75 000 collaborateurs au quotidien.  
  
Concrètement, à la Caisse Fédérale de Crédit Mutuel, nos collaborateurs bénéficient :
 
- d'une prime de participation et d'intéressement pouvant atteindre deux mois de salaire brut en fonction des résultats du groupe
- d'un abondement
- jusqu'à 23 jours de RTT par an
- d'une 6ème semaine de congés payés
- d'un rythme de travail adapté fort d'un nouvel accord QVT groupe qui permet de télétravailler jusqu'à 2 jours par semaine
- d'un accord de Groupe en faveur des salariés en situation de handicap et des salariés proches aidants
- d'une protection sociale renforcée (mutuelle, prévoyance, retraite supplémentaire)
- d'un plan épargne entreprise et PERCO
- d'une politique parentale avantageuse
- de conditions bancaires et assurances préférentielles
- des avantages du CSE
- d'un accès au restaurant d'entreprise ou de tickets restaurant
- d'une prise en charge d'un abonnement de transport en commun à hauteur de 75 % en 2025
- d'un forfait de mobilités durables de 600€ pour les salariés covoiturant ou utilisant régulièrement leur vélo, trottinette électrique ou véhicules d'autopartages
- d'une plateforme interne de covoiturage
- d'un parking éco-responsable, sur le campus de Strasbourg, avec notamment + de 700 places dédiées aux vélos et aux mobilités douces
- d'un accès à plusieurs dispositifs de formation Groupe
- d'un accompagnement pour favoriser la mobilité géographique et fonctionnelle
 
Ce que nous allons aimer chez vous
 
De formation supérieure en statistique (Bac +5 type Ecole d'ingénieurs ou équivalent universitaire), vous justifiez d'une expérience d'environ 5 ans en modélisa","
CDI

Contrat travail
",unspecified,60000.0,70000.0,Caisse federale de credit mutuel,1 An(s),CDI,False
7369992,https://candidat.pole-emploi.fr/offres/recherche/detail/7369992,2026-09-25,Offre d'emploi Senior Data Scientist Search et Recommandations H/F - 35 - Rennes - 7369992 | France Travail,35 - Rennes,"POSTE : Senior Data Scientist Search et Recommandations H/F
DESCRIPTION : 
Chez Hellowork Group, nous développons des solutions digitales au service de l'emploi et de la formation, utilisées chaque jour par des millions de personnes et d'entreprises.
 
La Data Science est au coeur de nos produits : comprendre les profils et les intentions, recommander les offres les plus pertinentes et faciliter la rencontre entre candidats et recruteurs.
 
Dans ce contexte, nous recrutons un-e Senior Data Scientist spécialisé-e en moteurs de recherche, ranking et recommandation.
 
Tu rejoindras une équipe Data Science de 7 personnes aux expertises complémentaires : recommandation, moteurs de recherche, NLP, extraction d'informations dans les CV et les offres, computer vision et systèmes ML complexes.
 
Missions
 
- Search, ranking & recommandation
 
Concevoir et améliorer nos systèmes de recherche, de recommandation et de matching
 
Travailler sur les différentes étapes de la chaîne : retrieval, génération de candidats, scoring et reranking
 
Combiner recherche lexicale, recherche sémantique, embeddings et modèles de Machine Learning
 
Améliorer la personnalisation tout en traitant les enjeux de cold start, de diversité et de biais de position
 
Assurer une veille régulière sur les approches et solutions à l'état de l'art
 
- Industrialisation & MLOps
 
Accompagner les modèles jusqu'à leur mise en production et garantir leur intégration fiable dans les produits
 
Structurer les pratiques MLOps : suivi des expérimentations, versioning, monitoring, alerting et détection des dérives
 
Définir des métriques et des benchmarks permettant d'évaluer la pertinence des modèles avant et après leur déploiement
 
Contribuer à la mise en place de l'A/B testing pour mesurer l'impact réel des évolutions
 
Veiller à la robustesse, à la reproductibilité et à la maintenabilité des systèmes ML
 
- Vision produit & impact collectif
 
Comprendre les enjeux business d'Hellowork et les besoins des équipes Produit pour les traduire en problématiques Data Science pertinentes
 
Relier les performances des modèles aux usages, à l'expérience utilisateur et à l'impact business
 
Collaborer étroitement avec les équipes Produit, Engineering, Data Engineering et BI
 
Porter des sujets complexes de bout en bout et contribuer aux choix techniques et produit structurants
 
Partager tes connaissances et faire progresser les pratiques de l'équipe
 
- Stack & environnement
 
Langages & data : Python, SQL/Mongo/BigQuery/EventHub
 
Search & ranking : Elasticsearch, recherche hybride, learning-to-rank, retrieval et reranking
 
ML & NLP : Hugging Face, LLM, Transformers, embeddings
 
Industrialisation : APIs, Gitlab, CI/CD, tracking et monitoring des modèles
 

 
Ce que nous proposons
 
Un fixe entre 45 K€ et 52 K€ selon ton expérience
 
Une participation aux bénéfices, autour de 5 500 € par an  
Une prime vacances de 400 €
 
Rejoindre Hellowork, c'est aussi profiter :
 
- d'un séminaire annuel, au ski ou au soleil
- de nombreux temps forts internes qui font vivre la culture d'entreprise : Fridays Web, Bingos des Bureaux, C dans l'air, HelloBreakTime, HelloEvent
- du choix de ton matériel de travail : Mac ou PC
- de 2 jours de télétravail par semaine
- de 11 RTT, tickets restaurant, mutuelle
- d'un engagement concret en faveur des mobilités douces, avec une attention particulière portée au vélo
 

PROFIL : 
Tu disposes d'une expérience solide d'au moins 3 ans en Data Science (hors stage) et as déjà travaillé sur un moteur de recherche, de recommandation, de ranking ou de matching utilisé en production.
 
Expertise technique : tu maîtrises plusieurs sujets parmi le retrieval, le learning-to-rank, la personnalisation, les embeddings, le reranking ou le cold start.
 
Culture de l'évaluation : tu sais définir des métriques, construire un benchmark, analyser les erreurs et mesurer l'impact d'une évolution.
 
Vision produit : tu sais relier les performances d'un modèle aux usages et aux objectifs business.
 
Expérience de la production : tu prends en compte la robustesse, la maintenabilité, la latence et le monitoring.
 
Leadership technique : autonome et structuré-e, tu sais porter des sujets complexes, challenger les approches et faire progresser le collectif.
 
Une expérience de l'A/B testing, d'une marketplace ou d'un produit à fort trafic serait particulièrement appréciée.
","
CDI

Contrat travail
",35H/semaine,50000.0,57000.0,Hellowork group,1 An(s),CDI,False
7368470,https://candidat.pole-emploi.fr/offres/recherche/detail/7368470,2026-09-25,Offre d'emploi Data Scientist H/F - 50 - Hague - 7368470 | France Travail,50 - Hague,"POSTE : Data Scientist H/F
DESCRIPTION : Au sein de la Direction Maîtrise des Risques et Expertises (DMRE), le pôle Expertise ouvre un poste de Data Scientist dont les missions principales seront :  
  
 - Collecter des données de conception, d'exploitation et de maintenance à partir de sources multiples de types bases de données, documentations et vidéos, agir également en tant que data steward pour édifier les couches sémantiques requises,   
- Compiler ces données unitaires ou en masse et les structurer en vue d'utilisations variées, selon des cibles choisies,  
- Repérer les irrégularités significatives et assainir les données en vue de la création de modèles prédictifs robustes,  
- Elaborer tous les pré-traitements requis pour obtenir des informations utiles et les post-traitements en fonction des sujets métiers qui vont seront confiés,  
- Modéliser les phénomènes pour répondre aux objectifs visés, aux difficultés à résoudre ou pour les améliorations identifiées,   
- Savoir évaluer et améliorer les performances de modèles d'apprentissage automatique (machine learning),  
- Générer des représentations graphiques pertinentes des données et résultats pour les communiquer aux équipes métiers concernées,  
- Publier pour rendre accessibles des modèles prédictifs vers des utilisateurs en mode local (on-premise) ou en version cloud, via des applications, en profitant des techniques classiques et récentes en IA (machine learning, deep learning, LLM),  
- Établir des recommandations pour orienter les décisions stratégiques de l'entreprise dans le domaine de la valorisation des données (roadmap),  
- Contribuer à des actions d'innovation et de veille technologique, en relation avec d'autres entités du groupe.
PROFIL : Diplômé(e) d'une école d'ingénieur ou d'un Master (Bac +5), vous possédez une première expérience en analyse de données, statistiques ou modélisation.  
  
Vous maîtrisez Python et avez un intérêt pour les technologies d'intelligence artificielle et de machine learning. Une connaissance des frameworks de data science, des outils NoCode, du traitement documentaire (OCR), de la computer vision ou des modèles de type LLM constitue un atout.  
  
Vous appréciez la manipulation de données industrielles complexes, notamment les séries temporelles (""time series""), ainsi que la valorisation des résultats au travers d'outils de visualisation tels que Power BI.  
  
Curieux(se), autonome et doté(e) d'un bon relationnel, vous aimez travailler en lien avec des experts métiers et transformer des données en solutions concrètes pour l'industrie.","
CDI

Contrat travail
",35H/semaine,unspecified,unspecified,Orano,1 An(s),CDI,False
7365725,https://candidat.pole-emploi.fr/offres/recherche/detail/7365725,2026-09-25,Offre d'emploi Data scientist confirmé F/H - 75 - Paris 15e Arrondissement - 7365725 | France Travail,75 - Paris 15e Arrondissement,"Descriptif du poste:\n\nLe Data Scientist Confirmé intègre l'équipe en tant que référent technique/ scientifique, il est chargé d'accompagner les juniors dans leur montée en compétences tout en participant à la réalisation des projets data 360 et IA. Il est également en charge de l'utilisation des technologies Big Data et IA, dans le but d'aider à la prise de décision et faire de la veille technologique sur les architectures Big Data et IA\nVous aurez la responsabilité de :\n- Analyser des données pour traduire une problématique métier en problème mathématique statistique, et réciproquement\n- Anticiper avantages/inconvénients de différents modèles ou méthodes calcul dans environnement métier après comparaison et évaluation de ces modèles\n- Apporter expertise pour exploration/analyse complexe de données au moyen techniques variées : statistiques, analyse texte, comportementale, images\n- Caractériser des données (qualité, richesse, contenu) en vue de leur intégration dans le système d'information cible du métier et créer des algorithmes de recherche de données permettant d'explorer les données utiles\n- Produire des rapports et des représentations graphiques à partir des données pertinentes afin de synthétiser et traduire des informations pour faciliter la prise de décision\n\nProfil recherché:\n\nIngénieur diplômé d'une école spécialisée (ENSAE, ENSAI, Polytechnique.) ou d'un master en data science, vous justifiez de 5 ans d'expérience minimum sur un poste similaire.\nVous êtes doté de solides compétences techniques autour de Python et packages adaptés, Docker, Git.\nVous avez également de très bonnes capacités interpersonnelles et de communication dans le travail quotidien.","
CDD - 36 Mois

Contrat travail
",unspecified,unspecified,unspecified,Agence du numerique de defense,5 An(s),CDD - 36 Mois,False
7365421,https://candidat.pole-emploi.fr/offres/recherche/detail/7365421,2026-09-25,Offre d'emploi Data Scientist Confirmé F/H - 69 - Lyon 7e Arrondissement - 7365421 | France Travail,69 - Lyon 7e Arrondissement,"Descriptif du poste:\n\nSully Group recrute un Data Scientist confirmé pour intervenir sur un projet stratégique à forte dimension data. Au sein d'une équipe pluridisciplinaire, vous participerez au développement et à l'industrialisation de solutions d'analyse de données permettant d'accompagner les métiers dans leurs prises de décision.\nVous évoluerez dans un environnement orienté innovation, où la valorisation des données, l'automatisation des traitements et la qualité des analyses occupent une place centrale.\nVos missions\n* \nConcevoir, développer et maintenir des traitements et modèles d'analyse de données.\n* \nRéaliser l'exploration, la préparation et la transformation de données issues de multiples sources.\n* \nMettre en oeuvre des analyses statistiques et des algorithmes adaptés aux besoins métiers.\n* \nDévelopper des scripts et outils d'automatisation pour fiabiliser les traitements.\n* \nProduire des visualisations et restitutions permettant d'exploiter efficacement les résultats.\n* \nCollaborer avec les équipes métiers afin de comprendre les besoins et proposer des solutions pertinentes.\n* \nParticiper à l'amélioration continue des méthodes, outils et bonnes pratiques data.\nStack technique\n* \nPython\n* \nPandas\n* \nPolars\n* \nNumPy\n* \nMatplotlib\n* \nSQL\n* \nHadoop\nSpark\nPower BI\nGit\nEnvironnements Big Data\n\nProfil recherché:\n\nParlons de vous\nVous justifiez d'au moins 5 ans d'expérience en Data Science et disposez d'une solide expertise sur l'écosystème Python appliqué à la donnée.\nVous maîtrisez impérativement :\n* \nPython\n* \nPandas\n* \nPolars\n* \nNumPy\n* \nMatplotlib\n* \nLes manipulations et traitements de données volumineuses\n* \nLes analyses statistiques et la valorisation de données\n* \nLe développement de pipelines de traitement de données\nNous recherchons avant tout un profil autonome, capable d'intervenir aussi bien sur les aspects techniques que sur les échanges avec les équipes utilisatrices.\nVous appréciez le travail en équipe, faites preuve de rigueur dans vos développements et savez transformer des problématiques métiers en solutions data concrètes et opérationnelles.","
CDI

Contrat travail
",unspecified,unspecified,unspecified,Sully group,Débutant accepté,CDI,True
7364413,https://candidat.pole-emploi.fr/offres/recherche/detail/7364413,2026-09-25,Offre d'emploi Manager Data Scientist - Network Product & Services - Paris - F/H - 75 - Paris 8e Arrondissement - 7364413 | France Travail,75 - Paris 8e Arrondissement,"Descriptif du poste:\n\nLe/La Manager Data Scientist est rattaché.e au Directeur Network Products and Services et participe à des projets stratégiques au sein de l'organisation réseau d'Iliad Free.\n\n  Vous êtes responsable du pilotage Data de bout en bout pour Network Automation : vision, roadmap, priorisation, delivery et adoption, au service des métiers réseau.\n\nVous managez l'équipe Data (Data Scientists + Data Engineers), avec un focus fort sur :\n\n \n* la transformation des besoins métiers en data products / insights actionnables ;\n \n* l'industrialisation ;\n \n* La production des solutions d'intelligence artificielle (ML, recherche opérationnelle, digital twin, etc.) pour adresser les cas d'usage pertinents ;\n \n* une approche work backwards orientée impact réel (abonné / opérations).\n\n\nLes missions :\n\n \n* Vous managerez une équipe Data (DS + DE), en assurant son développement, sa productivité et son organisation ;\n \n* Vous recueillerez puis prioriserez les besoins métiers (ops/réseau) en reporting, dashboarding et analyses, et les intégrerez dans la roadmap de votre équipe ;\n \n* Vous structurerez la collecte de données réseau et son automatisation par ETL (sources multi-domaines, normalisation, historisation, data quality) ;\n \n* Vous identifierez puis mènerez des cas d'usage Data Science appliqués aux opérations réseau (ex. détection d'anomalies, corrélation, RCA assistée, forecasting, optimisation), en vous appuyant sur des techniques de machine learning, de recherche opérationnelle ou encore d'IA générative ;\n \n* Vous serez une référence (technique et méthodologique) sur vos sujets, capable d'animer l'équipe et de contribuer à la communauté data du groupe ;\n \n* Vous contribuerez à la définition de la stratégie et roadmap data, avec une approche orientée adoption et impact ;\n \n* Vous assurerez l'alignement des DE sur la roadmap Data réseau (management direct des Data Engineers), en coordination avec les référents/lead Data Engineering group sur les choix techniques et l'industrialisation.\n\n\nPrincipaux sujets :\n\n \n* Smart NOC, indicateurs opérationnels, corrélation, criticité/impact abonnés, master tickets, alerting ;\n \n* IA appliquée aux opérations : détection d'anomalies, RCA assistée, recommandations, forecasting et plateforme de supervision agentique ;\n \n* Industrialisation des pipelines data : fiabilité, monitoring, run, performance.\n\n\nProfil recherché:\n\nBac+5 ou ou équivalent dans le domaine de la data (école d'ingénieur, écoles spécialisées, formation universitaire avec une spécialisation sciences des données).\n\nHard-skills :\n\n \n* 8+ ans d'expérience en Data Science et pilotage de sujets data (vision/roadmap/exécution) ;\n \n* Expérience avérée en management (équipe pluridisciplinaire idéalement) ;\n \n* Excellente maîtrise des fondamentaux data : Python / SQL, data modelling, qualité, pipelines, industrialisation ;\n \n* Très bonne culture ""production"" : fiabilité, observabilité, documentation ;\n \n* Expert en machine learning et/ou RO et/ou IA générative ;\n \n* Capacité à cadrer des cas d'usage IA de bout en bout (hypothèses, métriques, MVP, validation, adoption) ;\n \n* I heard you speak English? This will be a real strength in an international group.\n\n\nSoft-skills  :\n\n \n* Leadership pragmatique, orienté résultats, priorisation, arbitrage, exécution ;\n \n* Capacité à travailler en transverse et à embarquer les métiers (NOC/ops) : écoute, cadrage, communication simple ;\n \n* Capacité à rendre l'équipe plus forte : délégation, coaching, feedback, exemplarité ;\n \n* Curiosité, esprit d'initiative, capacité à avancer dans un contexte parfois flou et à construire un cadre progressivement.\n","
CDI

Contrat travail
",unspecified,unspecified,unspecified,Iliad - free,8 An(s),CDI,False
7363411,https://candidat.pole-emploi.fr/offres/recherche/detail/7363411,2026-09-25,Offre d'emploi Data scientist F/H - 75 - Paris 1er Arrondissement - 7363411 | France Travail,75 - Paris 1er Arrondissement,"Descriptif du poste:\n\nLe Data Scientist intègre l'équipe en tant que référent technique/ scientifique, il est chargé d'accompagner les juniors dans leur montée en compétences tout en participant à la réalisation des projets data 360 et IA. Il est également en charge de l'utilisation des technologies Big Data et IA, dans le but d'aider à la prise de décision et faire de la veille technologique sur les architectures Big Data et IA.\nVous aurez la responsabilité de :\n- Analyser des données pour traduire une problématique métier en problème mathématique statistique, et réciproquement\n- Anticiper avantages/inconvénients de différents modèles ou méthodes calcul dans environnement métier après comparaison et évaluation de ces modèles\n- Apporter expertise pour exploration/analyse complexe de données au moyen techniques variées : statistiques, analyse texte, comportementale, images\n- Caractériser des données (qualité, richesse, contenu) en vue de leur intégration dans le système d'information cible du métier et créer des algorithmes de recherche de données permettant d'explorer les données utiles\n- Produire des rapports et des représentations graphiques à partir des données pertinentes afin de synthétiser et traduire des informations pour faciliter la prise de décision.\n\nProfil recherché:\n\nDe formation BAC +5, Ingénieur diplômé d'une école spécialisée (ENSAE, ENSAI, Polytechnique.) ou d'un master en data science, vous justifiez de 5 ans d'expérience minimum sur un poste similaire.\nVous êtes doté de solides compétences techniques autour de Python et packages adaptés, Docker, Git.\nVous avez également de très bonnes capacités interpersonnelles et de communication dans le travail quotidien.","
CDD - 36 Mois

Contrat travail
",unspecified,unspecified,unspecified,Agence du numerique de defense,5 An(s),CDD - 36 Mois,False
7358936,https://candidat.pole-emploi.fr/offres/recherche/detail/7358936,2026-09-26,Offre d'emploi Data Scientist Senior / Chercheur ML (H/F) (CDI) - 13 - Marseille - 7358936 | France Travail,13 - Marseille,"Marseille (13) - Hybride, 2 jours par semaine sur site - Démarrage octobre 2026 - CDI

Qui sommes-nous ?

Visian Azur, filiale du Groupe Neurones, est un cabinet de conseil spécialisé en Data et Intelligence Artificielle, implanté à Marseille. Nous accompagnons de grands comptes de la région sur leurs projets data les plus ambitieux.

Vos missions

Vous concevrez et intégrerez deux modules spécialisés au sein d'un framework agentique de recherche et d'expérimentation en Machine Learning.

Module Event Forecasting : intégrer des événements externes dans des prévisions de séries temporelles.

Découvrir et représenter les événements, modéliser leur probabilité, date, durée, intensité, direction, incertitude et impact

Construire des scénarios (sans événement, central, optimiste, pessimiste, stress) à partir de méthodes statistiques, ML et Deep Learning

Garantir l'absence de fuite temporelle en tenant compte strictement de la date de publication des données

Valider les résultats par des tests placebo, des backtests événementiels et une comparaison à un modèle de référence sans événements

Module IoT et détection de pannes : maintenance prédictive sur les données capteurs de sites industriels connectés.

Détecter précocement les anomalies et les signaux précurseurs de panne

Estimer la probabilité de panne et la durée de vie utile restante (RUL)

Traiter des séries temporelles multivariées réelles : données manquantes, bruit, changements de régime

Mobiliser des approches supervisées, non supervisées, de détection d'anomalies et d'analyse de survie

Assurer la généralisation à de nouveaux équipements et produire des alertes explicables et hiérarchisées

Transverse

Définir les protocoles expérimentaux, jeux de tests et modèles de référence

Produire un code versionné, testé et documenté, avec guide de prise en main

Présenter régulièrement les résultats et assurer le transfert de connaissances aux équipes internesVotre profil

Vous avez un profil de chercheur appliqué : la rigueur des protocoles expérimentaux vous tient autant à c?ur que la qualité de votre code.

Bac+5 minimum en informatique, mathématiques appliquées ou data science ; un doctorat est un atout majeur

Au moins 5 ans d'expérience en Machine Learning appliqué

Solide expertise en séries temporelles, détection d'anomalies, maintenance prédictive et Deep Learning

Expérience sur des données capteurs ou IoT industrielles, idéalement acquise dans l'aéronautique, la défense, l'énergie ou l'industrie

Maîtrise de Python et d'un framework ML/DL majeur (PyTorch, TensorFlow?)

Code robuste, documenté, testé et intégrable dans un framework existant

Capacité à communiquer aussi bien avec des équipes techniques que métier

Les plus qui feront la différence

Expérience des architectures agentiques ou multi-agents

Développement de composants custom sous Dataiku

Pratiques MLOps et environnement cloud

Publications scientifiques, transfert technologique ou mise en production de travaux de recherche","
CDI

Contrat travail
",unspecified,unspecified,unspecified,Free-work,Expérience exigée,CDI,False
7358663,https://candidat.pole-emploi.fr/offres/recherche/detail/7358663,2026-09-26,Offre d'emploi Data Scientist / Data Analyst (H/F) (CDI) - 75 - Paris - 7358663 | France Travail,75 - Paris,"Bonjour à tous 

Notre client recherche actuellement un(e) Data Scientist / Data Analyst orienté(e) Data Science pour rejoindre son équipe Data Science & Insights.

 Le contexte

L?équipe travaille sur différentes problématiques autour de la donnée client : compréhension des comportements, analyse des offres et campagnes, scoring, segmentation, prévention, suivi réglementaire?

L?objectif est simple : transformer les données en analyses et recommandations concrètes pour aider les équipes métiers dans leurs prises de décision.

 Vos missions :

? Recueillir et comprendre les besoins métiers

? Préparer, nettoyer et analyser les données sur de gros volumes

? Réaliser des analyses statistiques et du datamining

? Construire des features et développer des modèles de Data Science

? Travailler sur des sujets de scoring, segmentation et analyse comportementale

? Analyser les résultats et formuler des recommandations business

? Automatiser les traitements récurrents

? Collaborer avec les équipes Data et BI

? Restituer et vulgariser les résultats auprès des métiers

? Documenter les travaux réalisés

 Les indispensables :

? 3 ans minimum d?expérience professionnelle hors stage et alternance

? Data Science / Datamining

? Python avancé

? SQL avancé

? Dataiku avancé

Une expérience sur des problématiques de scoring/segmentation est est un prérequis pour cette mission.

Une expérience dans le Retail / E-commerce ou sur des problématiques liées à la donnée client est un vrai plus.

 Localisation : Paris / Île-de-France

Si vous êtes à l?écoute d?une nouvelle opportunité ou connaissez quelqu?un qui pourrait correspondre, n?hésitez pas à me contacter en MP !Profil recherché

Nous recherchons un profil disposant d?au moins 3 ans d?expérience professionnelle hors stage et alternance, avec une vraie expertise en Data Science / Datamining.

Les indispensables pour cette mission :

? Maîtrise avancée de Python et SQL

? Expérience avancée sur Dataiku

? Expérience concrète en scoring et segmentation ? prérequis pour la mission

? Capacité à travailler sur de gros volumes de données

? Autonomie dans la préparation, l?analyse et l?exploitation des données

? Capacité à comprendre un besoin métier et à restituer les résultats de manière claire et vulgarisée

Une expérience sur des problématiques clients, comportementales, marketing, Retail ou E-commerce sera particulièrement appréciée.","
CDI

Contrat travail
",unspecified,unspecified,unspecified,Free-work,Expérience exigée,CDI,False
7352860,https://candidat.pole-emploi.fr/offres/recherche/detail/7352860,2026-09-25,Offre d'emploi Data Scientist Confirmé (H/F) - 69 - Lyon 7e Arrondissement - 7352860 | France Travail,69 - Lyon 7e Arrondissement,"RESPONSABILITÉS : 

Sully Group recrute un Data Scientist confirmé pour intervenir sur un projet stratégique à forte dimension data. Au sein d'une équipe pluridisciplinaire, vous participerez au développement et à l'industrialisation de solutions d'analyse de données permettant d'accompagner les métiers dans leurs prises de décision.
Vous évoluerez dans un environnement orienté innovation, où la valorisation des données, l'automatisation des traitements et la qualité des analyses occupent une place centrale.
Vos missions
 - Concevoir, développer et maintenir des traitements et modèles d'analyse de données.
 - Réaliser l'exploration, la préparation et la transformation de données issues de multiples sources.
 - Mettre en œuvre des analyses statistiques et des algorithmes adaptés aux besoins métiers.
 - Développer des scripts et outils d'automatisation pour fiabiliser les traitements.
 - Produire des visualisations et restitutions permettant d'exploiter efficacement les résultats.
 - Collaborer avec les équipes métiers afin de comprendre les besoins et proposer des solutions pertinentes.
 - Participer à l'amélioration continue des méthodes, outils et bonnes pratiques data.
Stack technique
 - Python
 - Pandas
 - Polars
 - NumPy
 - Matplotlib
 - SQL
 - Hadoop
Spark
Power BI
Git
Environnements Big Data

PROFIL RECHERCHÉ : 

Parlons de vous
Vous justifiez d'au moins 5 ans d'expérience en Data Science et disposez d'une solide expertise sur l'écosystème Python appliqué à la donnée.
Vous maîtrisez impérativement :
 - Python
 - Pandas
 - Polars
 - NumPy
 - Matplotlib
 - Les manipulations et traitements de données volumineuses
 - Les analyses statistiques et la valorisation de données
 - Le développement de pipelines de traitement de données
Nous recherchons avant tout un profil autonome, capable d'intervenir aussi bien sur les aspects techniques que sur les échanges avec les équipes utilisatrices.
Vous appréciez le travail en équipe, faites preuve de rigueur dans vos développements et savez transformer des problématiques métiers en solutions data concrètes et opérationnelles.","
CDI

Contrat travail
","35H/semaine
Travail en journée",unspecified,unspecified,Sully group,Débutant accepté,CDI,True
7352565,https://candidat.pole-emploi.fr/offres/recherche/detail/7352565,2026-09-25,Offre d'emploi Data scientist F/H - Localisation Paris - 75 - Paris - 7352565 | France Travail,75 - Paris,"RESPONSABILITÉS : 

Avec ses filiales et ses partenaires stratégiques, la Caisse des Dépôts constitue le premier pôle financier public. Investisseur de long terme au service de l'intérêt général et du développement économique du pays, la Caisse des Dépôts se charge de plusieurs missions, dont la protection de l'épargne populaire, le financement et soutien du logement social, la gestion des mandats publics, l'accompagnement des Français dans leurs parcours de vie et la contribution au développement économique.

PROFIL RECHERCHÉ : 

Diplôme et spécialité éventuelle :
Titulaire d'un doctorat en IA ou d'un diplôme d'une grande école d'ingénieur ou d'un troisième cycle universitaire spécialisé en data science, intelligence artificielle, mathématiques appliquées ou en statistiques avec au moins une première expérience réussie en data science
-       Maîtrise des langages de programmation Python, SQL et PySpark
     Maîtrise technique et théorique en Machine learning Deep learning
      Connaissances techniques spécifiques de textmining, speechtotext, OCR
      Expérience en IA Générative, connaissances techniques spécifiques des modèles LLM
       Connaissances des outils informatiques de gestion des données (SQL et NoSQL) et des architectures Big Data (Hadoop, Spark, Hive, Mongo DB, Pig ...), des logiciels et plateforme data et IA de place (Dataiku).
      Connaissances en MLOps et industrialisation de modèles
Qualités personnelles
      Fort engagement et capacité à travailler au sein d'une équipe de façon autonome ;
      Capacité à s'adapter à une grande variété d'enjeux, de situations et d'interlocuteurs ;
       Capacité à traiter plusieurs sujets en parallèle dans un mode gestion de projet ;
       Respecter la confidentialité des informations fournies ;
       Capacité à collaborer avec des équipes SI, sécurité, et métier
       Excellent niveau de communication et de vulgarisation technique
       Esprit d'initiative, force de conviction et de proposition ;
       Grand respect des délais et des priorités","
CDI

Contrat travail
","35H/semaine
Travail en journée",unspecified,unspecified,Caisse des dépôts,Débutant accepté,CDI,True
7397819,https://candidat.pole-emploi.fr/offres/recherche/detail/7397819,2026-09-25,Offre d'emploi Data Ingénieur F/H - 94 - Orly - 7397819 | France Travail,94 - Orly,"Rattaché au pôle Data de la Direction Numérique et Transformation, vous avez pour mission la mise en place de la collecte et la mise à disposition des données au sein de l'entreprise.

Vous êtes en charge de l'industrialisation et la mise en production de traitements sur les données pour les rendre exploitables par les équipes métiers à travers la mise à disposition de l'offre dataviz (environnements de données, création de tableaux de bord...). L'ensemble des traitements réalisés seront conformes à la politique technique Data avec l'appui de l'expert technique du pôle.

Le pôle Data ayant un positionnement transverse, les applications et traitements développés s'adressent à l'ensemble des directions

Pour les projets qui vous sont confiés, vos missions sont d'assurer les activités suivantes :

Acheminement de la donnée :
- Recueillir les besoins métiers et définir le cahier des charges fonctionnel et technique.
- Développer les solutions techniques de collecte de la donnée via des API et de stockage en respectant la politique technique Data.
- Réaliser les tests unitaires et d'intégration.
- Mettre en place les automatisations des traitements.

Mise à disposition des données aux équipes métiers utilisatrices :
- Industrialiser et automatiser le nettoyage de la donnée selon les spécifications retenues.
- Gérer, maintenir et documenter de multiples bases de données.
- Assurer le suivi de production et la maintenance des applications délivrées.
- Cataloguer les données identifiées comme actifs stratégiques pour l'entreprise dans l'outil de catalogage en place.
- Participer à l'animation de la communauté Data de l'entreprise par la réalisation de webinaire, articles intranet, ...

Suivi des projets de développement :
- Établir les spécifications techniques à partir de l'analyse des besoins.
- Réaliser des POC, des maquettes UX design pour cadrer les attendus métiers.
- Établir l'expression de besoin et la note de cadrage.
- Piloter le développement par des équipes de développeurs internes ou externes et assurer tout ou partie des travaux de réalisation.
- Maitriser les coûts, qualités et délais du projet et mesurer l'état d'avancement des projets.
- S'assurer que le travail des équipes est conforme au cahier des charges.
- Participer à l'amélioration continue et au maintien en conditions opérationnelles des applications du pôle Data.
- Assurer une veille technologique sur les outils big data et dataviz.
  
 Titulaire d'un BAC+5, en Informatique ou expérience équivalente dans les métiers de la Data science ou statistiques, vous justifiez d'une expérience d'au moins 3 ans dans la manipulation des données.

Compétences techniques requises :
- Maîtrise de l'environnement Microsoft, Power BI et Cloud Azure
- Connaissance de l'environnement SAP BO, BODS, BW, ...
- Maîtrise des bases de données et gestion de bases de données (SQL/NoSQL) et des langages de programmation (Python, C++, Java, ...)
- Maîtrise des méthodes de développement agile et des systèmes d'exploitation (Unix, Windows...)
- Connaissance des solutions de manipulation des données ETL/ELT et de la réglementation concernant les données personnelles et des principes de cybersécurité
- Maitrise de l'anglais.

Savoir être :
- Esprit de synthèse développé
- Qualités d'organisation, de rigueur et d'autonomie
- Esprit d'équipe, aisance relationnelle, travail en transversalité et sens du service client
- Sens du délai et des résultats
- Ouvert à l'innovation et force de proposition sur l'évolution de l'Infrastructure du SI Data


Le poste est basé à Paris-Orly, avec des déplacements à prévoir sur la plateforme de Paris-Charles de Gaulle.

Télétravail possible.

Package de rémunération (fixe, variable, participation, intéressement, CET, plan-épargne entreprise, mutuelle, CSE).

Le Groupe ADP mène une politique engagée depuis plus de 30 ans en faveur de l'égalité des chances, de l'insertion professionnelle et de l'emploi des personnes en situation de handicap. L'inclusion des différences fait la force du Groupe ADP, signataire de la Charte de la Diversité.
Convaincus que le talent n'a pas d'âge, ni genre, ni origine, ni orientation sexuelle, ni croyance, nous veillons à créer un environnement de travail inclusif pour nos collaborateurs, tenant compte des spécificités de chacun.
Alors place à l'action ! Postulez dès maintenant pour rejoindre le groupe ADP.
Pour en savoir plus sur notre politique en matière de diversité équité et inclusion, n'hésitez pas à consulter notre site Groupe ADP.","
CDI

Contrat travail
",unspecified,unspecified,unspecified,Groupe adp,2 An(s),CDI,False
7379916,https://candidat.pole-emploi.fr/offres/recherche/detail/7379916,2026-09-25,Offre d'emploi Data Science Digital Plan - Freelance (H/F) - 75 - Paris - 7379916 | France Travail,75 - Paris,"Taux journalier (TJM): 700

Dans l'équipe les principales missions sont :

- Conception et dévelopement des briques data science répondant aux besoins des équipes

- Dévelopement des briques d'IA générative (ex. de type RAG, notamment pour faciliter la préparation d'analyses et d'avis de risque)

- Réalisationl ds tests techniques et fonctionnels, documenter les développements

- Contribution à leur mise en production.

- Monitorisation et restitution des résultats vie des interfaces utilisateurs

Ambiance dela misison :

- Data science, modélisation statistique et machine learning, modèles de langage et développement de briques Gen AI

- Architectures RAG

- Python et SQL

- Outils / environnements : Dataiku, GitLab , etc.

- Activités de RISK

- Anglais professionnel

- Respect de la confidentialité, de la protection des données et des règles d'usage de l'IA

- Sensibilisation aux bonnes pratiques de sécurité informatique et de cybersécurité","
Profession libérale

Emploi non salarié
",unspecified,unspecified,unspecified,Collective.work,Débutant accepté,Profession libérale,True
7389862,https://candidat.pole-emploi.fr/offres/recherche/detail/7389862,2026-09-25,Offre d'emploi Ingénieur IA -Java/Angular (H/F) - 75 - Paris - 7389862 | France Travail,75 - Paris,"Dans le cadre d'une transformation autour de l'IA Générative, nous recherchons un(e) Lead AI Engineer capable de concevoir et industrialiser des solutions IA, tout en accompagnant les équipes de développement dans l'adoption de ces nouvelles technologies.

Le poste repose sur 3 dimensions clés :

Lead AI Engineer
Concevoir, développer et industrialiser des solutions GenAI, RAG et agentiques jusqu'à leur mise en production.

Référent IA Générative
Accompagner les développeurs, partager les bonnes pratiques et apporter votre expertise sur les choix techniques et les architectures IA.

Java & Angular
Rester hands-on et contribuer directement aux applications existantes en Java / Spring Boot et Angular.

Vos missions

- Concevoir et industrialiser des solutions basées sur les LLM
- Développer des agents IA et solutions RAG
- Intégrer et orchestrer différents modèles : OpenAI, Claude, Gemini, Mistral, Llama.
- Définir les bonnes pratiques et architectures GenAI
- Accompagner et faire monter en compétence les développeurs
- Contribuer aux développements Java / Spring Boot et Angular
- Participer à l'industrialisation : CI/CD, MLOps, LLMOps, monitoring et sécurité

Vous disposez d'une solide expérience en développement logiciel et d'une expertise concrète en IA Générative.
Vous êtes capable de passer de la conception à la production tout en restant proche du code.
Une expérience sur des environnements Java / Spring Boot et Angular est attendue.
Vous aimez également transmettre votre expertise et jouer un rôle de référent technique auprès des équipes.
Stack
GenAI : LLM, RAG, Agents IA, Prompt Engineering, MLOps / LLMOps
Back-end : Java, Spring Boot, API REST
Front-end : Angular, TypeScript
Environnement : Git, CI/CD, Cloud, DevSecOps, GCP apprécié
Pourquoi Infogene ?

Les principaux avantages Infogene

- 10 jours de RTT par an
- Intéressement
- Prime de vacances
- Prime de cooptation
- Prime d'apport d'affaires
- Gratification pour les collaborateurs référents
- Certifications financées
- Accès à Infogene School, plateforme e-learning disponible 24h/24 et 7j/7
- Cours d'anglais individuels ou collectifs
- 50 % des transports en commun pris en charge
- Jusqu'à 50 € par mois pour la mobilité durable
- 50 % des frais de repas pris en charge
- Avantages et réductions via le CSE","
CDI

Contrat travail
",unspecified,55000.0,65000.0,Infogene,Expérience exigée,CDI,False
7378313,https://candidat.pole-emploi.fr/offres/recherche/detail/7378313,2026-09-26,Offre d'emploi Chef de Projet Senior - Delivery Lead IA & Data Idf H/F - 75 - Paris 1er Arrondissement - 7378313 | France Travail,75 - Paris 1er Arrondissement,"POSTE : Chef de Projet Senior - Delivery Lead IA & Data Idf H/F
DESCRIPTION : 
Dans le cadre du développement de projets liés aux assistants virtuels et à l'intelligence artificielle générative, nous recherchons un Chef de projet senior / Delivery Lead IA & Data.
 
Le consultant assurera le pilotage des projets depuis leur cadrage jusqu'à leur mise en production. Il interviendra à l'interface entre les équipes métier, Data, IA, développement, architecture, infrastructure et exploitation.
 
Vos missions
 
- Piloter un portefeuille de projets IA et Data en environnement BUILD et RUN ;
- Recueillir, analyser et formaliser les besoins des équipes métier ;
- Cadrer les projets liés aux assistants virtuels et à l'intelligence artificielle générative ;
- Traduire les besoins métier en exigences fonctionnelles et techniques ;
- Participer au chiffrage des projets, à la planification et à l'estimation des charges ;
- Définir et suivre les roadmaps, plannings, jalons, budgets et livrables ;
- Coordonner les parties prenantes internes et externes ;
- Animer les comités projet, les réunions de suivi et les rituels Agile ;
- Piloter les différentes phases de conception, de développement, de test et de mise en production ;
- Organiser le passage des POC vers l'industrialisation ;
- Assurer le suivi des activités RUN, des incidents, des évolutions et des niveaux de service ;
- Identifier les risques, dépendances et points de blocage ;
- Structurer et améliorer les processus de delivery ;
- Garantir la qualité et la mise à jour de la documentation projet ;
- Mettre en place et suivre les indicateurs de performance ;
- Assurer un reporting régulier auprès des différentes parties prenantes.
 
Environnement technique
 
Le consultant devra posséder une bonne compréhension des environnements suivants :
 
- Intelligence artificielle générative ;
- LLM et assistants virtuels ;
- RAG, NLP et agents conversationnels ;
- OpenShift et Kubernetes ;
- Linux ;
- Elasticsearch ;
- Bases de données en mode DBaaS ;
- API et intégration de services ;
- Environnements cloud ;
- CI/CD et processus de mise en production.
 
Une expertise de développeur n'est pas indispensable. Le candidat devra néanmoins être capable de comprendre les enjeux techniques, de challenger les équipes et de sécuriser le delivery des projets.
 
PROFIL : 
- Issu d'une formation supérieure de niveau Bac +5 en informatique, Data, intelligence artificielle, gestion de projet ou domaine équivalent,
- vous justifiez idéalement d'au moins 7 ans d'expérience dans le pilotage de projets IT, Data ou IA.
- Une expérience concrète dans le pilotage d'assistants virtuels, de chatbots, de solutions LLM ou de projets d'intelligence artificielle générative constitue un prérequis important.
- Le pilotage de projets complexes de bout en bout ;
- La gestion d'un portefeuille BUILD/RUN ;
- La coordination d'équipes pluridisciplinaires ;
- La gestion des roadmaps, budgets, délais, risques et livrables ;
- Le recueil des besoins et la rédaction de spécifications ;
- Le chiffrage et la planification de projets ;
- La mise en production et le suivi des solutions ;
- Les méthodologies Agile et/ou hybrides.
 
Qualités attendues
 
- Leadership et capacité à fédérer ;
- Excellentes capacités de communication ;
- Esprit d'analyse et de synthèse ;
- Sens de l'organisation et des priorités ;
- Autonomie et rigueur ;
- Orientation résultats et qualité de service ;
- Capacité à dialoguer avec des interlocuteurs métier et techniques ;
- Aptitude à gérer plusieurs projets simultanément ;
- Capacité à intervenir dans un environnement exigeant et évolutif.
 
","
CDI

Contrat travail
",35H/semaine,unspecified,unspecified,Socadek solutions,8 An(s),CDI,False
7377691,https://candidat.pole-emploi.fr/offres/recherche/detail/7377691,2026-09-25,Offre d'emploi Ingénieur IA H/F - Île-de-France - 7377691 | France Travail,Île-de-France,"POSTE : Ingénieur IA H/F
DESCRIPTION : 
Ingénieur IA / MLOps / LLMOps Senior
 
CDI   Senior (5 à 10 ans)   Île-de-France (site client)
 
Contexte du poste
 
Alliance Services Plus (AS+) recherche un(e) Ingénieur(e) IA Senior pour accompagner l'un de ses clients dans l'industrialisation et l'exploitation de solutions d'Intelligence Artificielle et d'IA générative.
 
Notre client est un acteur public majeur dans les domaines de la sûreté nucléaire, de la recherche et de l'expertise scientifique. Ses équipes développent et exploitent des plateformes permettant de mettre en oeuvre des modèles d'IA et d'IA générative sur des infrastructures de calcul intensif.
 
Vous interviendrez sur l'industrialisation des modèles, la mise en place des pipelines MLOps/LLMOps et l'accompagnement des équipes métiers et techniques.
 
Missions principales
 
- Mettre en place et faire évoluer les pipelines MLOps / LLMOps
- Industrialiser et déployer des modèles d'IA et d'IA générative
- Concevoir et maintenir des workflows d'entraînement et d'inférence
- Participer à l'optimisation des performances GPU et des workloads IA
- Intégrer de nouveaux modèles et services d'IA sur les plateformes
- Participer à la gestion du cycle de vie des modèles et des datasets
- Mettre en place et administrer des registries de modèles
- Contribuer à l'évolution des chaînes CI/CD IA
- Participer au déploiement et à l'orchestration sur Kubernetes
- Réaliser des benchmarks et contribuer à l'optimisation des performances
- Assurer un support technique de niveau N3 auprès des équipes
- Participer à la veille technologique sur l'IA générative, les LLM et les outils MLOps
 
Environnement technique
 
MLOps / LLMOps : MLflow, Kubeflow, Argo Workflows
 
CI/CD : GitLab CI, GitHub
 
IA / LLM : modèles open source, Hugging Face, vLLM
 
GPU : CUDA, optimisation GPU, multi-GPU
 
Langages : Python, Bash
 
Conteneurisation / orchestration : Docker, Kubernetes
 
Modèles / données : gestion de datasets, registry de modèles
 
IA générative : LLM, RAG, fine-tuning
 
PROFIL : 
Profil recherché
 
- Formation Bac +5 (École d'Ingénieur, Master ou équivalent)
- Expérience confirmée en MLOps, LLMOps ou industrialisation de solutions IA
- Très bonne maîtrise de Python
- Expérience sur Kubernetes et Docker
- Bonne connaissance des pipelines CI/CD et de l'automatisation
- Expérience avec un ou plusieurs outils MLOps tels que MLflow, Kubeflow ou Argo
- Connaissance des environnements GPU / CUDA
- Une expérience sur les LLM, l'IA générative ou Hugging Face est appréciée
 
Qualités attendues :
 
- Esprit d'analyse et de résolution de problèmes
- Autonomie et rigueur
- Capacité à industrialiser des solutions complexes
- Curiosité technologique et veille sur l'IA
- Aisance avec des interlocuteurs techniques et métiers
- Sens du service et esprit d'équipe
- Force de proposition
 
","
CDI

Contrat travail
",35H/semaine,45000.0,55000.0,As+,1 An(s),CDI,False
7377082,https://candidat.pole-emploi.fr/offres/recherche/detail/7377082,2026-09-25,Offre d'emploi Ingénieur IA Générative H/F - 31 - Toulouse - 7377082 | France Travail,31 - Toulouse,"POSTE : Ingénieur IA Générative H/F
DESCRIPTION : Dans le cadre de la réalisation d'un projet en assistance technique, nous recherchons un(e) Ingénieur IA Générative pour l'un de nos clients du secteur aéronautique.  
Vous interviendrez sur le site client situé à Toulouse.  
  
Vos missions seront les suivantes :  
- Concevoir et développer les pipelines d'ingestion et de traitement des documents, afin de préparer et structurer les données destinées au moteur RAG ;  
- Mettre en oeuvre les mécanismes d'embeddings et de recherche vectorielle pour optimiser l'accès aux informations pertinentes ;  
- Concevoir et optimiser l'architecture du pipeline RAG, en améliorant notamment la sélection et la restitution du contexte ;  
- Concevoir, tester et optimiser les prompts afin d'améliorer la qualité, la pertinence et la fiabilité des réponses générées ;  
- Intégrer et exploiter des modèles de langage (LLM) ;  
- Évaluer la qualité des réponses produites selon différents critères : pertinence, précision, cohérence et niveau d'hallucination ;  
- Identifier et mettre en oeuvre des axes d'amélioration des performances et de la qualité du moteur d'IA générative ;  
- Participer à l'industrialisation et au déploiement de la solution, notamment à travers l'utilisation de Git, Docker et des services AWS.
40K - 45K
PROFIL : - Ingénieur(e) de formation, vous justifiez d'au minimum 3 années d'expérience sur un poste similaire en environnement industriel ; - Vous avez également une expérience significative dans le développement de solutions basées sur les LLM et les architectures RAG ; - Vous avez une capacité à concevoir, tester et optimiser des prompts afin d'améliorer la qualité des réponses générées ; - Vous maîtrisez Python, notamment pour le développement de pipelines de traitement de données et de solutions IA. Ce que nous cherchons avant tout, ce sont des personnalités qui participent au développement de DAVRICOURT et forment un réseau de talents interconnectés qui ne craint pas d'affirmer sa différence. Vous êtes unique, nous sommes différents, rencontrons-nous! 
LE DAVRIPACKAGE
- Salaire compétitif - Primes de participation - Épargne salariale - Mutuelle et prévoyance - Forfait Mobilité Durable - Plateforme CSE - Actions de formation - 1 jour par an offert pour une mission solidaire avec Komeet 
INTÉRESSÉ(E) ?
Si vous êtes arrivé(e) à la fin de cette offre, c'est qu'elle vous a forcément attirée, alors surtout n'hésitez pas à postuler ! En cas de doute, notre équipe recrutement saura répondre à vos questions. L'offre d'emploi ne correspond pas tout à fait à vos compétences mais nos valeurs vous ressemblent et notre ambition vous motive ? Alors vous pouvez consulter l'ensemble de nos offres sur davricourt.com ET APRÈS ? Notre processus de recrutement est simplifié : un seul entretien est prévu par nos équipes, à la suite duquel nous présentons votre profil au client. NB : En l'absence de retour de la part de l'équipe recrutement sous 1 semaine, veuillez considérer que votre candidature n'a pas été retenue. Merci de votre compréhens","
CDI

Contrat travail
",35H/semaine,40000.0,45000.0,Davricourt,1 An(s),CDI,False
7376912,https://candidat.pole-emploi.fr/offres/recherche/detail/7376912,2026-09-25,Offre d'emploi Ingénieur IA H/F - 13 - Marseille 8e Arrondissement - 7376912 | France Travail,13 - Marseille 8e Arrondissement,"POSTE : Ingénieur IA H/F
DESCRIPTION : Dans le cadre de la transformation IT d'un groupe international, Klanik accompagne son client dans la conception et l'industrialisation d'agents IA autonomes à grande échelle.  
  
Le futur Ingénieur IA contribuera directement à la construction de systèmes intelligents capables d'automatiser des tâches à forte volumétrie, tout en créant de nouveaux rôles à plus forte valeur ajoutée.  
  
 Missions principales :   
- Concevoir et déployer des agents IA autonomes de bout en bout, du POC à la mise en production (LangChain / Crew.ai).  
- Développer des connecteurs MCP vers les outils métiers (Jira, Confluence, SAP, Oracle, Office365) et créer des interfaces web modernes.  
- Industrialiser l'infrastructure multi-cloud (Docker, Kubernetes, CI/CD) pour supporter 150 000 utilisateurs.  
- Optimiser les performances des systèmes IA et l'orchestration multi-modèles (GCP Vertex AI, AWS Bedrock, Azure OpenAI, Mistral).  
- Mener des activités de R&D afin de faire évoluer les méthodes et technologies agentiques.  
- Documenter et assurer la maintenance des systèmes IA en production.  
  
 Compétences requises :  
- Excellente maîtrise de Python (niveau production) et JavaScript/TypeScript pour interfaces web modernes.  
- Expérience concrète avec LangChain (projets personnels acceptés) et compréhension approfondie des architectures d'agents IA.  
- Très bonne maîtrise des services cloud : GCP, AWS, Azure, ainsi que des environnements MacOS/Unix.  
- Solide expertise en Docker et en pratiques DevOps (CI/CD, containerisation).  
- Maîtrise de frameworks JavaScript récents (React, Vue.js, Next.js).  
  
 Compétences appréciées :  
- Expérience en traitement de la voix temps réel (speech-to-text, text-to-speech).  
- Connaissance des LLM real-time et APIs de streaming (OpenAI Realtime API, Anthropic streaming, etc.).  
- Maîtrise de frameworks audio et protocoles temps réel (WebRTC, WebSockets pour audio streaming).  
  
#LI-FF1
PROFIL : - Diplôme Bac +5/Doctorat en intelligence artificielle, informatique, mathématiques appliquées ou équivalent  
- 5 à 10 ans d'expérience sur des projets IA/Data  OBLIGATOIRE  
- Un anglais courant est requis pour échanger avec des équipes internationales","
CDI

Contrat travail
",35H/semaine,50000.0,55000.0,Klanik,8 An(s),CDI,False
7375036,https://candidat.pole-emploi.fr/offres/recherche/detail/7375036,2026-09-25,Offre d'emploi Ingénieur IA H/F - 92 - Levallois-Perret - 7375036 | France Travail,92 - Levallois-Perret,"POSTE : Ingénieur IA H/F
DESCRIPTION :  Notre mission  
Nous aidons les PME et ETI à adopter l'IA générative de manière concrète. Vous prenez en charge les projets IA de bout en bout : du cadrage initial du besoin client jusqu'à la mise en production et au suivi de la performance.  
Vos missions : Cadrer, développer, automatiser et déployer  
 Cadrage et Traduction Technique  
 Participer aux audits IA et aux ateliers de cadrage directement avec nos clients.  
 Décomposer les processus métiers complexes en flux, données et règles claires.  
 Traduire les besoins business identifiés en spécifications techniques actionnables.  
 Conception et Développement IA Fullstack  
 Développer des agents IA, des architectures RAG complexes et des assistants conversationnels connectés aux meilleurs LLM du marché (Claude, GPT, Mistral, etc.).  
 Concevoir les interfaces web associées en gérant le backend (Python) et le frontend destiné aux utilisateurs finaux.  
 Automatiser les workflows métiers complexes via des outils no-code/low-code performants (n8n, Make, PowerAutomate).  
 Intégrer les solutions créées aux écosystèmes existants des clients (ERP, CRM, API internes, bases de données, messageries).  
 Déploiement, Suivi et Veille  
 Conteneuriser et déployer les solutions sur l'infrastructure self-hosted de Moon (Docker, K3s, Caddy, Hetzner).  
 Suivre les performances en production, mesurer le ROI, accompagner l'adoption par les utilisateurs et itérer rapidement.  
 Assurer une veille technologique active sur l'écosystème Generative AI pour prototyper de nouvelles architectures d'agents.
Les avantages DFM / MOON    
Mutuelle d'entreprise  
Parking privé  
RTT  
Séminaires & événements internes  
CE (Edenred)  
Partenariat places en crèche  
Salle de sport privée avec cours de sport offerts  
Évolution rapide selon performance  
 
PROFIL :  Formation :  
 École d'ingénieurs, développeur, ou cursus informatique avec idéalement une spécialisation en IA / Data.  
 Expérience :  
 2 à 3 ans d'expérience globale en développement, dont au moins 1 an d'expérience concrète en IA générative (un profil plus junior ayant conçu des projets personnels ou académiques solides et démontrables est également le bienvenu).  
 Compétences requises :  
 Développement : Maîtrise absolue de Python, aisance sur le développement front-end, forte culture des API REST, des webhooks et de l'interfaçage système.  
 IA Générative : Expérience pratique et concrète des API de LLM (propriétaires et open-source) avec au moins une solution déjà livrée en production ou fonctionnelle.  
 DevOps / Déploiement : Maîtrise de Docker, notions clés de mise en production et curiosité pour les infrastructures auto-hébergées (self-hosted).  
 Sécurité & IA Assistée : Compréhension fine des enjeux de confidentialité des données clients. Maîtrise au quotidien du développement assisté par IA (Claude Code, Codex) pour déléguer, relire et assumer la qualité finale de votre code.  
 Communication : Capacité à vulgariser et expliquer des choix techniques de manière simple face à des dirigeants ou des équipes métiers.  
 Ce que l'on ne cherche pas   
Un consultant ""PowerPoint"" adepte du blabla sans impact concret en production.  
Un profil purement théorique qui ne sait pas coder ou déployer ses propres solutions.  
Quelqu'un qui rejette l'usage quotidien des outils de génération de code par IA.  
Pourquoi nous rejoindre ?  
 Un poste clé à fort impact : Vous participez activement à l'essor d'une startup IA en pleine croissance et menez des projets stratégiques.  
 Un cadre stimulant : Travaillez au contact direct des dirigeants à travers des secteurs variés, au sein d'une culture de l'expérimentation.  
 Des perspectives d'évolution : Des perspectives d'évolution rapides : Évolution selon votre performance vers un rôle de consultant senior ou de référent sur une offre.  
 Des événements et learning expeditions : Participez à des salons IA, workshops clients et formations continues pour monter en compétence.  
 Prêt(e) à accompagner la montée en puissance de l'IA en entreprise ?  
Rejoignez l'aventure DFM IA & Data !  
Localisation : Levallois principalement et ponctuellement sur le siège de Créteil  
Notre politique d'embauche vise à améliorer la représentation des personnes handicapées au sein de nos effectifs. Ce poste est ouvert aux personnes en situation de handicap.  
Découvrez DFM en action dans notre vidéo : DFM 150% : Déterminé, Fier et Mobilisé !  
Suivez-nous sur les réseaux sociaux pour ne rien manquer :  
Notre site internet : DFM.fr  
LinkedIn : DFM  
Instagram : @dfmfrance  
Facebook : DFM France","
CDI

Contrat travail
",35H/semaine,65000.0,80000.0,Dfm,1 An(s),CDI,False
7375026,https://candidat.pole-emploi.fr/offres/recherche/detail/7375026,2026-09-25,Offre d'emploi Consultant IA H/F - 92 - Levallois-Perret - 7375026 | France Travail,92 - Levallois-Perret,"POSTE : Consultant IA H/F
DESCRIPTION :  Notre mission  
Nous aidons les PME et ETI à adopter l'IA générative de manière concrète : audits stratégiques, formations sur-mesure, implémentation de solutions IA (chatbots, agents IA, automatisations no-code).  
Notre but ? Optimiser la productivité, sécuriser l'innovation et faciliter la transformation métier grâce à l'IA.  
Vos missions : Conseiller, auditer, former et piloter les projets IA  
En tant que Consultant IA, vous serez l'interlocuteur clé de nos clients, de l'audit initial au déploiement des solutions. Vous comprendrez leur activité, identifierez la création de valeur et piloterez les projets aux côtés de nos ingénieurs IA.  
 Audit IA & Diagnostic stratégique  
 Conduire des entretiens avec les dirigeants et équipes métiers pour décomposer l'activité (process, flux, données).  
 Identifier et prioriser les cas d'usage IA selon leur ROI et leur faisabilité, en binôme avec les ingénieurs IA.  
 Rédiger le rapport d'audit (état des lieux, fiches de cas d'usage, budgets) et restituer les conclusions de manière crédible face aux dirigeants pour déclencher des projets.  
 Formation & Acculturation  
 Concevoir et animer des programmes de formation IA personnalisés pour tous types de profils (des dirigeants aux équipes opérationnelles).  
 Accompagner l'adoption et la conduite du changement sur les outils déployés.  
 Assurer une veille active sur l'IA générative et ses usages métiers pour enrichir nos offres.  
 Gestion de projet de bout en bout  
 Piloter les projets IA : cadrage, planning, suivi des réalisations, recette fonctionnelle et mesure des résultats.  
 Faire le lien avec l'équipe technique : traduire les besoins métiers en spécifications claires pour les ingénieurs IA et arbitrer les priorités.  
 Assurer le suivi de la relation client dans la durée et détecter de nouvelles opportunités.
Les avantages DFM / MOON    
Voiture de société, carte essence, ordinateur portable dès votre arrivée.  
Parking privé pour plus de confort  
Mutuelle d'entreprise  
RTT  
Séminaires et événements pour faire le plein d'énergie.  
CE  
Partenariat places en crèche  
Salle de sport privée avec cours gratuits   
 
PROFIL :  Formation :  
 École d'ingénieurs, mathématiques appliquées, data/statistiques, et/ou École de commerce.  
 Expérience :  
 1 à 3 ans d'expérience en conseil (stratégie, data, opérations), en IA/data ou en gestion de projet, avec une confrontation réelle aux problématiques business et une exposition client.  
 Compétences requises :  
 Forte capacité analytique pour structurer et modéliser rapidement un problème complexe.  
 Pratique quotidienne des outils d'IA générative (ChatGPT, Claude), compréhension de leurs limites et capacité à dialoguer avec des ingénieurs.  
 Vulgariser sans simplifier à l'excès, aisance à l'oral devant un groupe et crédibilité immédiate face à un COMEX.  
 Autonomie, esprit d'initiative, rigueur et forte capacité d'apprentissage dans un environnement en structuration.  
Pourquoi nous rejoindre ?  
 Un poste clé à fort impact : Vous participez activement à l'essor d'une startup IA en pleine croissance et menez des projets stratégiques.  
 Un cadre stimulant : Travaillez au contact direct des dirigeants à travers des secteurs variés, au sein d'une culture de l'expérimentation.  
 Des perspectives d'évolution : Des perspectives d'évolution rapides : Évolution selon votre performance vers un rôle de consultant senior ou de référent sur une offre.  
 Des événements et learning expeditions : Participez à des salons IA, workshops clients et formations continues pour monter en compétence.  
 Prêt(e) à accompagner la montée en puissance de l'IA en entreprise ?  
Rejoignez l'aventure DFM IA & Data !  
Localisation : Levallois principalement et ponctuellement sur le siège de Créteil  
Notre politique d'embauche vise à améliorer la représentation des personnes handicapées au sein de nos effectifs. Ce poste est ouvert aux personnes en situation de handicap.  
Découvrez DFM en action dans notre vidéo : DFM 150% : Déterminé, Fier et Mobilisé !  
Suivez-nous sur les réseaux sociaux pour ne rien manquer :  
Notre site internet : DFM.fr  
LinkedIn : DFM  
Instagram : @dfmfrance  
Facebook : DFM France","
CDI

Contrat travail
",35H/semaine,65000.0,80000.0,Dfm,1 An(s),CDI,False
7373912,https://candidat.pole-emploi.fr/offres/recherche/detail/7373912,2026-09-25,Offre d'emploi Ingénieur IA - Microsoft Copilot & Écosystème 365 H/F - 38 - Meylan - 7373912 | France Travail,38 - Meylan,"POSTE : Ingénieur IA - Microsoft Copilot & Écosystème 365 H/F
DESCRIPTION : 
Vous êtes Ingénieur(e) IA et vous disposez d'une expertise confirmée sur Microsoft Copilot ainsi que sur l'écosystème M365 et Azure ? Rejoignez un acteur expert et certifié Microsoft, en pleine croissance, qui accompagne ses clients dans leur transformation numérique sur l'ensemble de l'environnement Microsoft.
 
Dans le cadre du développement de projets autour de l'intelligence artificielle et de l'écosystème Microsoft, nous recherchons un(e) Ingénieur(e) IA pour accompagner notre client, une société spécialisée en infogérance et conseil IT. Certifiée Microsoft sur l'ensemble de ses solutions logicielles et infrastructures, cette structure accompagne ses clients dans le déploiement de solutions innovantes, notamment autour de l'IA, de Microsoft 365, d'Azure et de Copilot.
 
Vos missions :
 
- Déployer et configurer Microsoft Copilot auprès des clients, notamment M365 Copilot, Copilot Studio et Copilot for Azure
- Concevoir et implémenter des agents IA personnalisés via Copilot Studio et Power Platform
- Accompagner les utilisateurs finaux et les équipes IT dans la prise en main des solutions IA Microsoft
- Participer à l'avant-vente technique et à la rédaction de propositions pour des projets IA
- Garantir la conformité, la sécurité et la gouvernance des données dans le cadre des déploiements IA
 

PROFIL : 
- Formation Bac +4/5 en informatique, école d'ingénieur ou équivalent
- Expérience confirmée de 3 à 6 ans dans un environnement Microsoft
- Bonne maîtrise de l'écosystème Microsoft 365 et Azure
- Expertise attendue sur Microsoft 365 Copilot et Copilot Studio
- Connaissances solides sur Power Platform, notamment Power Apps et Power Automate
- Maîtrise ou bonnes connaissances d'Azure OpenAI et Azure AI Services
- À l'aise avec SharePoint, Teams et Graph API
- Capacité à accompagner des utilisateurs et des équipes IT sur des solutions IA
- Bonne posture client, avec une capacité à vulgariser des sujets techniques
- Sensibilité aux enjeux de sécurité, de conformité et de gouvernance des données
- Expérience en ESN, cabinet de conseil IT ou environnement client appréciée
- Certifications Microsoft, notions de prompt engineering, Python ou développement d'API appréciés
 
","
CDI

Contrat travail
",35H/semaine,40000.0,50000.0,Groupagora,1 An(s),CDI,False
7370575,https://candidat.pole-emploi.fr/offres/recherche/detail/7370575,2026-09-25,Offre d'emploi Machine Learning Engineer H/F - 59 - Villeneuve-d'Ascq - 7370575 | France Travail,59 - Villeneuve-d'Ascq,"POSTE : Machine Learning Engineer H/F
DESCRIPTION : 
Rattaché au pôle IA, vous interviendrez sur l'ensemble du cycle de vie des projets de Machine Learning, depuis la compréhension du besoin métier jusqu'à la mise en production et le suivi des modèles en conditions réelles. Concrètement, vos missions couvriront :
 
- Collaborer avec les équipes métier pour comprendre leurs besoins et l'exploitation des résultats produits
- Participer au prétraitement et à l'analyse des données nécessaires à la construction des modèles
- Développer et optimiser des algorithmes d'apprentissage automatique en vue de leur industrialisation
- Mettre en oeuvre des techniques de validation croisée et de réglage des hyperparamètres
- Construire et maintenir le workflow de déploiement des algorithmes et modèles
- Assurer le suivi et le monitoring des modèles en production, et contribuer à leur performance (vitesse, coûts)
- Garantir la qualité de conception des solutions IA et leur amélioration continue
- Assurer une veille technologique et documenter les processus de développement
 

PROFIL : 
Vous êtes titulaire d'un Bac +5 (Master 2 Data Science, IA, Machine Learning, Statistiques Appliquées, Mathématiques, ou diplôme d'ingénieur avec spécialisation IA), avec au moins 3 ans d'expérience en Machine Learning, Deep Learning ou IA Générative. Vous maîtrisez SQL et Python (FastAPI, Scikit-learn, LangChain, Pandas, NumPy), ainsi que les outils AIOps (Git, déploiement de modèles via API, monitoring) et l'environnement Google Cloud Platform (BigQuery, Airflow).
 
Rigoureux et doté d'un vrai esprit d'analyse, vous savez traduire des besoins métier complexes en solutions pragmatiques. Curieux et adaptable, vous aimez apprendre en continu face aux innovations technologiques. Vous avez une bonne capacité à communiquer et à influencer des interlocuteurs variés, et vous appréciez autant le travail en équipe que la force de proposition.
","
CDI

Contrat travail
",unspecified,45000.0,60000.0,Navalia executive search,1 An(s),CDI,False
7369506,https://candidat.pole-emploi.fr/offres/recherche/detail/7369506,2026-09-25,Offre d'emploi Ingénieur IA H/F - 33 - Libourne - 7369506 | France Travail,33 - Libourne,"POSTE : Ingénieur IA H/F
DESCRIPTION : 
Contexte :
 
Dans le cadre de l'accélération de notre stratégie Data & AI, nous recherchons un/une AI Engineer pour concevoir, industrialiser et déployer des solutions d'intelligence artificielle à forte valeur ajoutée. Au sein de notre équipe AI, vous transformerez les besoins métiers en solutions concrètes (assistants, copilotes, automatisations) en vous appuyant sur les technologies de GenAI, les modèles de langage et notre plateforme Data.    
Missions principales :   
  
Design & delivery   
  
- Développer des solutions d'intelligence artificielle (applications LLM, architectures RAG, agents, modèles de machine learning).   
- Concevoir et développer des assistants IA répondant à des besoins métiers (chatbots, copilotes, automatisations).   
- Traduire les besoins métiers en solutions concrètes, du prototypage à l'industrialisation.   
- Exploiter les capacités de la plateforme Data (Snowflake) et des outils d'IA générative afin de déployer des solutions fiables et scalables.   
- Intégrer l'IA dans les processus métiers et l'écosystème IT.   
  
Gouvernance, qualité & conformité   
  
- Développer les tests et garde-fous (guardrails) nécessaires à la fiabilité des solutions d'IA.   
- Veiller au respect des standards de conformité et du cadre de gouvernance de l'IA.   
- Assurer le versioning, le monitoring et le suivi des performances des solutions déployées.   
  
Amélioration continue & innovation   
  
- Prototyper rapidement de nouveaux cas d'usage et intégrer les évolutions de l'état de l'art.   
- Améliorer en continu la robustesse, la fiabilité et la scalabilité des pipelines d'IA.   
  
Collaboration & communication   
  
- Collaborer étroitement avec l'AI Product Owner et les équipes Data Engineering.   
- Accompagner les équipes métiers dans l'identification et l'adoption de nouveaux cas d'usage.   
- Contribuer à l'évaluation de la valeur et de l'impact des solutions développées.
 
PROFIL : Votre profil :   
  
- Formation supérieure en informatique, complétée par une spécialisation ou des projets significatifs en intelligence artificielle.   
- Expérience dans le développement et le déploiement de solutions d'intelligence artificielle.   
- Solides compétences en GenAI (LLM, RAG, agents, prompting).   
- Maîtrise de Python, de l'intégration de modèles et d'APIs, ainsi que des principaux LLM (Claude, GPT, Mistral, etc.).   
- Une expérience des environnements Snowflake constitue un atout.   
- Capacité à comprendre les besoins métiers, à challenger les usages et à construire des solutions à forte valeur ajoutée.   
- Anglais courant, à l'écrit comme à l'oral.","
CDI

Contrat travail
",unspecified,40000.0,47000.0,Ceva santé animale,0 An(s),CDI,False
7369485,https://candidat.pole-emploi.fr/offres/recherche/detail/7369485,2026-09-25,Offre d'emploi Ingénieur Machine Learning Senior H/F - 13 - Aix-en-Provence - 7369485 | France Travail,13 - Aix-en-Provence,"POSTE : Ingénieur Machine Learning Senior H/F
DESCRIPTION : 
LE CONTEXTE
 
Notre client développe en interne un framework agentique dédié à la recherche et à l'expérimentation en Machine Learning. Il s'inspire des travaux récents de la recherche sur les agents autonomes appliqués à la data science.
 
Ce framework automatise tout le cycle expérimental :
 
- formalisation du problème
- proposition et priorisation d'expériences
- génération et exécution du code
- validation, études d'ablation et sélection des modèles
 
Son architecture repose sur un coeur générique enrichi de plugins spécialisés. Votre rôle sera de faire évoluer deux de ces plugins, avec un haut niveau d'exigence scientifique.
 
VOS MISSIONS
 
Axe 1 - Prévision de séries temporelles intégrant des événements
 
- Identifier, qualifier et structurer les événements susceptibles d'influencer les prévisions.
- Modéliser leur probabilité, leur date, leur durée, leur intensité et leur impact.
- Produire des prévisions par scénarios : sans événement, central, optimiste, pessimiste et stress.
- Combiner des approches statistiques, Machine Learning et Deep Learning.
- Garantir l'absence de fuite temporelle en tenant compte de la date réelle de publication de chaque information.
- Mettre en place des protocoles de validation rigoureux : backtests événementiels, tests placebo, comparaison à un modèle de référence sans événement.
 
Axe 2 - Détection de pannes sur données IoT
 
- Concevoir un plugin de maintenance prédictive exploitant des séries temporelles multivariées issues de capteurs.
- Détecter de manière précoce les anomalies et les signaux précurseurs de panne.
- Estimer la probabilité de panne et, lorsque c'est possible, la durée de vie utile restante (RUL).
- Gérer les données manquantes, le bruit et les changements de régime.
- Comparer différentes approches : supervisées, non supervisées, détection d'anomalies, analyse de survie.
- Évaluer la capacité des modèles à généraliser à de nouveaux équipements.
- Produire des alertes explicables et hiérarchisées, exploitables par les équipes opérationnelles.
 
Sur l'ensemble de la mission
 
- Livrer un code Python robuste, testé, documenté et versionné, intégré à l'architecture existante.
- Garantir la reproductibilité et la traçabilité des expérimentations.
- Présenter régulièrement les résultats à des interlocuteurs techniques et métier.
- Assurer le transfert de connaissances vers les équipes internes.
 

PROFIL : 
Formation et expérience
 
- Bac +5 en informatique, mathématiques appliquées, data science ou domaine proche.
- Un doctorat, ou une expérience équivalente en recherche appliquée, est un vrai plus.
- Au moins 5 ans d'expérience en Machine Learning appliqué, dont une part significative sur les séries temporelles.
 
Compétences indispensables
 
- Solide maîtrise de la prévision de séries temporelles et des protocoles d'évaluation associés : validation glissante, backtesting, baselines.
- Expérience en détection d'anomalies et/ou maintenance prédictive.
- Maîtrise du Deep Learning.
- Excellente maîtrise de Python et d'au moins un framework majeur (PyTorch, TensorFlow ou JAX).
- Bonnes pratiques de développement : tests, Git, documentation, code intégrable en production.
- Capacité à vulgariser des résultats complexes.
 
Compétences appréciées
 
- Inférence causale, analyse d'impact, économétrie ou analyse de survie.
- Architectures agentiques, systèmes multi-agents, orchestration d'agents.
- Dataiku et développement de composants personnalisés.
- MLOps, environnements cloud, automatisation de pipelines d'expérimentation.
- Publications scientifiques, contributions open source ou mise en production de travaux de recherche.
- Librairies séries temporelles : Darts, sktime, StatsForecast, GluonTS, PyOD, lifelines, scikit-survival
 
Savoir-être
 
- Rigueur scientifique et esprit critique vis-à-vis de ses propres résultats.
- Autonomie et capacité à structurer un sujet de recherche.
- Goût pour la transmission et le travail en équipe.
 
","
CDI

Contrat travail
",unspecified,40000.0,55000.0,The human link,1 An(s),CDI,False
7376079,https://candidat.pole-emploi.fr/offres/recherche/detail/7376079,2026-09-25,Offre d'emploi Gestionnaire Référentiel Articles H/F - 69 - Écully - 7376079 | France Travail,69 - Écully,"POSTE : Gestionnaire Référentiel Articles H/F
DESCRIPTION : Au sein d'un service transversal en lien avec la Logistique, l'ADV, le Marketing et les différents services opérationnels, vous assurez la fiabilité et la disponibilité des données articles dans les systèmes de gestion du Groupe.  
  
À ce titre, vous serez en charge de :  
  
Gestion et qualité des données articles  
  
Créer et assurer la maintenance des données articles dans les systèmes opérationnels ;  
Garantir la qualité et la cohérence des données par des contrôles réguliers ;  
Veiller à la disponibilité des informations nécessaires à la planification et à la commercialisation des produits.  
  
Gestion des prix de revient  
  
Intégrer et contrôler les prix de revient standards des activités de négoce dans SAP ;  
Assurer le suivi des interfaces entre les différents systèmes ;  
Contrôler la cohérence des données financières associées aux articles.  
  
Support et amélioration continue  
  
Participer aux simulations de clôture afin d'anticiper les blocages ;  
Analyser les anomalies et coordonner leur correction ;  
Accompagner les utilisateurs dans l'application des règles Groupe ;  
Partager les bonnes pratiques et contribuer à la mise en place de nouveaux flux.  
  
Conditions du poste :  
Lieu : Écully (69)  
Contrat : Intérim  
Durée : 3 mois minimum  
Prise de poste : Dès que possible  
Statut : Non-cadre  
Temps de travail : 38h30/semaine  
Rémunération : Entre 2 450 EUR et 2 850 EUR brut mensuel selon profil  
Avantages :  
Rémunération sur 13 mois  
Prime vacances : 810 EUR / an
CET
PROFIL : Formation Bac +2 à Bac +3 en gestion, logistique, comptabilité, contrôle de gestion ou équivalent ;  
Expérience sur un poste administratif, référentiel, supply chain, comptabilité ou contrôle appréciée ;  
Maîtrise du Pack Office ;  
Maîtrise de SAP, notamment des modules FI/CO et BW ;  
Bon niveau d'anglais requis pour la mission rattachée à la Supply Chain.  
  
Savoir-être :  
  
Rigueur ;  
Fiabilité ;  
Sens de l'analyse ;  
Force de proposition ;  
Excellent relationnel ;  
Capacité à travailler avec différents services ;  
Esprit d'équipe.","
CDD - 12 Mois

Contrat travail
",35H/semaine,2500.0,2900.0,Crit,1 An(s),CDD - 12 Mois,False
7370751,https://candidat.pole-emploi.fr/offres/recherche/detail/7370751,2026-09-25,Offre d'emploi Gestionnaire Référentiel H/F - 91 - Vert-le-Grand - 7370751 | France Travail,91 - Vert-le-Grand,"POSTE : Gestionnaire Référentiel H/F
DESCRIPTION : 
Votre mission au sein du Groupement Mousquetaires ?
 
Nous recherchons un Gestionnaire Référentiel (H/F) en CDI pour rejoindre notre Direction Qualité et RSE.
 
Vous êtes dynamique, vous aimez apprendre et possédez une bonne aisance relationnelle ? Alors devenez Gestionnaire Référentiel au sein de notre filiale du Développement Durable au Groupement Mousquetaires !
 
En détail, de quoi s'agit-il ?
 
- Collecter et contrôler les données transmises par les différents interlocuteurs internes ;
- Assurer la saisie et la mise à jour des données dans les référentiels ;
- Préparer, contrôler et transmettre les déclarations aux éco-organismes ;
- Assurer le suivi administratif des filières REP et des points de collecte ;
- Réaliser les reportings et mettre à jour les procédures ;
- Accompagner les équipes internes sur les sujets liés aux contributions environnementales.
 

 
Et les plus ?
 
Le poste est basé dans un cadre verdoyant au Parc de Tréville à Bondoufle (91), accessible également en transports en commun (RER C) ;
 
Avantages : Prime d'intéressement, RTT, restaurant d'entreprise, salle de sport, conciergerie sur votre lieu de travail et Télétravail.
 
#DRHSARECRUTE
 
PROFIL : 
Et vous dans tout ça ?
 
Vous êtes rigoureux(se), organisé(e) et à l'aise avec l'analyse de données, vous appréciez le travail en transversalité et savez gérer plusieurs échéances.
 
Vous maîtrisez les outils bureautiques. Une connaissance des filières REP, des référentiels ou des sujets environnementaux serait appréciée.
 
Ce poste est fait pour vous !
","
CDI

Contrat travail
",35H/semaine,25000.0,25000.0,Groupement mousquetaires - itm entreprises,1 An(s),CDI,False
214JYXZ,https://candidat.pole-emploi.fr/offres/recherche/detail/214JYXZ,2026-09-25,Offre d'emploi Data scientist H/F - 77 - Montereau-sur-le-Jard - 214JYXZ | France Travail,77 - Montereau-sur-le-Jard,"Dans le cadre du développement de son activité, nous recherchons pour notre client, spécialisé dans le secteur de l'aéronautique, un.e Data scientist à MONTEREAU SUR LE JARD - 77950 en contrat d'intérim de 3 mois. Le.la candidat.e idéal.e devra justifier d'une expérience de 2 à 5 ans, d'une formation BAC+5.

Les missions seront les suivantes : 
- Mise en format de données pour les centraliser en BDD exploitables ; 
- Mettre en place des outils et de visualisation et d'analyse de données pour en extraire la valeur ;   
- Construire des modèles de machines learning ou deep learning selon le besoin final ; 
- Valider ces modèles et les présenter aux experts et acteurs du département Déployer ces modèles de manière pérenne ; 
- Participer à la rédaction de rapports de synthèse.

Développement informatique Python, interfaces graphiques (Dashboard) 
Maîtrise des techniques de data science (machine learning, deep learning) et outils/langages ad hoc 
Développement informatique collaboratif : git Informatique?: environnement Windows

Vous disposerez aussi des avantages CRIT : 
- Taux horaire fixe + 10% fin de mission + 10% congés payés.
- Compte Epargne Temps (CET) déblocable à tout moment.
- Acompte de paie hebdomadaire si besoin.
- Aides diverses (via FASTT) : mutuelle, logement, garde d'enfants, etc.
- Application My Crit pour un suivi facile.
- Comité Social et Économique (CSE) : cartes cadeaux, remboursement chèques vacances, etc.
- Formation BAC+5 en data science, statistiques, informatique ou domaine similaire
- Expérience professionnelle de 2 à 5 ans dans un poste similaire
- Connaissance des techniques d'analyse de données, de modélisation prédictive et d'apprentissage automatique
- Capacité à travailler en équipe, à communiquer efficacement et à s'adapter rapidement","
Intérim - 3 Mois

Contrat travail
","35H/semaine
Travail en journée",18.0,24.0,Crit interim,2 An(s),Intérim - 3 Mois,False
214JPBP,https://candidat.pole-emploi.fr/offres/recherche/detail/214JPBP,2026-09-25,Offre d'emploi Data scientist (H/F) - 87 - LIMOGES - 214JPBP | France Travail,87 - LIMOGES,"Le CHU de Limoges est lauréat de l'appel à projets « Accompagnement et soutien à la constitution d'Entrepôts de Données de Santé hospitaliers » (EdS-H) soutenu par France 2030. Le plan « France 2030 », doté de 54 milliards d'euros déployés sur 5 ans, vise à développer la compétitivité industrielle et les technologies d'avenir à l'horizon 2030. Cet entrepôt de données permettra aux chercheurs un accès aux données dans un cadre technique sécurisé.
Certains développements sont réalisés en collaboration avec les équipes des CHU de Bordeaux et de Poitiers dans une vision d'infrastructure régionalisée en Nouvelle-Aquitaine.

Dans le cadre du déploiement de son Entrepôt de Données de Santé (EDS), et de son intégration au sein du réseau européen Orchidée (*), le CHU Limoges recherche un datascientist pour assurer les missions suivantes :

Missions liées au réseau Orchidée :
- Participer au comité technique du projet Orchidée et assurer le recueil des variables nécessaires dans l'EDS du CHU Limoges
- Garantir la qualité et la pérennité de ses données selon les bonnes pratiques cliniques (BPC) de gestion de données (contrôle de cohérence, complétude.)
- Sur le plan informatique, développer et déployer les scripts de traitement de données permettant la remontée des indicateurs définis par le réseau Orchidée
- Participer à la gestion documentaire : procédures, guides techniques et documents qualité demandés par ce réseau comme par le CHU Limoges. Publication des codes sources développés.
- Générer et suivre des demandes de corrections et évolutions des indicateurs

Missions liées au déploiement de l'EdS : 
L'EdS du CHU de Limoges a notamment pour finalité d'améliorer l'efficacité des vigilances pharmacologique et épidémiologiques au sein du CHU. Ainsi, la personne recrutée assurera également les missions plus générales suivantes :

- Définition des indicateurs de vigilance à intégrer dans l'EdS (profondeur historique.) avec les unités de vigilance du CHU
- Garantir la qualité, la fraîcheur et la pérennité des données nécessaires dans l'EdS
- Développement et/ou intégration des scripts statistiques de suivi et de remontée des indicateurs définis plus haut
- Le cas échéant, et selon les connaissances de la personne recrutée, collecter les données auprès des différentes sources, avec l'appui de l'équipe EdS
- Participer à la valorisation scientifique des résultats (articles, résumés, posters)

Connaissances obligatoires (Savoir) :
- Connaissance des logiciels de gestion de bases de données (PostGresQL, Oracle)
- Connaissance de logiciels de statistiques & de scripting (R, Python, bash, jupyter notebook.)
- Connaissance d'outils de gestion de versions de code (Git) et de langages d'interrogation de bases de données (SQL.)
- Anglais écrit médical

Connaissances optionnelles (Savoir) :
- Logiciels de gestion de données (ex : RedCap, Ennov Clinical.)
- Réglementation en matière de recherche clinique et de la terminologie médicale
- Réglementation sur les données personnelles et/ou sensibles (RGPD)
- Environnement Linux (Debian)
- Logiciels de développement et de séquencement d'ETL (Airflow, Nifi et/ou Talend et/ou Pentaho)

Expériences professionnelles (Savoir-faire) :
Première expérience appréciée dans le domaine médical et/ou le développement logiciel en modélisation statistique","
CDD - 6 Mois

Contrat travail
","35H/semaine
Travail en journée",2300.0,3000.0,Chu dupuytren limoges,12 Mois,CDD - 6 Mois,False
7345126,https://candidat.pole-emploi.fr/offres/recherche/detail/7345126,2026-09-24,Offre d'emploi Data Scientist Expérimenté (H/F) (IT) / Freelance - 69 - Lyon - 7345126 | France Travail,69 - Lyon,"Dans le cadre du renforcement d'une équipe Data intervenant sur des enjeux stratégiques liés aux systèmes communicants et aux infrastructures connectées, nous recherchons un Data Scientist Expérimenté pour contribuer à la conception, au développement et à l?industrialisation de solutions Data à forte valeur ajoutée.

Vous interviendrez sur l?ensemble du cycle de vie des projets Data Science, depuis la compréhension du besoin métier jusqu?au déploiement et au suivi des modèles en production.

Vos principales missions :

Recueillir et analyser les besoins métiers lors d?ateliers avec les experts et utilisateurs.


Traduire les problématiques opérationnelles en cas d?usage Data Science.


Réaliser des analyses statistiques avancées et développer des modèles de machine learning.


Concevoir et maintenir des traitements de données robustes et industrialisés.


Développer des outils de visualisation et des tableaux de bord d?aide à la décision.


Présenter les résultats et recommandations aux différentes parties prenantes.


Participer à l?amélioration continue des solutions et au maintien en condition opérationnelle des modèles en production.


Contribuer à la documentation technique et fonctionnelle des réalisations.


Participer aux cérémonies Agile et à la vie de l?équipe.



Mission de 6 mois renouvelables, basée à Lyon avec 2 jours de télétravail par semaine.



Profil candidat:
Vous disposez d?une expérience significative d?au moins 4 ans en Data Science et êtes capable d?intervenir de manière autonome sur des projets complexes mêlant analyse de données, modélisation et industrialisation.

Compétences attendues :

Excellente maîtrise de Python et de son écosystème Data :

Pandas


Polars


Scikit-learn


XGBoost


Matplotlib


Pandera


GeoPandas




Solides connaissances en machine learning, statistiques, feature engineering et validation de modèles.


Maîtrise des bases de données PostgreSQL et Teradata.


Connaissance des environnements Big Data et de Spark / PySpark.


Bonne maîtrise de Git, GitLab CI/CD et des pratiques d?industrialisation.


Expérience dans l?animation d?ateliers métiers et le recueil des besoins.


Capacité à rédiger des documents de cadrage et de conception.


Une connaissance des réseaux énergétiques ou de la modélisation de phénomènes physiques constitue un véritable atout.



Qualités recherchées :

Autonomie et sens de l?organisation.


Esprit d?analyse et de synthèse.


Aisance relationnelle et capacité à vulgariser des sujets complexes.


Rigueur et orientation résultats.


Goût du travail en équipe et de la collaboration transverse.


Expérience des environnements Agile.","
CDI

Contrat travail
",unspecified,104000.0,132600.0,Unspecified,Expérience exigée,CDI,False
7345038,https://candidat.pole-emploi.fr/offres/recherche/detail/7345038,2026-09-24,Offre d'emploi Data Scientist Junior (H/F) (IT) / Freelance - 69 - Lyon - 7345038 | France Travail,69 - Lyon,"Dans le cadre d'un projet Data, vous rejoindrez une équipe intervenant sur des problématiques de Data Science, Machine Learning et traitement de données à grande échelle.

L'objectif de la mission sera notamment de contribuer à la préparation, l'analyse et la transformation des données, au développement de modèles statistiques et de Machine Learning, ainsi qu'à leur intégration dans des workflows reproductibles et industrialisés.

Vos principales missions :

Collecter, nettoyer, transformer et analyser des données.

Réaliser des analyses statistiques et exploratoires.

Concevoir des variables pertinentes et effectuer du feature engineering.

Développer, entraîner et évaluer des modèles de Machine Learning.

Exploiter des données à l'aide de Python et SQL.

Participer au traitement de données volumineuses avec Spark / PySpark.

Contribuer à la mise en place de pipelines de traitement et à leur industrialisation.

Utiliser Git / GitLab CI/CD dans un environnement de développement collaboratif.

Documenter les travaux réalisés et communiquer les résultats auprès des différentes parties prenantes.



Profil candidat:
Vous disposez de 1 à 3 ans d'expérience en Data Science et maîtrisez les fondamentaux de Python, SQL et du Machine Learning.

Une expérience ou une connaissance de la modélisation de phénomènes physiques constitue un plus, notamment dans les domaines de l'énergie, des réseaux électriques ou de systèmes complexes.

Nous recherchons un profil curieux, rigoureux, autonome et capable de travailler dans un environnement technique et collaboratif.","
CDI

Contrat travail
",unspecified,26000.0,101400.0,Unspecified,Débutant accepté,CDI,True
7344998,https://candidat.pole-emploi.fr/offres/recherche/detail/7344998,2026-09-24,"Offre d'emploi AI Engineer / Data Scientist  IA générative, RAG & Python (IT) (H/F) - 75 - Paris - 7344998 | France Travail",75 - Paris,"ASAP Technologies recherche un AI Engineer / Data Scientist pour accompagner un acteur majeur du secteur bancaire au sein de sa direction Data & IA .

Vous intégrerez une équipe d?expertise transverse composée de 18 data scientists, dont les projets s?articulent autour du NLP, des moteurs de recherche et de l?IA générative.

Vous contribuerez à un projet interne confidentiel visant à exploiter des données chiffrées et textuelles pour générer des synthèses. Le périmètre pourra également intégrer un moteur de recommandation et évoluer vers des interactions vocales, nécessitant notamment la sélection de modèles Speech-to-Text.

Vos missions

Analyser les besoins et participer au cadrage des lots à réaliser.


Concevoir et développer des fonctionnalités de synthèse exploitant des données chiffrées et textuelles.


Contribuer au développement et au suivi des projets d?IA générative.


Concevoir, tester et optimiser les prompts.


Évaluer les performances des LLM et des dispositifs RAG, ainsi que la qualité des réponses produites.


Participer au choix des modèles Speech-to-Text en vue des évolutions vocales.


Contribuer à l?industrialisation des développements : conteneurisation, API REST et CI/CD/MLOps.


Assurer une veille technologique et partager vos connaissances avec l?équipe.





Profil candidat:
Vous disposez d?une expertise en Python et d?une expérience concrète sur des projets d?IA générative et de RAG.

Les compétences attendues sont :

Maîtrise avancée de Python.


Expérience sur des projets RAG, IA générative et Speech-to-Text.


Pratique du prompt engineering.


Maîtrise des méthodes et outils d?évaluation des LLM et des systèmes RAG.


Compétences en conteneurisation, CI/CD et MLOps.


Expérience dans le développement et l?intégration d?API REST.


Pratique des méthodes agiles.



Vous savez associer rigueur technique, compréhension des besoins métier et travail en équipe. Vous portez une attention particulière à la fiabilité des résultats et à la confidentialité des données exploitées.","
CDI

Contrat travail
",unspecified,65000.0,69000.0,Unspecified,Débutant accepté,CDI,True
7344958,https://candidat.pole-emploi.fr/offres/recherche/detail/7344958,2026-09-24,Offre d'emploi Data Scientist Junior H/F (IT) / Freelance - 69 - Lyon - 7344958 | France Travail,69 - Lyon,"Dans le cadre d?un projet stratégique au sein d?un grand acteur national du secteur des infrastructures et de l?énergie, nous recherchons un(e) Data Scientist Junior pour rejoindre une équipe Data pluridisciplinaire intervenant sur des sujets innovants tels que la maintenance prédictive, l?analyse de données à grande échelle, les réseaux intelligents et l?optimisation des systèmes techniques.

Vos principales missions seront :

Comprendre les besoins métier et participer à l?identification des cas d?usage à forte valeur ajoutée.


Réaliser des analyses statistiques et des études exploratoires de données.


Concevoir, développer et industrialiser des modèles de Data Science et de Machine Learning.


Développer et maintenir les traitements de données nécessaires à l?exploitation des données.


Construire des tableaux de bord et outils de visualisation pour accompagner la prise de décision.


Présenter et vulgariser les résultats d?analyses auprès des équipes métier et techniques.


Participer au suivi des modèles en production et à leur amélioration continue.


Documenter les développements et contribuer aux bonnes pratiques de l?équipe.


Participer aux cérémonies Agile et aux échanges avec les différentes parties prenantes du projet.





Profil candidat:
Vous disposez d?une expérience de 1 à 3 ans minimum en Data Science et souhaitez évoluer dans un environnement technique stimulant.

Compétences attendues :Très bonne maîtrise de Python et de l?écosystème Data Science.


Solides compétences en modélisation statistique et Machine Learning.


Bonne maîtrise de SQL et des bases de données relationnelles.


Expérience sur des projets de traitement et d?analyse de données.


Connaissance des bonnes pratiques de développement et du versionning.


Capacité à comprendre les enjeux métier et à les traduire en solutions analytiques.


Aisance dans la communication et la restitution des résultats.



Vous êtes :Rigoureux(se) et organisé(e).


Autonome et force de proposition.


Doté(e) d?un excellent esprit d?analyse.


Capable de travailler en équipe dans un environnement Agile.


À l?aise avec les échanges métiers et techniques.","
CDI

Contrat travail
",unspecified,104000.0,117000.0,Unspecified,Débutant accepté,CDI,True
7341220,https://candidat.pole-emploi.fr/offres/recherche/detail/7341220,2026-09-24,Offre d'emploi Data Scientist H/F - 94 - Ivry-sur-Seine - 7341220 | France Travail,94 - Ivry-sur-Seine,"POSTE : Data Scientist H/F
DESCRIPTION : 
Au sein du pôle Etudes de ConsoRégie le Data Scientist aura les missions suivantes :
 
1. Data Science
 
- Conception et développement de modèles : explorer, analyser et modéliser des ensembles de données pour répondre aux problématiques métiers de la régie. Développer et mettre en oeuvre des algorithmes de Machine Learning (supervisé, non supervisé, par renforcement) et de Deep Learning. Contrôler la qualité, la cohérence et l'intégrité des données.
- Analyse exploratoire : mener des analyses exploratoires approfondies pour identifier les enjeux data de ConsoRégie, des insights et des opportunités pour l'amélioration des différents bilans transmis aux marques.
- Validation et interprétation : Valider la robustesse et la performance des modèles. Interpréter les résultats des modèles et les traduire en recommandations actionnables pour les parties prenantes.
- Veille technologique : Se tenir informé(e) des dernières avancées en matière d'algorithmes, d'outils et de méthodologies en Data Science.
 
2. Développement
 
- Plateformisation de la régie : Déployer des solutions web d'interface de mise à disposition de la donnée structurée et pertinente pour les clients ou partenaires de la régie.
- Contribuer à l'optimisation des processus métier grâce à l'analyse de données (ex: automatisation de la programmation des campagnes, efficacité des campagnes régie, mesure de l'incrémentalité).
- Visualisation : Communiquer efficacement les résultats à travers des visualisations claires et des rapports pertinents (ex: Dashboard Javascript, Lookers).
 
Les plus de l'offre :
 
Vous travaillez sur le stack technologique data de ConsoRégie afin de promouvoir les données dans l'objectif de la vente et revente des futures campagnes, vous contribuez au développement du département Études : idées d'amélioration des process, des méthodes de calcul, de l'automatisation, transversalité avec l'ensemble des services de ConsoRégie : Traffic Management, Commercial, Administration des Ventes, Marketing.
 
Outils utilisés :
 
Suite Google GCP (suite IA Gémini), Google Analytics, Google DV360, Liveramp, Critéo Retail Media Platform, Salesforce, Meta Business Manager, etc.
 
Maîtrise avancée de Python / SQL
 
Maîtrise d'outils de visualisation (Tableau, Lookers,)
 

PROFIL : Profil recherché : Marketing/Produit 
De formation en Data Science, Statistiques, Mathématiques Appliquées, Informatique ou domaine équivalent, vous bénéficiez d'une première expérience à un poste similaire.
 
Rigoureux (euse), curieux (euse), doté(e) d'un esprit critique, d'un sens du service, vous appréciez le travail
 
en équipe. Vous portez un intérêt pour l'univers Retail Media.
 
Nous recherchons des personnalités dynamiques, sachant prendre des initiatives et qui souhaitent s'impliquer dans les évolutions de notre secteur et du mouvement. Il est important que nos candidats démontrent un réel engagement, des valeurs communes aux valeurs fortes portées par le mouvement Leclerc depuis sa fondation.
 
En rejoignant le Galec, vous pourrez valoriser et démontrer votre potentiel, développer vos compétences et acquérir une expérience enrichissante, à travers des passerelles entre les différents marchés et entités du Mouvement !
 
Envie de challenge ? Vous souhaitez tenter l'aventure dans un univers dynamique, enrichissant, au plus près des entrepreneurs ?
 
","
CDI

Contrat travail
",35H/semaine,unspecified,unspecified,E.leclerc,1 An(s),CDI,False
7340266,https://candidat.pole-emploi.fr/offres/recherche/detail/7340266,2026-09-24,Offre d'emploi Data Scientist H/F - 33 - Bordeaux - 7340266 | France Travail,33 - Bordeaux,"POSTE : Data Scientist H/F
DESCRIPTION : Chez Peaksys, les équipes Data Science sont au coeur de la stratégie d'innovation. En rejoignant l'équipe Data Science dédiée au moteur de recherche & au SEO du site Cdiscount, tu contribueras à un enjeu business direct : permettre à Cdiscount d'attirer des visiteurs sans dépendre uniquement de la publicité payante, en travaillant sur la pertinence de la recherche et sur la visibilité du site dans les résultats Google.  
Tu seras impliqué dans :  
* L'optimisation de pipelines de traitement de pages en Python et SQL, pour améliorer leur performance et leur volume de traitement  
* L'utilisation de LLMs pour enrichir et générer du contenu à plus grande échelle  
* Des travaux de NLP et de statistiques avancées pour améliorer la compréhension et la structuration du contenu des pages  
* Une veille régulière sur les nouveaux usages pour tester et intégrer les dernières avancées en data science  
Ton travail aura un impact direct et mesurable sur la visibilité organique du site, en combinant excellence technique, compréhension fine des mécaniques de référencement, et sens du produit.
Viens développer tes compétences et ton employabilité dans un environnement de travail unique : *  : Télétravail possible jusqu'à 2 jours/semaine, *  : Locaux modernes au centre de Bordeaux, *  : Offre de formation innovante, *  : Réductions exclusives sur le site Cdiscount, *  : CSE dynamique, *  : Avantages soutenant la parentalité. Et les indispensables :  carte restaurant,  chèques vacances,  plans d'épargnes entreprise,  remboursement à hauteur de 50% des titres de transport.
PROFIL : SERAS-TU THE ONE?  
Tu cherches un environnement stimulant, où la curiosité et l'apprentissage continu font partie du quotidien ? Rejoins une direction Data Science structurée autour de plusieurs équipes, où tu pourras confronter tes idées, approfondir ton expertise sur les enjeux de recherche et de référencement.  
Avec au moins 3 ans d'expérience en tant que Data Scientist, tu es capable de :  
* Modéliser un problème métier de façon autonome et choisir l'approche algorithmique la plus adaptée  
* Travailler efficacement en Python et SQL, avec une bonne maîtrise des sujets NLP et d'optimisation des LLMs  
* Être force de proposition sur la modélisation, l'optimisation des pipelines, et participer à la veille technique de l'équipe  
Mais au-delà des compétences techniques, ce poste requiert :  
* Une curiosité technique forte et un esprit proactif pour explorer de nouveaux leviers d'amélioration  
* Une aisance en communication et en vulgarisation technique, pour échanger avec les équipes métier  
* Un bon esprit d'équipe et une réelle autonomie dans la gestion de projet  
* Un mindset orienté produit et une capacité d'adaptation face à des sujets et des priorités évolutifs","
CDI

Contrat travail
",unspecified,unspecified,unspecified,Cdiscount,1 An(s),CDI,False
7335413,https://candidat.pole-emploi.fr/offres/recherche/detail/7335413,2026-09-24,Offre d'emploi Data Scientist Confirmé H/F - 38 - Crolles - 7335413 | France Travail,38 - Crolles,"POSTE : Data Scientist Confirmé H/F
DESCRIPTION : 
LE ROLE
 
Atral Security construit sa pratique Data. En tant que Data Scientist, vous serez un-e des deux premiers profils Data de l'entreprise et contribuerez à structurer la fonction. Vous interviendrez sur les problématiques de modélisation prédictive, d'analyse statistique et de valorisation de la donnée issue de nos produits connectés, avec un fort impact métier.
 
LES MISSIONS
 
- Construire et structurer la pratique Data Science au sein de l'entreprise.
- Identifier et formaliser, avec les équipes métier, les cas d'usage à forte valeur (détection d'anomalies, scoring, optimisation, etc.).
- Concevoir, développer et industrialiser des modèles ML / statistiques adaptés aux contraintes des produits connectés.
- Définir et suivre les indicateurs de performance des modèles en production.
- Collaborer étroitement avec le-la Data Engineer pour mettre en place les pipelines de données nécessaires.
- Évangéliser la culture data dans les équipes produit et techniques.
 

 
- Indemnité repas de 6,5€ par jours travaillés
- Remboursement des frais de transport
- Prime de participation et d'intéressement
- Prime de vacances
- Jours de repos supplémentaires (JSR)
- Mutuelle
 

PROFIL : 
- Expérience : 3 à 5 ans d'expérience en Data Science, avec au moins un projet industrialisé en production.
- Formation : Ingénieur-e, master spécialisé Data Science, statistiques ou équivalent.
- Maîtrise : Python (pandas, scikit-learn, NumPy, et au moins un framework deep learning : PyTorch ou TensorFlow).
- Compétences : modélisation statistique, ML supervisé / non supervisé, feature engineering, évaluation de modèle, MLOps de base.
- Atouts : expérience sur de la donnée IoT, capteurs, séries temporelles ou détection d'anomalies est un plus.
 
","
CDI

Contrat travail
",35H/semaine,40000.0,44000.0,Atral group,1 An(s),CDI,False
7327392,https://candidat.pole-emploi.fr/offres/recherche/detail/7327392,2026-09-24,Offre d'emploi Data Scientist H/F - 69 - Lyon 1er Arrondissement - 7327392 | France Travail,69 - Lyon 1er Arrondissement,"POSTE : Data Scientist H/F
DESCRIPTION : 
Data Scientist (H/F)
 
Vous êtes passionné(e) par la donnée et souhaitez avoir un impact réel grâce à vos analyses et modèles prédictifs ? Nous recherchons un(e) Data Scientist pour enrichir notre équipe et contribuer activement à la prise de décisions stratégiques basées sur la data.
 
Vos missions :
 
- Explorer et analyser des ensembles de données complexes pour en extraire des tendances et insights actionnables.
- Concevoir et optimiser des modèles prédictifs et des algorithmes de machine learning.
- Collaborer avec les différentes équipes (produit, marketing, technique) pour répondre aux enjeux business.
- Assurer la qualité et la pertinence des données en les nettoyant et les prétraitant.
- Présenter vos résultats et analyses à l'aide d'outils de visualisation adaptés.
- Améliorer en continu les modèles existants et rester en veille sur les évolutions du secteur.
 
Profil recherché :
 
- Diplôme : Master en Data Science, Informatique, Statistiques, Mathématiques ou domaine connexe.
- Compétences techniques :
 
    - Excellente maîtrise de Python.
    - Bonne connaissance des outils de visualisation de données (Tableau, Power BI).
    - Solides bases en statistiques et machine learning.
    - Familiarité avec les bases de données et requêtes SQL.
- Expérience :
 
    - Minimum 3 ans d'expérience en Data Science ou en analyse de données.
    - Expérience avérée dans la mise en production de modèles.
    - Travail en équipe et aisance en communication.
    - Une connaissance des technologies Big Data (Spark, Hadoop) est un plus.
 
Ce que nous offrons :
 
- Un salaire compétitif selon votre expérience.  
- Une couverture santé complète et des avantages bien-être.  
- Une flexibilité dans les horaires et la possibilité de télétravail.  
- Un environnement de travail stimulant et bienveillant.  
- Des opportunités de formation et d'évolution.  
  
Localisation : Lyon  
 
 Envie de relever le défi ? Rejoignez-nous et façonnez l'avenir de la data !
 
","
CDI

Contrat travail
",unspecified,50000.0,70000.0,Approach people recruitment,8 An(s),CDI,False
7326373,https://candidat.pole-emploi.fr/offres/recherche/detail/7326373,2026-09-24,Offre d'emploi Senior Data Scientist H/F - 44 - Nantes - 7326373 | France Travail,44 - Nantes,"POSTE : Senior Data Scientist H/F
DESCRIPTION : 
 Si tu souhaites postuler directement par Linkedin, scroll' tout en bas de l'annonce 
 
Pourquoi nous rejoindre ?
 
Parce que tu te sens limité dans ton terrain de jeux actuels et les technos/solutions que tu peux explorer ? Parce que tu en as assez des ""PoC tunnels"" qui ne voient jamais la prod et ne répondent à aucun besoin métier ?
 
Bienvenue chez Valeuriad, ESN Agile , engagée  et 100% Nantaise . Chez nous, pas de tour d'ivoire, pas de Silo entre Commu' Tech, l'important c'est de travailler ensemble pour apporter un maximum de valeur.
 
Notre conviction ?
 
L'usage de la donnée et de l'IA doit être utile, éthique et raisonné. Si tu partages l'idée qu'on n'a ""pas besoin d'une Porsche pour aller faire ses courses"" et que tu veux avoir un impact réel sur ton territoire, tu es au bon endroit !
 
Ton futur périmètre : contribuer activement à l'industrialisation d'IA complexes !
 
L'équipe en place est organisée en Scrum (12 personnes : Data, Dev, Test, PO, PM) et travaille sur des projets d'IA d'envergure !
 
Les sujets :
 
IA Générative (Chatbot) :
 
- Faire évoluer un chatbot de pointe pour nos clients internes, en l'enrichissant avec de nouvelles bases de données.
- Créer et automatiser la mesure de performance (le concept de ""LLM as a judge"" t'est-il familier ?).
- Préparer le déploiement à grande échelle de la solution.
 
Computer Vision (Analyse de Documents) :
 
- Développer des fonctionnalités de catégorisation automatique de documents.
- Optimiser l'extraction d'informations ciblées (notamment via l'OCR) à partir d'images.
- Participer à la conception des tableaux de bord de supervision.
 
Stack Technique :
 
- Python (maîtrise)
- SQL (requêtes efficaces et optimisées)
- Machine Learning
- Architectures Transformer
- Git
- Un aussi un peu d'OCR ou d'outils de dashboarding !
 
Témoignage de l'un de nos Data Scientist confirmé :
 
""Actuellement chez mon client, j'ai participé à la création d'un agent conversationnel basé sur LLM (Python, RAG, LangGraph/LangChain) pour les équipes commerciales. Le défi était de combiner diverses sources de données et d'optimiser les performances (pgvector, mongo, api métier). Nous avons évalué des modèles open source et cloud (GPT-4o, LLaMA 3, Gemma 3) pour trouver le meilleur compromis qualité-coût, avec un déploiement réussi sur Dataiku.""
 
Localité de nos clients : Ils sont très diversifiés mais tous locaux ! Nantes Centre (60%) et 1ère couronne uniquement !
 
Le Télétravail : l'usage est de 2 jours / semaine
 
Fourchette de salaire : 47 000K - 55 000K / an
 
Convention : Syntec (IDCC 1486)
 
Ce que Valeuriad t'apporte
 
- Un ancrage local fort : 70% de nos projets sont à Nantes Centre, le reste en 1ère couronne. On tient beaucoup à notre équilibre vie pro/perso.
- Des communautés vivantes : échange en temps réel sur nos canaux slack dédiés, participe aux ApéroTechs mensuels et Conférences hébergées, ou anime tes propres ateliers.
- Entreprise apprenante : accès à Pluralsight, Udemy, Certifs, Mentorat et Animation et Participation à des Conférences (DevFest, Printemps de la Tech, Salon de la Data, AI-pulse..).
- Une politique RSE forte en interne et auprès de notre écosystème.
- Notre agence : ""Le Nid"", notre espace éco-rénové à Nantes, conçu pour la convivialité et le travail collaboratif.
- Un suivi de carrière sur mesure grâce à un triptyque de référent RH/Commerce/Technique et un point d'échange planifié au moins tous les 3 mois. L'objectif : co-construire ton évolution de carrière en phase avec nos besoins et tes attentes.
 
Notre démarche recrutement, simple et efficace :
- Rencontre avec l'équipe RH : Juliette ou Inés te contactera, pour te présenter Valeuriad et nos champs d'expertise, comprendre ton parcours, ton projet et voir si nos planètes sont alignées.
- Rencontre avec un pair Data : vous parlez technique et vous vous challengez mutuellement. L'idée, c'est de voir si vous êtes bien alignés et si vous vous voyez bosser ensemble.
- Rencontre avec l'un de nos commerciaux pour te parler des contextes de nos clients et t'aider à te projeter dans cette nouvelle aventure pro.
 
PROFIL : 
Ton Profil : l'expertise au service du Collectif
 
Nous recherchons avant tout la bonne personne, qui saura se projeter dans notre organisation durablement.
 
Ton bagage :
 
- Une expérience solide : Tu as 6 ans d'expérience côté data, dont au moins 2 ans dédiés en conception et entrainement de LLM.
 
Ta posture :
 
- Pédagogue et bon communiquant.e : Tu sais te mettre au niveau de ton interlocuteur, qu'il soit Décideur, Tech ou Métier.
- Orienté.e Valeur : Tu estimes qu'une solution performante est avant tout une solution qui répond aux enjeux métiers.
- Collaboratif-ve : Tu es convaincu-e que la réussite est collective et tu aimes partager tes connaissances.
 
","
CDI

Contrat travail
",unspecified,47000.0,55000.0,Valeuriad,1 An(s),CDI,False
7325976,https://candidat.pole-emploi.fr/offres/recherche/detail/7325976,2026-09-24,Offre d'emploi Data Scientist Expérimenté H/F - 44 - Nantes - 7325976 | France Travail,44 - Nantes,"POSTE : Data Scientist Expérimenté H/F
DESCRIPTION : 
 Si tu souhaites postuler directement par Linkedin, scroll' tout en bas de l'annonce 
 
Valeuriad, c'est une ESN Agile, engagée, 100% Nantaise et organisée sur un mode de management collaboratif. 
 
On recrute aujourd'hui des Data Scientist (F/H/NB) (CDI) pour rejoindre nos coéquipiers !
 
Pour t'aider à te projeter voici un exemple de mission concrète :
 
L'objectif est de contribuer activement à l'industrialisation d'IA complexes !
 
L'équipe en place est organisée en Scrum (12 personnes : Data, Dev, Test, PO, PM) et travaillent sur des projets d'IA d'envergure !
 
Les sujets :
 
IA Générative (Chatbot) :
 
- Faire évoluer un chatbot de pointe pour nos clients internes, en l'enrichissant avec de nouvelles bases de données.
- Créer et automatiser la mesure de performance (le concept de ""LLM as a judge"" t'est-il familier ?).
- Préparer le déploiement à grande échelle de la solution.
 
Computer Vision (Analyse de Documents) :
 
- Développer des fonctionnalités de catégorisation automatique de documents.
- Optimiser l'extraction d'informations ciblées (notamment via l'OCR) à partir d'images.
- Participer à la conception des tableaux de bord de supervision.
 
Notre Stack Technique :
 
- Python (tu maîtrises ce langage avec une approche orientée industrialisation)
- SQL (tes requêtes sont efficaces et optimisées)
- Machine Learning (les modèles n'ont pas de secrets pour toi)
- Architectures Transformer (tu connais !)
- Git (indispensable pour le travail en équipe)
- Un plus si tu as déjà travaillé avec l'OCR ou des outils de dashboarding !
 
Côté client :
 
Ils sont très diversifiés mais tous locaux ! Nantes Centre (60%) et 1ère couronne !
 
On sait que c'est hyper important de pouvoir se projeter sur une mission lors d'une candidature mais nous ne pouvons pas encore te dire précisément sur laquelle tu seras . Pour t'éclairer sur ce que pourrait être ton rôle, voici le témoignage de mission d'un Data Scientist chez Valeuriad : ""Actuellement chez mon client, j'ai participé à la création d'un agent conversationnel basé sur LLM (Python, RAG, LangGraph/LangChain) pour les équipes commerciales. Le défi était de combiner diverses sources de données et d'optimiser les performances (pgvector, mongo, api métier). Nous avons évalué des modèles open source et cloud (GPT-4o, LLaMA 3, Gemma 3) pour trouver le meilleur compromis qualité-coût, avec un déploiement réussi sur Dataiku.""
 
Le Télétravail : l'usage est de 2 jours / semaine
 
Nous recherchons un profil expérimenté pour ce poste 
 
Fourchette rémunération envisagée : 46 000k - 53 000k Annuel brut
 
Convention : Syntec (IDCC 1486)
 
Et maintenant, rentrons dans le vif du sujet : Valeuriad c'est quoi ?
 
- Une entreprise de 180 Valeurieux où tu connaîtras (presque) tout le monde.
- 3 offres de service : DevOps / Data-IA / Conseil Agile
- Nos valeurs communes incarnées et partagées par tous : l'Engagement, le Collaboratif, le Partage, l'Authenticité.
 
Une communauté Data de + de 30 passionnés :
 
- Data Engineer, Data Scientist, Data Analyst, MLops..
 
Notre organisation :
 
- Une expertise métiers : en moyenne, nos co-équipiers ont 8 années d'expérience et évoluent en environnement complexe.
- Un environnement de travail confortable : Notre Nid > Un espace éco-rénové, doté de bureaux ergonomiques, d'une salle de détente et un accès en libre service aux boissons et petites gourmandises quotidiennes.
- Une organisation d'entreprise collaborative où tu auras la possibilité de participer à des sujets internes : demi-journée d'innovation ; bourse aux rôles ; intégrer un de nos comités (RSE, technique ou mécénat).
- Une entreprise engagée avec une politique RSE forte en interne et auprès de notre écosystème.
- Un suivi de carrière personnalisé et sur mesure grâce à un triptyque de référent RH/Commerce/Technique et des points d'échange réguliers. L'objectif : co-construire ton évolution de carrière en phase avec nos besoins et attentes.
 
Notre démarche recrutement, simple et efficace :
- Rencontre avec l'équipe RH : Juliette ou Inés te contactera, pour te présenter Valeuriad et nos champs d'expertise, comprendre ton parcours, ton projet et voir si nos planètes sont alignées.
- Rencontre avec un membre de notre Commu Data : avec Nicolas, notre Directeur Technique en lead sur la Data pour comparer vos visions et mesurer ton apport de valeur.
- Rencontre avec l'un de nos commerciaux pour te parler des contextes de nos clients et t'aider à te projeter dans cette nouvelle aventure pro.
 
Tu te reconnais dans cette description et tu souhaites en savoir plus ?  Alors Candidate ! 
 

","
CDI

Contrat travail
",unspecified,46000.0,53000.0,Valeuriad,1 An(s),CDI,False
7294260,https://candidat.pole-emploi.fr/offres/recherche/detail/7294260,2026-09-24,Offre d'emploi Data Scientist Genai H/F - 69 - Chaponnay - 7294260 | France Travail,69 - Chaponnay,"POSTE : Data Scientist Genai H/F
DESCRIPTION : Vous rejoignez l'équipe Data Science & IA composée de spécialistes Data et IA, au sein de la Direction Data (30 collaborateurs).  
  
 Aux côtés d'Abdelhakim, vous serez l'un des référents techniques sur les sujets d'IA Générative et accompagnerez les métiers dans la conception de solutions innovantes.  
  
 Le poste s'articule autour de trois grands axes.  
 
- Conception et développement de solutions IA : développement d'agents IA, conception de solutions basées sur des LLM et des architectures RAG, optimisation de la qualité des réponses produites, maîtrise des coûts d'exploitation des modèles.
 
- Industrialisation des solutions : mise en place des pratiques MLOps, industrialisation des pipelines, monitoring et observabilité, gouvernance et sécurisation des modèles.
 
- Accompagnement des métiers : identification et qualification des cas d'usage, challenge des besoins afin de proposer les meilleures approches techniques, accompagnement des utilisateurs dans l'adoption des solutions d'IA, conduite du changement autour des nouveaux outils.
 
Pourquoi rejoindre cette entreprise ?  
 
- Des projets GenAI concrets : vous développerez des solutions utilisées quotidiennement par les métiers.
- Un rôle clé dans la transformation IA : vous interviendrez de la définition du besoin jusqu'à la mise en production.
- Une forte autonomie technique : vous participerez aux choix d'architecture et aux orientations techniques de l'équipe.
- Un environnement moderne : Azure, Databricks, MLOps et IA Générative au coeur des nouveaux projets.
- Des conditions attractives : Contrat cadre au forfait, RTT, 2 jours de télétravail, variable sur objectif, restaurant d'entreprise, salle de sport, conciergerie 
 
Compléments
Lieu : Chaponnay  
 Contrat : CDI  
  
 Si votre profil correspond, nous reviendrons vers vous dans les 7 jours à compter de la date d'envoi.  
 
PROFIL : 
- Vous justifiez d'au moins 4 ans d'expérience en Data Science.
- Vous possédez 2 à 3 années d'expérience significative sur des projets d'IA Générative.
- Vous maîtrisez les concepts de base du machine learning.
- Vous êtes à l'aise pour échanger directement avec les équipes métiers et transformer leurs besoins en solutions techniques.
 
","
CDI

Contrat travail
",unspecified,unspecified,unspecified,Silkhom,1 An(s),CDI,False
7280579,https://candidat.pole-emploi.fr/offres/recherche/detail/7280579,2026-09-24,Offre d'emploi Data Scientist Talend - Power Bi H/F - 35 - Rennes - 7280579 | France Travail,35 - Rennes,"POSTE : Data Scientist Talend - Power Bi H/F
DESCRIPTION : 
Envie d'un nouveau challenge CELAD vous attend !
 
Nous poursuivons notre développement et recherchons actuellement un(e) Data Scientist Talend / Power BI H/F pour intervenir chez un de nos clients.
 
Contexte :
 
Vous rejoindrez un environnement Data transverse, avec pour objectif de consolider, analyser et valoriser les données afin de construire et faire évoluer des outils de pilotage, de reporting et d'aide à la décision.
 
Vous interviendrez sur des solutions existantes à maintenir et améliorer, mais également sur la conception de nouveaux systèmes d'analyse, de prévision et de prédiction.
 
Au coeur des échanges entre les équipes métiers, de production et les équipes techniques, vous contribuerez à transformer des données issues de sources multiples en indicateurs et analyses exploitables.
 
Votre mission :
 
Au sein d'une équipe projet, vous serez en charge de :
 
- Reprendre, maintenir et faire évoluer les solutions et outils Data existants
 
- Collecter, consolider et analyser des données issues de sources SQL et NoSQL
 
- Concevoir et développer des flux d'intégration et de transformation de données avec Talend
 
- Créer et faire évoluer des tableaux de bord et rapports sous Power BI
 
- Construire de nouveaux outils de prévision et d'analyse prédictive à partir de données métier, techniques et contextuelles
 
- Définir et suivre les indicateurs nécessaires au pilotage de l'activité et à l'analyse des performances
 
- Participer à l'amélioration continue des solutions Data et identifier de nouvelles pistes d'exploitation des données
 
- Rédiger la documentation technique et fonctionnelle ainsi que les procédures d'exploitation et de maintenance
 
- Collaborer avec les équipes métiers et techniques dans le cadre d'un rôle transverse
 
PROFIL : 
Votre Profil & l'Environnement technique dans lequel vous évoluerez :
 
- Expertise indispensable sur Talend et Power BI
 
- Solide maîtrise des bases de données SQL et NoSQL, notamment MariaDB, SQL Server et MongoDB
 
- Bonne connaissance des environnements de logs et d'analyse de données tels que ELK, OpenSearch ou Kibana
 
- Des compétences en Python seraient appréciées
 
- Une connaissance des approches Machine Learning et Deep Learning serait un plus
 
- Capacité à concevoir et faire évoluer des modèles d'analyse, de prévision ou de prédiction
 
- Compétences en rédaction de spécifications techniques et fonctionnelles ainsi que de procédures d'exploitation
 
- Autonomie, curiosité, créativité et goût pour l'amélioration continue
 
- Bon esprit d'analyse, capacité de synthèse et aisance dans les échanges avec des interlocuteurs métiers et techniques
 
 Quelques infos importantes à retenir :
 
- Expérience de 5 ans minimum sur un poste similaire
 
- 2 jours de télétravail par semaine
 
- Date de démarrage : Dès que possible
 
- Type de contrat : CDI, Freelance, Portage salarial
 
Situation géographique : Rennes (35000)
","
CDI

Contrat travail
",35H/semaine,40000.0,48000.0,Celad,1 An(s),CDI,False
7280224,https://candidat.pole-emploi.fr/offres/recherche/detail/7280224,2026-09-24,Offre d'emploi Datascientist - Ai Ops H/F - Île-de-France - 7280224 | France Travail,Île-de-France,"POSTE : Datascientist - Ai Ops H/F
DESCRIPTION : 
Un modèle qui reste dans un notebook ne crée aucune valeur. Toi, tu le mets en production et tu le fais durer.
 
Chez SOMA, tu conçois, industrialises et déploies des modèles de Machine Learning et d'IA pour nos grands comptes, du prototype jusqu'à la production sur le cloud et Snowflake. Ton terrain : le MLOps, les LLM et l'IA générative appliqués à des cas d'usage réels, ceux qui tiennent la charge et créent de la valeur au quotidien.
 
Ce que tu construis
 
- Collecter et transformer la donnée (APIs, CRM, ERP, data lakes) et l'industrialiser dans Snowflake.
- Concevoir des pipelines de Machine Learning et des workflows automatisés (Snowpark, Python).
- Entraîner, déployer et monitorer des modèles prédictifs (scikit-learn, TensorFlow, PyTorch), jusqu'aux cas d'usage LLM et IA générative.
- Mettre en place le MLOps de bout en bout : CI/CD, versioning, monitoring et réentraînement des modèles.
- Assurer une veille active sur Snowflake, le MLOps et l'IA générative pour garder une longueur d'avance.
 

 
Processus de recrutement :  
  
1) Echange RH (visio)  
  
2) Echange technique avec un consultant (visio)  
  
3) Echange avec un consultant manager et/ou membre du CODIR (présentiel)
 
Tes avantages :
 
- Santé : mutuelle prise en charge à 100% par le cabinet
- Accès à la plateforme Benefiz, ta cagnotte d'avantages 100% digitale (10€ crédités par jour travaillé) : titres-restaurant, culture, loisirs, sport, chèques cadeaux
 
Informations supplémentaires :  
Siège basé dans le 2ème arrondissement de Paris
 
Télétravail Partiel
 
PROFIL : 
- Bac +5, 2 ans et + en Data Science ou Machine Learning, avec des modèles réellement passés en production.
- Solide maîtrise de Python et SQL, de Snowflake et d'un cloud (Azure, AWS), Snowpark.
- À l'aise avec dbt, Airflow et la conteneurisation (Docker, Kubernetes un plus).
- L'envie de faire vivre des modèles en production, pas seulement d'écrire des notebooks, et une vraie curiosité pour la GenAI et les approches agentiques.
 
","
CDI

Contrat travail
",35H/semaine,46000.0,60000.0,Soma,1 An(s),CDI,False
7274600,https://candidat.pole-emploi.fr/offres/recherche/detail/7274600,2026-09-24,Offre d'emploi Data Scientist - MLOps H/F - 33 - Bordeaux - 7274600 | France Travail,33 - Bordeaux,"POSTE : Data Scientist - MLOps H/F
DESCRIPTION : 
GUARANI, société spécialisée dans les solutions informatiques innovantes, poursuit son développement et recherche un MLOps Engineer pour rejoindre ses équipes Data.
 
Vos missions
 
Au sein d'une équipe dynamique et passionnée, vous interviendrez sur des projets à forte valeur ajoutée autour de la data et de l'IA.
 
Vos principales responsabilités seront :
 
- Industrialiser et automatiser le déploiement des modèles de machine learning (CI/CD, ML pipelines)
- Concevoir, maintenir et optimiser les environnements de production dédiés à la Data Science et à l'IA
- Mettre en place des pipelines MLOps robustes pour l'entraînement, la validation et le déploiement des modèles
- Collaborer avec les Data Scientists et Data Engineers pour assurer l'intégration fluide des modèles dans les systèmes de production
- Mettre en oeuvre des outils de monitoring, d'observabilité et de versioning des modèles et des données
- Garantir la performance, la scalabilité et la fiabilité des solutions mises en production
 

 
- Prime sur Intéressement
- Prime de cooptation 1000 €
- Prime d'apporteur d'affaires 150 € (+150€ à la signature)
- Carte Ticket Restaurant de 8€/ jour
- Mutuelle prise en charge à 50%
- Transports pris en charge à 50%
- Les + : une ambiance d'équipe fun et bienveillante, des supers locaux avec rooftop, babyfoot, fléchette, switch, ping-pong, corbeille de fruits, des événements techniques, de nombreux afterworks,
 

PROFIL : 
- Vous justifiez d'une première expérience en MLOps, Data Engineering ou DevOps appliqué à la Data
- Vous maîtrisez des outils tels que Docker, Kubernetes, MLflow, Airflow, Kubeflow ou TensorFlow Serving
- Vous avez une bonne connaissance des environnements Cloud (AWS, Azure, GCP)
- Vous êtes à l'aise avec Python et les outils d'automatisation / CI-CD (GitLab CI, Jenkins, ArgoCD)
- Curieux(se) et rigoureux(se), vous aimez travailler en équipe et contribuer à des projets innovants
 
","
CDI

Contrat travail
",35H/semaine,45000.0,65000.0,Guarani,1 An(s),CDI,False
7274443,https://candidat.pole-emploi.fr/offres/recherche/detail/7274443,2026-09-24,Offre d'emploi Data Scientist - Ocr Factory H/F - 94 - Fontenay-sous-Bois - 7274443 | France Travail,94 - Fontenay-sous-Bois,"POSTE : Data Scientist - Ocr Factory H/F
DESCRIPTION : 
Vos missions
 
L'expertise technologique au service de la clientèle est au coeur de la stratégie de développement du groupe Crédit Mutuel qui enrichit régulièrement son offre de services innovants et sécurisés. C'est dans cet esprit précurseur que l'OCR Factory a été fondée : sa mission consiste à développer, déployer et intégrer des solutions permettant le traitement de documents numérisés pour le compte du groupe Crédit Mutuel et de ses filiales.
 
L'équipe « Plateforme OCR », localisée à Val De Fontenay (région Parisienne) et à Nancy, a vocation à répondre à l'ensemble des demandes OCR, depuis l'optimisation de la reconnaissance de documents, pièces jointes ou photos, jusqu'à l'implémentation d'outils de paramétrage, d'interface ou de statistiques.  L'équipe conçoit également une solution de prévention de la fraude documentaire, incluant des outils de détection et d'explicabilité.
 
Dans ce contexte, nous recrutons un/e Data Scientist expérimenté(e) qui participera à la veille, à la R&D et à la mise en place de solutions, sous la responsabilité du responsable d'équipe.
 
Vos missions consisteront à :
 
- Définir, organiser et animer une veille technologique active sur les domaines de l'IA, l'IA Générative et les systèmes agentiques, en collaboration avec les autres Data Scientist de l'équipe,
- Identifier les technologies émergentes et évaluer leur pertinence pour nos besoins,
- Concevoir des prototypes et des démonstrateurs afin de valider rapidement les nouvelles approches,
- Concevoir et développer des solutions innovantes autour du traitement intelligent de documents, de l'extraction et de la structuration d'informations, de la détection et de la prévention de la fraude documentaire,
- Accompagner l'équipe dans l'industrialisation des solutions développées,
- Evaluer de manière critique, avec une démarche statistique, les performances de chaque solution,
- Partager votre expertise auprès des équipes via des présentations, ateliers et retours d'expérience.
 
Ce que vous allez vivre chez nous
 
Concrètement nos collaborateurs et nos collaboratrices bénéficient :
 
- D'une rémunération fixe versée sur 13 mois
- De 29 jours de congés payés et jusqu'à 23 jours de RTT par an
- D'une prime de participation et d'intéressement pouvant atteindre jusqu'à 2 mois de salaire en fonction des résultats du groupe
- D'un accord permettant jusqu'à 2 jours de télétravail/semaine
- D'un plan épargne entreprise (PEE), d'un plan épargne retraite collectif (PERECOL) et d'un compte épargne temps (CET)
- D'une participation aux frais de transports en commun jusqu'à 75 % ou d'une prime mobilité douce (cyclistes, covoiturage)
- D'un régime de retraite supplémentaire (PERO) prise en charge à 100 % par l'employeur après 12 mois d'ancienneté
- D'un plan de formation ambitieux et d'un accompagnement tout au long de la carrière
- D'une convention collective avantageuse et d'un ensemble de mesures complémentaires (parentalité, handicap et proches aidants, égalité professionnelle, )
 
Ce que nous allons aimer chez vous
 
De formation informatique Bac +4/+5, vous avez une expérience de 5 ans minimum en tant que Data Scientist sur des projets innovants et/ou industriels. Vous souhaitez évoluer dans un environnement où l'innovation fait partie du quotidien.
 
Compétences générales :
 
- Rigueur, autonomie et force de proposition,
- Bonnes capacités de communication orales et écrites,
- Capacité à vulgariser et à partager vos connaissances,
- Savoir expérimenter rapidement de nouvelles approches,
- Savoir prendre du recul sur les tendances technologiques,
- Esprit proactif, créatif et orienté résultats.
 
Savoir-faire technologique :
 
- Une bonne maîtrise de Python et de l'écosystème IA, des connaissances en C# seraient un plus,
- Une excellente maîtrise des techniques de Machine Learning et de Deep Learning,
- Une expertise des modèles de langage (LLM), de l'IA Générative et des architectures RAG,
- Une bonne connaissance des systèmes multi-agents et des Framework agentiques.
 
Serait un plus, mais non indispensable :
 
- Une expérience des problématiques de traitement documentaire (OCR, NLP, classification, extraction d'informations, recherche sémantique) ou une forte appétence pour ce domaine,
- Une sensibilité aux problématiques de fraude documentaire ou de détection d'anomalies,
- Notions des architectures cloud.
 
Un bon niveau d'anglais est attendu.
 
On dit de vous êtes curieux et passionné par les innovations autours de l'IA ? que vous faites preuve d'initiatives et d'esprit critique.  Vous êtes est capable de structurer une démarche de veille durable ?
 
Vous êtes doté(e) d'un relationnel à tout épreuve, d'un véritable esprit d'équipe, du sens du service clients et de l'envie de vous investir fonctionnellement et techniquement dans des projets ?
 
Alors cette offre est faite pour vous !
  
 
","
CDI

Contrat travail
",unspecified,45000.0,55000.0,Euro information,1 An(s),CDI,False
7273498,https://candidat.pole-emploi.fr/offres/recherche/detail/7273498,2026-09-24,Offre d'emploi Senior Data Scientist - IA Générative H/F - 69 - Lyon 3e Arrondissement - 7273498 | France Travail,69 - Lyon 3e Arrondissement,"POSTE : Senior Data Scientist - IA Générative H/F
DESCRIPTION : 
Rejoignez notre équipe lyonnaise dans des projets innovants à la pointe de l'IA et du Machine Learning, dans un environnement propice à la formation et au développement continu.
 
Nos clients sont des grands comptes de secteurs d'activité variés (Industrie, Transport, Logistique, Banque, Assurance, Energie).
 
Vos missions :
 
- Analyser les besoins métiers et les cas d'usage pour concevoir des solutions data pertinentes.
- Mettre en place et gérer les pipelines d'acquisition et de traitement des données (collect, nettoyage, transformation).
- Sélectionner et implémenter des modèles d'intelligence artificielle (Machine Learning, Deep Learning, LLM) adaptés aux problématiques clients.
- Déployer les algorithmes à grande échelle, les industrialiser et les optimiser pour garantir leur performance.
- Assurer une veille technologique constante et documenter vos choix techniques pour garantir l'excellence et l'innovation.
 

 
Comment se déroule le processus de recrutement chez Devoteam ? Il comporte 2 à 3 entretiens :
 
- Talent Acquisition Interview : l'objectif est de faire le point sur vos compétences, votre niveau d'anglais et de valider vos éléments de motivation  
 - Tech & Business Interview : cet entretien vise à approfondir vos compétences techniques et à vérifier leur adéquation avec nos besoins lors d'un échange avec un expert métier  
 - Leadership Interview : il permet d'évaluer votre potentiel, vos ambitions et d'envisager votre évolution au sein de Devoteam.  
 Nous privilégions au moins un entretien en présentiel. Une prise de référence est demandée et, selon votre profil, des tests (techniques, anglais, personnalité) peuvent vous être adressés.  
 Si votre candidature est retenue, nous vous faisons parvenir une proposition présentant les conditions d'embauche. En cas d'acceptation, le contrat de travail est formalisé.
 
Le Groupe Devoteam oeuvre pour l'égalité des chances, pour la promotion de ses collaboratrices et de ses collaborateurs au mérite et lutte activement contre toute forme de discrimination. Nous sommes convaincus que la diversité contribue à la créativité, au dynamisme et à l'excellence de notre organisation. Chaque candidature est donc considérée indépendamment de tout critère discriminatoire.
 
PROFIL : 
Nous recherchons un(e) Data Engineer diplômé(e) d'une école d'ingénieur ou équivalent (Bac +5) avec au moins 5 ans d'expérience post formation.
 
Vous disposez d'excellentes capacités d'analyse et de résolution de problèmes. Votre curiosité intellectuelle et votre rigueur sont essentielles pour mener à bien vos missions. Vous êtes également capable de communiquer des concepts techniques à des non-spécialistes et de travailler en équipe.
 
Compétences techniques :
 
- Maîtrise des concepts et des applications des Grands Modèles de Langage (LLM).
- Expertise approfondie des techniques de Retrieval Augmented Generation (RAG) pour l'amélioration des LLM.
- Solide expérience avec Langchain ou des frameworks similaires pour la construction d'applications LLM.
- Développement avancé en Python.
- Connaissance et mise en oeuvre de stratégies de vectorisation.
 
Pourquoi nous rejoindre :
 
Nous sommes une AI-Driven Company, partenaire des plus grands partenaires technologiques (Google, AWS, Microsoft, ServiceNow,) et composée d'un important collectif d'experts (50 tribus d'expertise). Avec 75% de nos collaborateurs certifiés dont 100 % sur la GenAI, Devoteam s'impose comme une Learning Company, où l'apprentissage continu est au coeur de notre ADN.
","
CDI

Contrat travail
",35H/semaine,unspecified,unspecified,Devoteam france,8 An(s),CDI,False
7272162,https://candidat.pole-emploi.fr/offres/recherche/detail/7272162,2026-09-24,Offre d'emploi Data Scientist H/F - 31 - Toulouse - 7272162 | France Travail,31 - Toulouse,"POSTE : Data Scientist H/F
DESCRIPTION : 
En tant que Data Scientist, vous serez responsable du développement de modèles avancés et de leur intégration dans des pipelines de production, en collaboration étroite avec les Data Engineers, ML Engineers et équipes métier.
 
Vos missions incluront :
 
- Développement & Modélisation
 
- Concevoir, développer et optimiser des modèles de machine learning, deep learning ou de modélisation mathématique.
- Réaliser l'analyse exploratoire des données (EDA), le prétraitement, la sélection de features et la validation statistique.
- Mettre en place des expérimentations reproductibles et comparer différentes approches (benchmarks).
 
- Qualité, Tests & Documentation
 
- Effectuer des tests unitaires, tests de performance et validation des modèles.
- Participer aux phases de test, recette et mise en service des modèles.
- Rédiger de la documentation technique claire, structurée et exploitable.
- Fournir des livrables professionnels : modèles performants, code commenté, notebooks reproductibles, guides utilisateurs.
 
- Intégration & Collaboration
 
- Présenter vos résultats (métriques, choix techniques, limites, recommandations) aux chefs de projets et parties prenantes métier.
- Accompagner et former les utilisateurs finaux à la compréhension et à l'usage des modèles développés.
 
- Veille technologique & Innovation
 
- Assurer une veille continue sur les méthodes IA, les frameworks ML/DL, et les bonnes pratiques de modélisation.
- Proposer des améliorations, de nouvelles approches et participer activement à la construction de l'expertise IA de MP DATA.
 

 
Déroulement des entretiens
 
- Prise de contact téléphonique (5/10min)
- 1er entretien : Présentation de vos expériences et projets + présentation globale MP DATA (45min/1h)
- Test technique adapté à votre métier et sur un cas d'usage concret
- 2ème entretien : Entretien Technique (1h)
- 3ème entretien : Visite de nos locaux à Balma (31130) et échange avec notre Directeur d'Agence
 

PROFIL : 
Diplômé(e) d'une grande école d'ingénieur (Centrale, Mines, Supaero, Supelec, INSA, ISAE, etc.) ou équivalent, vous disposez d'au moins 1 an d'expérience en Data Science et d'une solide base en mathématiques appliquées, statistiques et apprentissage automatique.
 
Vous êtes reconnu(e) pour :
 
- Votre rigueur scientifique et votre capacité d'analyse.
- Votre autonomie, votre curiosité et votre sens de l'initiative.
- Votre capacité à vulgariser vos travaux auprès de profils techniques ou métier.
- Votre goût pour la résolution de problèmes complexes dans des environnements industriels.
- Votre esprit d'équipe et votre envie de contribuer à des projets concrets.
 
Compétences techniques
 
- Très bonne maîtrise de Python (écosystème : NumPy, Pandas, Scikit-learn, TensorFlow / PyTorch).
- Solides bases en machine learning, deep learning, statistiques et modélisation mathématique.
- Connaissances en R, C++ ou C# (un plus selon projet).
- Bonne compréhension des environnements de données et des bonnes pratiques de développement.
 
Souhaitées
 
- Expérience avec des frameworks ML/DL avancés (HuggingFace, XGBoost, LightGBM, etc.).
- Capacité à travailler en équipe et esprit d'équipe
- Connaissance des méthodologies Agile.
- Appétence pour les environnements Cloud (AWS, GCP, Azure).
- Familiarité avec des outils de dataviz (Plotly, Power BI, Streamlit).
- Connaissance du secteur industriel ou aéronautique.
 
Appréciées
 
- Capacité d'auto-formation rapide.
- Intérêt pour le NLP, la vision par ordinateur ou les modèles génératifs.
- Solide expérience en modélisation mathématique, machine learning, deep learning
- Maîtrise du français et bonne maitrise de l'anglais
 
","
CDI

Contrat travail
",35H/semaine,40000.0,58000.0,Mp data,1 An(s),CDI,False
7269729,https://candidat.pole-emploi.fr/offres/recherche/detail/7269729,2026-09-24,Offre d'emploi Data Scientist Confirmé H/F - Île-de-France - 7269729 | France Travail,Île-de-France,"POSTE : Data Scientist Confirmé H/F
DESCRIPTION : 
Contexte du poste
 
Nous recherchons un Data Scientist Confirmé pour rejoindre une équipe Data & IA intervenant sur des projets à forte valeur métier.
 
Vous travaillerez sur plusieurs cas d'usage successifs autour de la Data Science, de l'IA et de l'optimisation, avec des problématiques concrètes : prédiction, simulation, optimisation des opérations, maintenance prédictive ou encore amélioration de processus métiers.
 
Missions principales
 
- Identifier et qualifier des cas d'usage Data Science à forte valeur métier
- Collecter, préparer, fiabiliser et analyser les données
- Concevoir, entraîner et évaluer des modèles de Machine Learning / IA
- Développer des notebooks, pipelines et codes prêts à être industrialisés
- Participer au déploiement des modèles en production et accompagner leur passage du build au run
- Collaborer avec les équipes métiers et techniques pour comprendre les problématiques opérationnelles
- Participer aux différentes cérémonies et instances projet
- Documenter les modèles, analyses et développements réalisés
- Présenter et valoriser les résultats auprès des différentes parties prenantes
 

 
- Démarrage prévisionnel : 5 octobre 2026
- Projets Data & IA à forte dimension opérationnelle
- Environnement grand groupe
- Mission longue durée
- Télétravail jusqu'à 2 jours par semaine
- Carte Swile
- Excellente mutuelle
- Excellente prévoyance
- Accès privilégié aux formations et certifications de votre choix
 

PROFIL : 
- Formation Bac +5 en Data Science, Mathématiques, Statistiques, IA ou équivalent
- 2 à 7 ans d'expérience en Data Science
- Très bonne maîtrise de Python, SQL et Git
- Solides compétences en Machine Learning, statistiques et mathématiques
- Expérience dans le développement et le déploiement de modèles en environnement de production
- Capacité à travailler sur des problématiques métiers et des jeux de données variés
- Une connaissance de Databricks / PySpark est appréciée
- Des compétences en Recherche Opérationnelle / optimisation constituent un vrai plus
- Une expérience dans un grand groupe ou un environnement industriel est recherchée
- Autonomie, curiosité, capacité d'analyse et bon relationnel
 
","
CDI

Contrat travail
",35H/semaine,45000.0,60000.0,Savane consulting,1 An(s),CDI,False
7267667,https://candidat.pole-emploi.fr/offres/recherche/detail/7267667,2026-09-24,Offre d'emploi Data Analyst - Data Scientist Sénior H/F - 13 - Aix-en-Provence - 7267667 | France Travail,13 - Aix-en-Provence,"POSTE : Data Analyst - Data Scientist Sénior H/F
DESCRIPTION : 
Contexte :
 
Dans le cadre du renforcement de son équipe Data & Performance, notre client recherche un(e) Data Analyst disposant également de compétences en Data Science afin d'accompagner la production d'analyses décisionnelles et le développement de nouveaux usages data.
 
Missions :
 
- Concevoir et produire des tableaux de bord et reportings Power BI.
- Réaliser des analyses avancées de données.
- Développer et optimiser des pipelines de données sur Google Cloud Platform.
- Collaborer avec les équipes métiers pour comprendre et répondre aux besoins analytiques.
- Participer à l'industrialisation des traitements et à l'amélioration continue des processus Data.
 
Compétences requises
 
- Power BI (confirmé)
- Google Cloud Platform (GCP)
- BigQuery
- DBT
- Composer
- Analyse de données et Data Science
 

PROFIL : 
- Entre 6 et 9 ans d'expérience obligatoire (hors alternance et stages)
- Forte autonomie et capacité d'analyse.
- Bon relationnel et aptitude à travailler avec des interlocuteurs métiers.
- Mobilité sur Aix-en-Provence appréciée.
 
","
CDI

Contrat travail
",35H/semaine,unspecified,unspecified,Lùkla,1 An(s),CDI,False
7265066,https://candidat.pole-emploi.fr/offres/recherche/detail/7265066,2026-09-24,Offre d'emploi Lead Data Scientist IA H/F - 92 - Puteaux - 7265066 | France Travail,92 - Puteaux,"POSTE : Lead Data Scientist IA H/F
DESCRIPTION : 
En tant que Lead, vous pilotez le cycle de vie complet des projets de Data Science. Vous adoptez une approche centrée sur la valeur métier pour transformer des modèles complexes en outils d'aide à la décision industrialisés.
 
Vos Missions
 
- Pilotage de la Valeur : Qualifier et prioriser les cas d'usage. Rédiger les documents de cadrage, business cases et plannings projets
- Management & Staffing : Sourcer et piloter une équipe de Data Scientists/Analysts. Gérer les plans de charge et le reporting financier des activités
- Industrialisation : Superviser le développement de modèles (IA, Statistiques, GenAI) et assurer leur intégration dans les chaînes opérationnelles (""Run"" et maintenance)
- Qualité & Éthique : Garantir la robustesse scientifique et la conformité aux normes (IA Act, RGPD, IA Frugale). Valider l'exhaustivité de la documentation technique
- Fédération : Animer les comités projets en faisant le lien entre les métiers (PO, sponsors) et les équipes techniques (MLOps, Architectes)
 

PROFIL : 
Issu d'une formation Bac +5, vous justifiez d'au moins 7 ans d'expérience en tant que data scientist.
 
- Expertise Scientifique : Expertise en mathématiques, statistiques et algorithmes d'IA
- Stack Technique : Maîtrise de Python, SQL, Git (PySpark apprécié). Expérience en milieu industriel
- Gestion de Projet : Maîtrise des méthodes Agiles et du pilotage budgétaire
- Spécialités (selon besoin) : IA générative, NLP, Computer Vision ou Recherche Opérationnelle
 
","
CDI

Contrat travail
",35H/semaine,55000.0,70000.0,Starclay,1 An(s),CDI,False
7263261,https://candidat.pole-emploi.fr/offres/recherche/detail/7263261,2026-09-24,Offre d'emploi Business Analyst - Data Scientist - Domaine Lcb - Ft H/F - 75 - Paris 1er Arrondissement - 7263261 | France Travail,75 - Paris 1er Arrondissement,"POSTE : Business Analyst - Data Scientist - Domaine Lcb - Ft H/F
DESCRIPTION : 
Détails de L'OFFRE
 
Vous interviendrez au sein des départements IT de nos clients, dans les équipes responsables des outils dédiés à la lutte contre blanchiment et le financement du terrorisme, ou du respect des sanctions internationales.
 
Vos MISSIONS
 
Vous occuperez le rôle de Business Analyst et serez un élément clé pour aider nos clients dans la définition et/ou la mise en oeuvre de leur stratégie LCB/FT.
 
Votre poste pourra nécessiter que vous soyez capable d'analyser de nombreuses données pour alimenter les réflexions et les travaux.
 
Vous pourrez notamment être amené(e) à réaliser les actions suivantes:
 
- Analyse des données, identification des cas,
- Simulations et estimations des impacts des optimisations ou autres évolutions des modèles de détection,
- Recueil et analyse des besoins métiers,
- Animation d'ateliers,
- Diagnostic du dispositif existant,
- Analyse des recommandations d'audit interne ou externe,
- Gap analysis,
- Définition des évolutions ou paramétrages nécessaires dans les outils,
- Rédaction de spécifications fonctionnelles,
- Planification et suivi de la mise en oeuvre,
- Rédaction de documents de synthèse, de présentation ou de suivi projet,
- Définition, réalisation et/ou suivi des plans de tests (contrôles de cohérences, tests fonctionnels ou de non régression, etc. )
 
Votre PROFIL
 
Diplômé(e) d'un niveau Master (Ecole de commerce, d'ingénieurs ou d'une université), vous avez une expérience significative en tant que MOA dans le domaine de la LCB/FT ou d'autres thèmes de la Sécurité Financière.
 
Vous maitrisez les techniques d'analyse et de restitution des données.
 
Vos expériences vous ont permis de maitriser un ou plusieurs outils du marché utilisés pour la détection et le traitement des alertes.
 
Vous savez allier autonomie et esprit d'équipe, rigueur et capacité de synthèse, mais aussi être force de proposition et être proactif ou proactive.
 
Idéalement, vous avez déjà réalisé la cartographie des risques, participé à des missions d'audit et/ou mis en place des plans de contrôle interne en lien avec les dispositifs LCB/FT.
 
Une première expérience dans le domaine de l'IA ou du machine learning sera également un atout.
 
Vos COMPÉTENCES
 
Outre les savoir-faire nécessaires à la réalisation des missions énumérées ci-dessus, votre parcours a démontré les compétences suivantes:
 
- Techniques de data sciences, d'analyse des données et de restitution,
- Connaissance des modèles de détection,
- Expérience dans les données nécessaires et leur gestion,
- Compréhension des enjeux métiers liés à la LCB/FT et plus largement à la Sécurité Financière,
- Maitrise d'au moins un outil comme Actimize SAM, Netreveal, Fircosoft Trust ou Continuity, pour la mise en oeuvre de modèles/scénarios et son paramétrage,
- Rédaction ou mise à jour de la documentation projet, notamment pour garantir la traçabilité des décisions ou des justifications pour les paramètres appliqués,
- Maîtrise de l'anglais obligatoire, à l'écrit et à l'oral,
- Capacité à travailler en méthodologie Agile (Scrum, Safe, ) et cycle projet «En V».
 
Une bonne connaissance des types de messages transactionnels (Swift, MX), ou des mécanismes de lignage des données sont des plus.
 
Notre ENGAGEMENT DIVERSITÉ
 
Quanteam est handi-accueillante et s'engage en faveur de l'égalité professionnelle, de la mixité et de la diversité. Elle est ouverte à tous les talents et encourage, à ce titre, toute personne possédant les compétences mentionnées dans la présente offre, à soumettre sa candidature.  
 Quanteam propose un modèle d'entreprise axé sur la responsabilité, l'engagement, la gestion responsable et s'engage pour le développement durable et le respect de l'environnement.
 
","
CDI

Contrat travail
",unspecified,unspecified,unspecified,Quanteam,0 An(s),CDI,False
7261745,https://candidat.pole-emploi.fr/offres/recherche/detail/7261745,2026-09-24,Offre d'emploi Actuaire Data Scientist H/F - 92 - Courbevoie - 7261745 | France Travail,92 - Courbevoie,"POSTE : Actuaire Data Scientist H/F
DESCRIPTION : Dans un contexte d'accélération des usages data et d'innovation autour de la modélisation, il recherche au sein de l'équipe dédiée à la Gestion et à la valorisation des données Solvabilité 2 de la Direction « Actuariat, Solvabilité et Modèles » un Actuaire Data Scientist F/H    
  
Vous évoluez dans un environnement transverse, en interaction étroite avec les équipes actuarielles, IT et data et vous intervenez sur des problématiques à forte valeur ajoutée, alliant expertise actuarielle et data science.   
  
À ce titre, vos principales responsabilités sont :   
 
- Réaliser des analyses statistiques avancées afin d'améliorer la connaissance des risques et du portefeuille (clients, produits, réseaux de distribution)
- Développer des modèles prédictifs et des outils de scoring en mobilisant des approches de Machine Learning
- Concevoir et automatiser des outils d'analyse et de pilotage (reporting, indicateurs, tableaux de bord)
- Accompagner les métiers en traduisant les problématiques opérationnelles en solutions data, et en restituant de manière claire et pédagogique les résultats
 
Diplômé d'une formation supérieure en actuariat, data science ou équivalent, vous justifiez d'une expérience significative d'au moins sept ans sur des fonctions mêlant actuariat et data science en Assurance ou Banque. Vous maîtrisez les principaux outils de traitement et d'analyse de données (SAS, SQL) ainsi que Python et R (impératif). Vous disposez de solides compétences en statistiques et en Machine Learning, et manifestez un réel intérêt pour les sujets liés à l'intelligence artificielle.   
  
Au-delà de vos compétences techniques, vous êtes reconnu pour votre rigueur, votre curiosité intellectuelle et votre esprit critique. Vous appréciez les environnements collaboratifs et transverses, et vous savez adapter votre discours à des interlocuteurs variés, y compris non techniques.   
  
Rejoindre cette structure, c'est intégrer un environnement stimulant où la data occupe une place centrale dans la prise de décision, avec une forte exposition à des projets stratégiques. Vous bénéficierez d'un cadre propice au développement de vos compétences, d'interactions riches avec différentes expertises et de réelles perspectives d'évolution dans un groupe engagé dans sa transformation data.   
 
","
CDI

Contrat travail
",35H/semaine,85000.0,90000.0,Morgan philips executive search,8 An(s),CDI,False
7261263,https://candidat.pole-emploi.fr/offres/recherche/detail/7261263,2026-09-24,Offre d'emploi Data Scientist - Machine Learning Engineer Confirmé H/F - 59 - Croix - 7261263 | France Travail,59 - Croix,"POSTE : Data Scientist - Machine Learning Engineer Confirmé H/F
DESCRIPTION : 
Description de l'entreprise
 
Oney est une banque différente et unique, née du commerce.  
  
Guidés par nos valeurs, Liberté, Respect, Enthousiasme, nos milliers de talents présents dans 12 pays travaillent jour après jour à donner la possibilité à chacun d'améliorer son quotidien et de mieux consommer.  
  
En créant des solutions de paiement et de financement innovantes nous facilitons la vie de millions de consommateurs et de milliers de commerçants à travers l'Europe. Nous les accompagnons au quotidien pour les aider à faire les bons choix, pour eux comme pour les autres.  
  
Partenaire de la transformation du commerce, à la fois créateur et leader du paiement fractionné en France, Oney est présent sur 5 marchés européens avec cette offre full digitale et omnicanale unique sur le marché.  
  
Nous nous battons depuis plus de trente-cinq ans pour faciliter les achats quotidiens de nos clients en leur offrant plus que le pouvoir d'achat : le pouvoir de choix. Pour leur permettre de mieux gérer leur argent, en le gérant à leur façon et en accord avec leurs convictions.  
  
C'est ce que raconte notre signature : « Your money, your way »
 
Poste et missions
 
Être Data Scientist / ML Engineer chez Oney, pourquoi c'est mieux ?  
Plus qu'un posteune mission pour vous ! Et quelle mission !
 
Dans le cadre de sa feuille de route IA, Oney développe et accélère l'intégration du Machine & Deep Learning, du NLP et des solutions d'IA Génératives afin de capitaliser sur l'exploitation des données, l'optimisation des processus opérationnels et l'amélioration de l'expérience client.
 
Au sein du pôle Data Science du département Data Innovation & AI, nous développons la nouvelle génération d'outils et de solutions IA permettant à Oney d'offrir les meilleurs produits et services à ses clients.
 
Voici vos principales missions :
 
Les 3 piliers d'intervention du pôle sont les suivants :
 
- Credit Risk Scoring
 
o Pour les équipes Risque / Validation, vous concevez et optimisez les scores d'octroi et de comportement, en explorant des approches innovantes
 
o Pour garantir la stabilité du coût du Risque, vous entrainez et déployez ces solutions, et assurez le monitoring de la dérive des modèles
 
o Travaillez en collaboration étroite avec les experts Métiers et les équipes Risque
 
- AI Solutions
 
o Optimisez l'expérience client en intégrant nos modèles d'IA en temps réel sous forme d'API dans nos parcours Digitaux (scoring temps réel, personnalisation des offres de paiement )
 
o Pour une intégration fluide des modèles, participez à l'architecture technique en suivant les meilleures pratiques de développement (Cloud, MLOps)
 
o Collaborez avec les équipes produit et IT pour industrialiser les solutions
 
- GenAI
 
o Pour transformer nos processus internes (Marketing, Audit, Risque, ) ainsi que la relation et le support Client, prototypez et déployez en Production des solutions d'IA Générative sous forme d'agents (LLM, RAG, )
 
o Pour automatiser l'octroi d'offre de crédit (Risque), des tâches complexes d'analyse documentaire, et faciliter l'interaction avec nos clients, vous mettez en place des architectures agentics
 
o Évaluez, optimisez et monitorez les performances des agents (cohérence, diversité, LLM as a Judge, )
 
Profil et compétences requises
 
Ce qui nous plaira le plus chez vous, c'est vous-même ! Alors bien évidemment on vous préférera rigoureux, autonome, communicatif, agile et dynamique car c'est ce qui vous permettra de mener au mieux votre mission. Dans votre bagage, on aimerait trouver :
 
Data Science & ML
 
- Solide expérience en modèles supervisés : Logistic Regression, Tree-based models, Gradient Boosting (XGBoost / LightGBM)
 
- Connaissances et application des approches explicables (SHAP/LIME, explainaible AI)
 
- Pratique des modèles génératifs & LLM (OpenAI, HuggingFace, fine-tuning)
 
Écosystème Data Engineering & MLOps
 
- Excellente maîtrise du langage Python et de l'écosystème ML : Pandas, Scikit-learn, MLflow, Pydantic, LangChain, LangGraph, FastAPI
 
- Packaging, CI/CD, tests (pytest), feature stores
 
- Déploiement de modèles sous forme d'API et pipelines automatisés (MLFlow, GitHub Actions, Kubernetes, Docker)
 
- Monitoring: data quality, performance, métriques d'évaluation, Back Testing, data / concept drift, RAGAS, LLM as a Judge
 
Outils & Cloudtrong>
 
- Azure (Azure ML, Foundry), Databricks, pySpark
 
- Confluence, JIRA, Bitbucket, GitLab, AzureDevOps
 
Une connaissance technique de Snowflake et des enjeux bancaires réglementaire serait un plus (scoring, réglementation).
 
Profil recherché
 
- Vous avez 7 ans d'expérience minimum
 
- Vous avez un parcours mixte : Data Science + mise en production / MLOps
 
- Vous êtes à l'aise pour discuter autant en termes de modélisation ML que d'architecture du SI
 
- Vous savez travailler avec de multiples métiers : Risque, Paiement, Digital, Fraud, Conformité
 
- ","
CDI

Contrat travail
",unspecified,unspecified,unspecified,Oney,8 An(s),CDI,False
7260370,https://candidat.pole-emploi.fr/offres/recherche/detail/7260370,2026-09-24,Offre d'emploi Data Scientist H/F - 67 - Strasbourg - 7260370 | France Travail,67 - Strasbourg,"POSTE : Data Scientist H/F
DESCRIPTION : Mission
 
Dans le cadre du développement de notre offre data, nous renforçons notre équipe avec un Consultant Data Scientist basé à Strasbourg. Vous intervenez chez nos clients grands comptes des secteurs de l'énergie, de l'industrie et des infrastructures, sur des sujets où la donnée devient un véritable levier de performance industrielle : optimisation de procédés, maintenance prédictive, qualité, pilotage de la production, aide à la décision.
 
Vous rejoignez une structure à taille humaine où votre voix compte, et où la diversité des missions vous permet d'élargir en continu votre terrain de jeu technique et sectoriel.
 
Votre rôle
 
Cadrer le besoin avec les équipes métiers. Vous allez chercher le problème derrière la demande. Vous animez les ateliers de cadrage avec les ingénieurs, exploitants et responsables métiers, traduisez leurs enjeux en problématiques data exploitables, et définissez avec eux les critères de succès de la démarche.
 
Explorer et valoriser la donnée. Vous récupérez, fiabilisez et analysez les données industrielles et identifiez ce qui est réellement exploitable.
 
Concevoir et industrialiser les modèles. Vous développez les modèles statistiques et d'apprentissage adaptés au besoin. Vous soignez la robustesse, la reproductibilité et le passage à l'échelle de vos travaux.
 
Restituer et embarquer. Vous construisez les livrables qui rendent vos résultats actionnables : visualisations, tableaux de bord, notes de synthèse. Vous présentez votre démarche à des interlocuteurs métiers, expliquez ce que le modèle fait et ne fait pas, et créez la confiance nécessaire à son adoption.
 
Contribuer à notre expertise collective. Vous participez à la structuration de notre savoir-faire data : partage de retours d'expérience, animation d'ateliers internes, capitalisation méthodologique et contribution aux réponses aux appels d'offres.
PROFIL : Profil
 
- Formation : Bac +5, école d'ingénieur ou master universitaire en data science, statistiques, mathématiques appliquées, informatique ou discipline scientifique équivalente.
 
- Expérience : 3 à 6 ans en data science.
 
- Compétences techniques :
 
- Python et son écosystème data (pandas, NumPy, scikit-learn), SQL
 
- Solides fondamentaux en statistiques et en machine learning : compréhension des méthodes, de leurs hypothèses et de leurs limites
 
- Analyse de séries temporelles, détection d'anomalies, modélisation prédictive
 
- Restitution et visualisation : Power BI, Tableau, Dash, Streamlit ou équivalent
 
- Bonnes pratiques de développement : Git, environnements versionnés, code lisible et testé
 
- Appréciés : environnements cloud (Azure, AWS, GCP), Spark, MLOps, deep learning, R ou MATLAB
 
- Langues : français courant, anglais technique à l'écrit et à l'oral (documentation, échanges avec des équipes internationales).
 
- Softskills :
 
- Vous savez vulgariser votre approche et faites preuve de pédagogie
 
- Vous êtes autonome et à l'aise dans des contextes évolutifs
 
- Vous avez le goût du collectif et l'envie de faire grandir une expertise avec les autres
 
Ref: cybpfqx03w","
CDI

Contrat travail
",35H/semaine,40000.0,50000.0,Astridsen,1 An(s),CDI,False
7259351,https://candidat.pole-emploi.fr/offres/recherche/detail/7259351,2026-09-24,Offre d'emploi Data Scientist - Machine Deep Learning H/F - 72 - Mans - 7259351 | France Travail,72 - Mans,"POSTE : Data Scientist - Machine Deep Learning H/F
DESCRIPTION : 
Dans le cadre de projets Data Science menés par Davidson pour ses clients dans des secteurs variés (Gaming, Luxe, Télécoms, Finance, etc.), tu interviendras en tant que spécialiste ML & DL. Ta mission consistera à accompagner des experts métiers sur des problématiques variées : traitement du langage naturel, reconnaissance d'images, détection de la fraude, système de recommandation, agent conversationnel, etc.
 
À ces fins tes missions consisteront à :
 
- Animer des ateliers d'expression de besoins
- Identifier, intégrer et croiser les sources de données (structurées ou non structurées)
- Préparer et analyser des données
- Créer, implémenter des modèles
- Prototyper et valider les algorithmes
- Mesurer les gains obtenus
- Communiquer et capitaliser sur les résultats
- Réaliser une veille technologique ainsi que des études d'opportunités
 

PROFIL : 
- De formation ingénieur / Bac +5, tu as déjà réussi plusieurs projets dans le domaine de la Data Science. Avec au minimum 2 ans d'expérience professionnelle (et c'est vraiment un minimum hein)
- Des compétences scripting sont nécessaires. Et mieux vaut être fort en maths !
 
","
CDI

Contrat travail
",35H/semaine,34000.0,48000.0,Davidson consulting,1 An(s),CDI,False
7251807,https://candidat.pole-emploi.fr/offres/recherche/detail/7251807,2026-09-24,Offre d'emploi Data Scientist H/F - Île-de-France - 7251807 | France Travail,Île-de-France,"POSTE : Data Scientist H/F
DESCRIPTION : 
Vous êtes :
 
Data Scientist expérimenté / senior (5 ans d'expérience et plus). La gestion et l'analyse de la donnée n'ont plus  
 de secret pour vous !
 
Votre rôle :
 
En tant que Data Scientist, votre rôle consiste à :
 
- Récupérer et analyser les données stratégiques répondants aux exigences métier
- Construire des algorithmes de machine learning , deep learning etc.
- Elaborer des modèles prédictifs
- Fournir des outils d'aide à la décision et faire des recommandations stratégiques aux équipes métiers
 
Les compétences requises :
 
- Formation supérieure en école d'ingénieur, école d'informatique ou de statistique. Vous justifiez également  
 de 4 à 5 ans d'expérience dans l'analyse de données et des métriques ou dans un environnement datacenter (au contact de grandes structures de données)
- Maîtrise des outils et langages de manipulation des données : Python, R, SAS, SQL, etc.
- Statistiques : capacité à réaliser des analyses descriptives et statistiques à partir des différentes bases de données
- Expériences des modèles mathématiques : segmentation, scoring, modèles prédictifs, apprentissage non supervisé, renforcé
- Expertise en algorithmie et gestion des bases de données (NoSQL, Cassandra)
- Connaissance de l'architecture des bases de données décisionnelles (data warehouse) et des plateformes Data ( Dataiku, Databricks,)
- Votre maîtrise du stockage des données dans le Cloud (GCP, AWS, Azure, Kubernetes, Docker, Api Management) est fortement apprécié
- Des compétences en gestion de projet et une capacité à vulgariser seront également nécessaires
 
Quisommes-nous?
 
Filiale du Groupe Quanteam (700 collaborateurs, 80M€ CA et présence à l'Internationale), Gradiant est un cabinet de conseil spécialisé en Data et IA plaçant ses collaborateurs au coeur du modèle. Vous aurez la possibilité de participer à des projets innovants au sein de nos Tribus, véritable laboratoire de R&D et lieu d'idéation et d'innovation propice à la formation continue. Nous accompagnons nos clients sur toute la chaine de création de valeur de la Data (Accompagnement Stratégique, Advanced Analytics, Data management et Gouvernance) avec une approche agile et créative et vous interviendrez en tant qu'expert chez nos clients de tous secteurs d'activité.
 
","
CDI

Contrat travail
",unspecified,unspecified,unspecified,Gradiant,1 An(s),CDI,False
7250900,https://candidat.pole-emploi.fr/offres/recherche/detail/7250900,2026-09-24,Offre d'emploi Chef de Section-Data Scientist H/F - 75 - Paris 15e Arrondissement - 7250900 | France Travail,75 - Paris 15e Arrondissement,"POSTE : Chef de Section-Data Scientist H/F
DESCRIPTION : 
Chef(fe) de la section « Parcours professionnel et conditions de vie », vous serez responsable d'une équipe de 2 chargés d'études (data scientists ou analystes de données), en charge de la réalisation de statistiques et études nationales ou territorialisées sur les thèmes du parcours professionnel et des conditions de vie du personnel du Minarm. Vous apporterez un soutien méthodologique aux agents de la section en mobilisant des techniques statistiques avancées : économétrie, analyse de données, mesure de l'effet des politiques publiques. Vous conduirez des études en propre sur des bases de données complexes : données de gestion et de rémunération, fichiers de données administratives ou données d'enquêtes de la statistique publique, en mobilisant les logiciels statistiques R ou Python. Ces travaux permettront de répondre aux demandes internes du ministère et de réaliser des publications dans la collection Ecodef. En lien avec la cheffe de bureau, vous entretiendrez les liens avec les commanditaires internes du Minarm ainsi qu'avec les partenaires du système statistique public (Insee, services statistiques des autres ministères etc.).
 
PROFIL : 
Titulaire d'un diplôme de niveau Master 2 ou équivalent dans le domaine de l'analyse de données (statistiques, data science). Vous avez une expérience d'au moins 5 ans en tant que data analyst ou data scientist. Vous maitrisez les outils d'analyse (R indispensable, Python apprécié). Votre pédagogie, vos qualités relationnelles et votre sens du travail en équipe sont indispensables à l'exercice de ces missions. Une expérience professionnelle réussie au Minarm serait fortement appréciée.
","
CDI

Contrat travail
",unspecified,unspecified,unspecified,Daf,1 An(s),CDI,False
7245594,https://candidat.pole-emploi.fr/offres/recherche/detail/7245594,2026-09-24,Offre d'emploi Data Scientist - Solutions Data et IA H/F - 29 - Relecq-Kerhuon - 7245594 | France Travail,29 - Relecq-Kerhuon,"POSTE : Data Scientist - Solutions Data et IA H/F
DESCRIPTION : 
En tant que Data Scientist - Solutions Data et IA, vous serez à la croisée des enjeux métiers, technologiques et stratégiques.
 
Ambassadeur de l'IA vous accompagnerez les équipes dans l'identification et la mise en oeuvre de cas d'usage à forte valeur ajoutée.
 
Vos missions seront les suivantes :
 
- Concevoir et déployer des solutions data et IA :  
  
- Développer des modèles de machine learning, IA générative et des solutions analytiques avancées  
  
- Industrialiser les cas d'usage en collaboration avec les équipes data management et IT  
  
- Garantir la performance, la robustesse et la conformité des modèles développés  
  
- Mesurer l'impact des solutions mises en oeuvre
 
- Accompagner la stratégie Data et IA de la direction  
  
- Identifier, qualifier et prioriser les opportunités d'usage de l'IA et de l'IA générative au service des métiers  
  
- accompagner les équipes dans l'intégration de solutions data et IA créatrices de valeur  
  
Vous serez également en charge d'assurer une veille active sur les évolutions technologiques, réglementaires et les pratiques du marché.
 
Vos autres missions seront les suivantes :
 
- Accompagner la transformation, sensibiliser et former les parties prenantes aux usages de l'IA  
  
- Favoriser l'acculturation et l'adoption des solutions développée
 

Au sein de la Direction du développement et du marketing, le département Data, IA et Interaction Client a pour mission de :
 
> Développer une connaissance client fine pour éclairer les décisions stratégiques et opérationnelles;
 
> Concevoir des solutions Data et IA au service du développement et de l'efficacité et contribuant à une expérience client personnalisée, fluide et cohérente;
 
> Orchestrer des interactions omnicanales personnalisées et engageantes, combinant réactivité et proactivité.
 
Le département agit sur toute la chaîne de valeur de la data, de sa collecte à son activation dans les outils de la relation client, directement au client ou via le conseiller.
 
Le département est composé de 4 services et d'une unité opérationnelle Solutions Data & IA.
 
PROFIL : 
De formation supérieure, Bac +5 en Data science, Intelligence Artificielle, statistiques, ou équivalent, vous disposez d'une solide expérience en data science et maitrisez les techniques de machine Learning et d'IA.
 
Pour réussir sur ce poste, vous avez au minimum 5 année d'expérience dans un environnement similaire.
 
Vous avez une bonne compréhension des enjeux métier et vous aimez faire le lien entre enjeux business, innovation et technologie et vous savez transformer une idée en solution  
créatrice de valeur.
 
Vous savez également vulgariser des sujets complexes et embarquer des interlocuteurs aux profils variés.
 
Vous combinez rigueur, pragmatisme et orientation résultats.
 
Vous êtes curieux et aimez apprendre en continu dans un domaine en constante évolution !
","
CDI

Contrat travail
",unspecified,unspecified,unspecified,Crédit mutuel arkea,1 An(s),CDI,False
7238686,https://candidat.pole-emploi.fr/offres/recherche/detail/7238686,2026-09-24,Offre d'emploi Senior Data Scientist H/F - 59 - Lille - 7238686 | France Travail,59 - Lille,"POSTE : Senior Data Scientist H/F
DESCRIPTION : 
-  Collaborer avec les PM, Machine Learning Engineer et Data Scientist pour identifier les opportunités d'impact business et planifier la stratégie ML.
-  Développer des modèles statistiques avancés, d'apprentissage automatique et des systèmes agentiques innovants de bout en bout.
-  Assurer la qualité et la performance des modèles en définissant des métriques d'évaluation et de monitoring pertinentes.
-  Travailler avec les Machine Learning Engineers pour faciliter la transition vers des solutions ML industrialisées et scalables.
-  Communiquer les analyses et proposer des recommandations aux parties prenantes au moyen de visualisations et présentations claires.
 

 
Comment se déroule le processus de recrutement chez Devoteam ?
 
Il comporte 2 à 3 entretiens :
 
- Talent Acquisition Interview : l'objectif est de faire le point sur vos compétences, votre niveau d'anglais et de valider vos éléments de motivation
 
- Tech & Business Interview : cet entretien vise à approfondir vos compétences techniques et à vérifier leur adéquation avec nos besoins lors d'un échange avec un expert métier
 
- Leadership Interview : il permet d'évaluer votre potentiel, vos ambitions et d'envisager votre évolution au sein de Devoteam. Nous privilégions au moins un entretien en présentiel. Une prise de référence est demandée et, selon votre profil, des tests (techniques, anglais, personnalité) peuvent vous être adressés.
 
Pourquoi nous rejoindre : Nous sommes une AI-Driven Company, partenaire des plus grandes plateformes technologiques (Google, AWS, Microsoft, ServiceNow,) et composée d'un important collectif d'experts (50 tribus d'expertise). Avec 75% de nos collaborateurs certifiés dont 100 % sur la GenAI, Devoteam s'impose comme une Learning Company, où l'apprentissage continu est au coeur de notre ADN.
 
PROFIL : 
- Au moins 4 ans d'expérience en science des données (apprentissage automatique, analyse statistique).
- Maîtrise de Python, SQL, PySpark, et de la modélisation ML (Scikit-Learn, Tensorflow, PyTorch).
- Compétences expertes : Databricks, MLflow. Confirmées : GCP, AWS, Streamlit, Docker, Kubernetes.
- Anglais maîtrisé (contexte international) et français conversationnel requis.
 
","
CDI

Contrat travail
",35H/semaine,unspecified,unspecified,Devoteam france,8 An(s),CDI,False
7231330,https://candidat.pole-emploi.fr/offres/recherche/detail/7231330,2026-09-24,Offre d'emploi Data Scientist H/F - 59 - Roubaix - 7231330 | France Travail,59 - Roubaix,"POSTE : Data Scientist H/F
DESCRIPTION : 
Chez Okaïdi, nous sommes bien plus qu'un réseau de magasins. Nous sommes des acteurs au service du bien-être des enfants. Envie de prendre part à cette aventure ?
 
Devenir Data Scientist chez Okaïdi
 
Chez Okaïdi, la donnée est au coeur de la stratégie pour accompagner nos clients. Au sein de l'équipe Data Solutions, ton rôle sera de concevoir et déployer des solutions Data ayant une finalité client directe : optimiser le recrutement, renforcer la fidélisation et maximiser la valeur client.
 
Doté(e) d'une orientation business et de curiosité technique, tu joueras un rôle important pour traduire nos problématiques métiers Marketing & Client en solutions data concrètes.
 
Prêt à relever le défi Data Science chez Okaïdi ?
 
Le poste dans notre organisation :
 
Au sein de la direction Marketing Digital et Data, tu seras rattaché(e) au Responsable Data Solutions.
 
Au quotidien :
 
- Tu seras en contact privilégié avec les équipes Métier Marketing et Activation (CRM & Trafic).
- Tu travailleras en collaboration avec un Analytics Engineer, qui est le point d'appui technique, assure le lien avec l'IT et accompagne la mise en production.
- Tu évolueras en forte proximité avec la team des Data Analysts (rattachée au même périmètre de direction).
 
Le programme de ton futur job !
 
Le coeur de métier : Cadrer, modéliser et animer !
 
 Cadrage & Compréhension métier : Appuyé par le Responsable Data Solutions, tu traduis les enjeux des équipes Marketing et Activation en solutions data exploitables.
 
 Modélisation & Algorithmes : Tu développes, évalues et maintiens des modèles prédictifs à forte valeur client (churn, next product to buy, customer lifetime value, analyse sémantique des avis).
 
 Pédagogie & Animation Business : Tu co-animes et restitues les résultats auprès des équipes Marketing et Activation pour faciliter leur appropriation au quotidien.
 
Et pour aller plus loin :
 
 Optimisation & Expérimentation : Tu conçois des modèles d'optimisation (allocation budgétaire) et tu mesures leur impact business avec des méthodologies de testing (avec accompagnement).
 
 Passage à l'échelle : Tu écris un code propre et structuré pour assurer un passage de relai fluide vers l'industrialisation.
 
 Pratiques de dev, veille & IA : Tu développes selon de bons standards (code review). L'esprit : bien ancrer les bases de code par toi-même d'abord, pour ensuite profiter des assistants IA et pourquoi pas contribuer à nos projets LLM / IA Générative en binôme.
 
Ce poste de cadre est à pourvoir en CDI. Il est basé à Roubaix.
 

PROFIL : 
Ce poste est fait pour toi si
 
- Tu es de formation Bac +5 (École d'ingénieur, Master en Data Science, Statistique ou discipline quantitative équivalente), tu as au moins 2 ans d'expérience en plus d'une éventuelle alternance sur un poste similaire.
- Tu possèdes les fondamentaux théoriques sur les algorithmes de Data Science / Machine Learning.
- Tu as une bonne maîtrise de SQL, alliée à une pratique solide de Python pour la Data Science (Scikit-learn, Pandas, NumPy).
- Tu as une expérience sur une plateforme Data Cloud (idéalement Snowflake).
- Tu as des notions sur les méthodes de mesure d'impact (testing)
- Tu es Curieux(se), Humble & Rigoureux(se) : Tu as envie d'apprendre, de progresser via la code review et d'évoluer sur les usages de l'IA.
- Tu es pédagogue & Communicant(e) : Tu sais expliquer des sujets complexes pour des profils non-techniques.
- Tu es Pragmatique & Orienté(e) business : Tu abordes la Data Science comme un levier au service du métier, l'impact client comme boussole.
 
Ta stack au quotidien
 
- Data Platform : Snowflake
- Langages : SQL, Python
- Versioning & CI/CD : Git / GitLab
- Dataviz : Looker Studio - Python Streamlit / Seaborn
 
Ce que l'on peut t'offrir ?
 
- La possibilité d'évoluer en interne au sein de nos marques
- Un équilibre vie pro / vie perso respecté
- Un rythme de travail hybride entre présentiel et télétravail
- Des places en crèches et des avantages parentalité avec nos marques
- Un management bienveillant et de proximité
- Un poste adapté si nécessaire, pour assurer l'accessibilité et l'épanouissement de chacun
- La possibilité de réaliser une journée solidaire chaque année avec ton équipe
 
Nous sommes convaincus que la richesse d'Okaïdi vient de la diversité des parcours, des cultures et des talents. Toutes les candidatures sont étudiées avec attention, quelles que soient l'origine, le sexe, l'âge, l'orientation sexuelle, l'identité de genre ou le handicap.
 
Tu veux en savoir plus sur nous ?
 
Rejoindre OKAÏDI, c'est vivre une aventure humaine au sein d'une entreprise engagée et inclusive !
 
 Notre engagement c'est du concret :
 
- plus de 52 000 enfants aidés dans le monde grâce à notre fonds de dotation
- Éco-conception et seconde vie des produits
- Signature de la Charte de la Parentalité, pour accompagner les collaborateurs parents et les familles
- Une culture inclusive portée par des managers","
CDI

Contrat travail
",35H/semaine,38000.0,38000.0,Okaidi,1 An(s),CDI,False
7228050,https://candidat.pole-emploi.fr/offres/recherche/detail/7228050,2026-09-24,Offre d'emploi Data Scientist - Domaine Lcb - Ft H/F - 75 - Paris 1er Arrondissement - 7228050 | France Travail,75 - Paris 1er Arrondissement,"POSTE : Data Scientist - Domaine Lcb - Ft H/F
DESCRIPTION : 
Détails de L'OFFRE
 
Vous interviendrez au sein des départements IT de nos clients, dans les équipes responsables des outils dédiés à la lutte contre blanchiment et le financement du terrorisme.
 
Vos MISSIONS
 
Vous occuperez le rôle de Data Scientist ou de MOA IT et serez un élément clé pour aider nos clients dans la définition et/ou la mise en oeuvre de leur stratégie LCB/FT. Votre poste nécessitera que vous soyez à même d'analyser de nombreuses données pour alimenter les réflexions et les travaux.
 
Vous pourrez notamment être amené(e) à réaliser les actions suivantes:
 
- Analyse et restitutions des données,
- Identification et quantification des cas,
- Rédaction de spécifications techniques,
- Suivi et coordination des parties prenantes pour la réalisation technique,
- Préparation, suivi et vérification des plans de tests techniques,
- Contribution à l'architecture technique pour l'alimentation et le stockage des données,
- Développements Python,
- Simulations et estimations des impacts des optimisations ou autres évolutions des modèles de détection,
- Animation d'ateliers,
- Rédaction de documents de synthèse, de présentation ou de suivi projet,
- Définition, réalisation et/ou suivi des plans de tests (contrôles de cohérences, tests fonctionnels ou de non régression, etc. ),
- Analyse et validation des spécifications fonctionnelles.
 
Votre PROFIL
 
Diplômé(e) d'un niveau Master (Ecole de commerce, d'ingénieurs ou d'une université), vous avez une expérience significative en tant que Data Scientist dans le domaine de la LCB/FT ou d'autres pans de la Sécurité Financière.
 
Une première expérience dans le domaine de l'IA ou le machine learning sera également un atout.
 
Vous savez allier autonomie et esprit d'équipe, rigueur et capacité de synthèse, mais aussi être force de proposition et être proactif ou proactive.
 
Idéalement, vos expériences vous ont également permis de maitriser un ou plusieurs outils du marché utilisés pour la détection et le traitement des alertes.
 
Vos COMPÉTENCES
 
Outre les savoir-faire nécessaires à la réalisation des missions énumérées ci-dessus, votre parcours a démontré les compétences suivantes:
 
- Connaissance des modèles de détection et des données nécessaires,
- Compréhension des enjeux métiers liés à la LCB/FT et plus largement à la Sécurité Financière,
- Rédaction ou mise à jour de la documentation projet, notamment pour garantir la traçabilité des analyses effectuées, des décisions prises ou des justifications pour les paramètres appliqués,
- Maîtrise de l'anglais obligatoire, à l'écrit et à l'oral,
- Capacité à travailler en méthodologie Agile (Scrum, Safe, ) et cycle projet «En V».
 
Les connaissances suivantes peuvent être des compléments utiles :
 
- Bonne connaissance des types de messages transactionnels (Swift, MX),
- Mécanismes de lignage des données,
- Connaissance d'un outil comme Actimize SAM, Netreveal, Fircosoft Trust ou Continuity.
 
Notre ENGAGEMENT DIVERSITÉ
 
Quanteam est handi-accueillante et s'engage en faveur de l'égalité professionnelle, de la mixité et de la diversité. Elle est ouverte à tous les talents et encourage, à ce titre, toute personne possédant les compétences mentionnées dans la présente offre, à soumettre sa candidature.  
 Quanteam propose un modèle d'entreprise axé sur la responsabilité, l'engagement, la gestion responsable et s'engage pour le développement durable et le respect de l'environnement.
 
","
CDI

Contrat travail
",unspecified,unspecified,unspecified,Quanteam,0 An(s),CDI,False
7227320,https://candidat.pole-emploi.fr/offres/recherche/detail/7227320,2026-09-24,Offre d'emploi Data Scientist Confirmé-e H/F - 78 - Châteaufort - 7227320 | France Travail,78 - Châteaufort,"POSTE : Data Scientist Confirmé-e H/F
DESCRIPTION : 
La Flying Squad est la nouvelle équipe d'élite de Safran Engineering Services. Son credo : transformer le potentiel de l'IA en valeur industrielle mesurable, de manière fiable et responsable. En tant que Data Scientist Confirmé, vous êtes la référence IA/ML/GenAI de la Flying Squad.   
Vous proposez, construisez, industrialisez, sécurisez, des modèles performants et vous garantissez qu'ils méritent la confiance de clients opérant dans des environnements critiques (aéronautique, spatial, défense). Vos missions au sein de la Flying Squad :   
  
- Avant-vente & expérimentation : évaluer la faisabilité IA des leads entrants, concevoir et exécuter des PoCs rapides (computer vision, NLP, GenAI, time series, anomaly detection), contribuer aux propositions techniques   
  
- Cadrage (missions facturables) : qualifier les données disponibles, estimer la complexité des cas d'usage, définir les architectures ML/GenAI cibles, structurer les roadmaps data   
  
- Build (missions facturables) : développer et industrialiser des modèles ML/IA robustes, mettre en place des pipelines MLOps sur Boost IT (AWS), assurer qualité et reproductibilité, intervenir en fire-fighting sur les projets IA en difficulté   
  
- Recrutement & audits qualité : participer au recrutement des profils data sur les missions Nouveaux Services Digitaux (NDS), auditer la qualité des modèles et des pipelines data des projets en cours   
  
- Agentic AI Factory : c'est un axe central de votre rôle.   
Vous explorez, prototypez et documentez les architectures d'IA agentique (orchestration multi-agents, tool use, planification autonome) et contribuez à poser les fondations de l'IA agentique chez SES. Vous investiguerez comment des agents IA autonomes peuvent transformer la data science elle-même (automated ML, agents d'exploration de données, agents de monitoring)   
  
- IA de confiance : gardien de la qualité des modèles (monitoring, drift detection, explainability), développement des pratiques d'IA responsable alignées avec les exigences réglementaires aéronautiques   
  
- Formation & montée en compétences : coacher les data scientists juniors, animer des sessions GenAI et IA agentique, contribuer à la Learning Factory et au tech radar NDS   
  
Missions en France et à l'international avec déplacements ponctuels.
 
PROFIL : Vous avez 4 à 7 ans d'expérience en data science / ML engineering (ou 2-4 ans post-PhD), avec un track record d'industrialisation de modèles en production. Ce qui vous caractérise :   
- Une expertise en Machine Learning classique (classification, régression, clustering, time series) ET en GenAI (LLMs, RAG, fine-tuning, prompt engineering, agents)   
- Une obsession pour la qualité et le contrôle des modèles : monitoring en production, drift detection, explainability, robustesse   
- Une maîtrise de Python et de l'écosystème ML/DL (PyTorch, scikit-learn, Hugging Face, LangChain ou équivalent)   
- Une expérience des pipelines MLOps (MLflow, Kubeflow, SageMaker ou équivalent) et des pratiques CI/CD appliquées au ML   
- Une bonne connaissance d'AWS (SageMaker, Bedrock, S3, Lambda) ou équivalent cloud   
- Une curiosité dévorante pour l'IA agentique : architectures multi-agents, orchestration, tool use - vous voulez comprendre comment les agents vont redéfinir la data science et les process industriels   
- Une sensibilité aux enjeux d'IA de confiance en contexte réglementé (aéronautique, défense)   
- Un goût pour la transmission : former, structurer des patterns, élever le niveau collectif","
CDI

Contrat travail
",35H/semaine,unspecified,unspecified,Safran - cdi,1 An(s),CDI,False
7227310,https://candidat.pole-emploi.fr/offres/recherche/detail/7227310,2026-09-24,Offre d'emploi Data Scientist H/F - 974 - Saint-Denis - 7227310 | France Travail,974 - Saint-Denis,"POSTE : Data Scientist H/F
DESCRIPTION : Le cabinet de recrutement Kaptiv, recherche pour son client un.e Data Scientist.   
  
Le poste est à pourvoir au plus tôt en CDI temps plein, secteur Nord de l'île avec des déplacements. Rémunération selon le profil + avantages.   
  
Rattaché.e au Directeur Développement, vous êtes au coeur de la transformation data de l'entreprise.  
  
Vos missions principales sont les suivantes :   
  
     Analyse & valorisation des données  
- Collecter, structurer et exploiter les données issues des différents systèmes  
- Garantir la qualité et la fiabilité des données  
- Concevoir des tableaux de bord et indicateurs clés  
- Produire des analyses à forte valeur ajoutée pour les décisions stratégiques  
  
     Data Science & IA  
- Développer des modèles prédictifs (prévision de la demande, maintenance)  
- Mettre en place des outils d'aide à la décision basés sur le machine learning  
- Structurer et piloter des projets data innovants  
  
     Veille & innovation  
- Suivre les tendances en data science et IA  
- Identifier de nouvelles opportunités d'innovation dans le secteur de la mobilité
voir l'annonce
PROFIL : - Bac +5 en Data Science, Statistiques, Informatique ou équivalent  
- Une expérience dans le secteur transport/mobilité est un plus  
- Une connaissance de HASTUS ou des systèmes billettiques est un vrai plus  
- Curiosité et goût pour l'innovation  
- Capacité à vulgariser des sujets techniques","
CDI

Contrat travail
",35H/semaine,40000.0,50000.0,Actual group,1 An(s),CDI,False
7224693,https://candidat.pole-emploi.fr/offres/recherche/detail/7224693,2026-09-24,Offre d'emploi Consultant Data Scientist H/F - 75 - Paris 1er Arrondissement - 7224693 | France Travail,75 - Paris 1er Arrondissement,"POSTE : Consultant Data Scientist H/F
DESCRIPTION : 
Votre rôle
 
En tant que Data Scientist Consultant, vous intervenez directement chez nos clients, grands groupes industriels et aéronautiques, pour les aider à exploiter le plein potentiel de leurs données. Vous êtes à la fois expert technique et interlocuteur de confiance : vous comprenez les enjeux métiers, vous traduisez les besoins en solutions concrètes, et vous livrez des modèles robustes qui passent en production.
 
Vos missions
 
- Cadrage et exploration : Analyser les données clients (capteurs, ERP, historiques de maintenance, etc.), identifier les opportunités de valorisation et proposer des approches adaptées aux contraintes industrielles.
- Modélisation & IA : Concevoir et entraîner des modèles de machine learning et de deep learning : prédiction de pannes, contrôle qualité, optimisation de procédés, computer vision, NLP selon les projets.
- MLOps & mise en production : Structurer les pipelines de données, containeriser les modèles (Docker, Kubernetes) et les déployer dans les environnements clients (cloud ou on-premise).
- Restitution client : Présenter vos analyses et résultats à des interlocuteurs techniques et non techniques, avec pédagogie et impact.
- Veille & montée en compétences : Contribuer à la culture data interne de MP Data et proposer des approches innovantes issues de la recherche ou du marché.
 

PROFIL : 
- Formation : Bac +5 école d'ingénieurs, université scientifique ou équivalent (spécialisation Data Science, Statistiques, Mathématiques appliquées).
- Compétences techniques :
    - Python (pandas, scikit-learn, PyTorch / TensorFlow, MLflow).
    - SQL et manipulation de données massives.
    - Notions de MLOps et de déploiement (Docker, API REST, cloud AWS/Azure/GCP).
    - Sens de la visualisation de données (PowerBI, Plotly, Streamlit).
- Soft skills : Autonomie, rigueur, excellent relationnel client, capacité à vulgariser des concepts complexes.
 
","
CDI

Contrat travail
",35H/semaine,40000.0,45000.0,Mp data,Débutant accepté,CDI,True
7223582,https://candidat.pole-emploi.fr/offres/recherche/detail/7223582,2026-09-24,Offre d'emploi Architecte IA - Senior Datascientist - IA Générative H/F - 75 - Paris 1er Arrondissement - 7223582 | France Travail,75 - Paris 1er Arrondissement,"POSTE : Architecte IA - Senior Datascientist - IA Générative H/F
DESCRIPTION : 
Au-delà de la RSE, nous avons développé notre propre approche, RESET, qui englobe l'ensemble de nos engagements en matière de responsabilité économique, sociale, environnementale et technologique, tant au sein de notre collectif que chez nos clients.
 
Onepoint, est une entreprise inclusive, handi accueillante, avec une politique de diversité affirmée.
 
Votre futur collectif :
 
- Rejoignez notre Hub Data & IA composé de 350 passionnés qui interviennent au quotidien chez nos clients et sur nos initiatives en interne sur toute la chaîne de valeur de la Data : Data Strategy, Data Management, Data Protection, Data Analytics, Data Platform, Data Science, IA Générative et bien d'autres
- Des missions variées dans tous secteurs confondus
- Des bureaux inspirants au Trocadéro, avec vue sur la Tour Eiffel
- Une vraie vie de communauté : Conférences, REX, Revolution Summit, Datapéros
 
Vos nouveaux challenges pour ce poste :
 
Pour accompagner notre croissance au sein du collectif d'expertise en data, nous recrutons un consultant en architecture IA (minimum 5 ans d'expérience hors études).
 
Vous intervenez entre autres sur les missions suivantes :
 
- Développement de cas d'usage interne et de démonstrateurs clients
- Pilotage de réponses à projets et cadrage et pilotage de la réalisation de projets gagnés en IA
- Travailler sur des projets d'envergure : mise en place d'une IA factory, classification et résumés d'interactions clients, développement d'un moteur de recommandation, développement d'un outil de traduction d'images pour les malvoyants, prédiction de ventes et systèmes d'alertes, développement d'un photobooth génératif
- Suivi de l'exécution de la feuille de route IA de Onepoint et contribution à la gouvernance IA, à la formation des collaborateurs et des clients
 
Votre profil et les expertises que vous souhaitez développer :
 
- Vous êtes diplômé d'une école d'ingénieurs ou d'une université et vous bénéficiez d'une première expérience en data science et en IA d'au moins 5 ans dans un cabinet de conseil.
- Vous êtes familier des pipelines d'IA générative et des services des grands cloudeurs et vous disposez de certifications dans ces domaines.
- Vous avez développé et industrialisé de nombreux projets en data et en machine learning
- Vous maîtrisez le français et l'anglais
- Autonome et proactif, vous êtes force de proposition. Vous disposez d'un véritable sens de la relation client et vous êtes habitué à travailler dans un environnement agile.
 
Notre processus de recrutement
 
- 1er échange RH avec Jérôme LEONELLI () ou Elise FORTEGUERRE () : échange sur vos souhaits et motivation, présentation de l'entreprise (durée : 30mn, teams ou présentiel)
- Un test technique
- 2ème échange avec un opérationnel (durée : 1h, Teams ou présentiel)
- 3ème échange avec un opérationnel (durée : 1h, Teams ou présentiel)
- 4ème échange avec un Partner : projection sur votre rôle au sein de Onepoint (durée : 1h, Teams ou présentiel)
 
Onepoint en quelques mots
 
Créée en 2002 par David Layani, Onepoint est devenu en un peu plus de 20 ans l'un des acteurs majeurs du conseil et de la tech, notre collectif compte aujourd'hui plus de 4000 talents en France (Aix-en-Provence, Bordeaux, Lyon, Nantes, Paris, Rennes, Strasbourg et Toulouse) et dans le monde (Australie, Belgique, Canada, Etats-Unis, Angleterre, Malaisie, Maroc et Singapour). Notre chiffre d'affaires a été multiplié par dix en 10 ans, atteignant plus de 500 millions d'euros, et ambitionne le milliard d'euros d'ici 4 ans.
 
Notre promesse
 
Un parcours sur mesure pour tous nos talents
 
Pour accompagner l'évolution de tous nos talents, nous proposons deux axes d'évolution complémentaires leur permettant de s'épanouir et de bénéficier des mêmes avantages : le business management et l'expertise.
 
L'école Onepoint pour développer vos expertises
 
Avec plus de 200 formations à son catalogue, notre école permet à nos talents de se former tout au long de leur vie professionnelle, en articulant travail et apprentissage.
 
Nos lieux de vie
 
Nos espaces de travail sont situés au coeur des territoires, au plus près de de nos talents de concilier projet de vie et projet professionnel.
 
Et bien plus encore 
 
Notre écosystème permet de pratiquer de nombreuses activités loisirs et sportives (musique, photo, e-sport, yoga) avec un cadre de travail flexible grâce à une charte de télétravail, et de prendre soin de tous (cabinet médical en libre accès, groupes de travail dédiés aux enjeux « égalité et pluralité » ).
 
Comme des images valent mieux que mille mots, découvrez notre ADN à travers cette vidéo : 
 
","
CDI

Contrat travail
",unspecified,unspecified,unspecified,Onepoint,1 An(s),CDI,False
7221298,https://candidat.pole-emploi.fr/offres/recherche/detail/7221298,2026-09-24,Offre d'emploi Data Scientist Senior H/F - 77 - Montévrain - 7221298 | France Travail,77 - Montévrain,"POSTE : Data Scientist Senior H/F
DESCRIPTION : 
Aujourd'hui, nous recherchons un Data Scientist Senior F/H pour renforcer notre dynamique autour de l'intelligence artificielle, de la data science et de l'industrialisation de solutions digitales au service du terrain.  Tu rejoins une équipe de passionnés composée d'une cheffe de projet IA, d'un expert métier terrain et d'une responsable data gouvernance. Tu contribueras à faire passer nos solutions IA à l'échelle, dans un cadre où la gouvernance data, la conformité et les enjeux industriels sont déjà intégrés. Notre philosophie : pas des POC en chambre mais des solutions qui tournent, qui sont utiles, et qui changent le quotidien de nos techniciens et de nos clients.
 
Tes missions principales
 
- Cadrer les cas d'usage avec les métiers, analyser les besoins opérationnels et orienter les choix techniques en fonction des objectifs et de la performance attendue
 
-Concevoir, développer, tester, évaluer et optimiser des modèles de Machine Learning, Deep Learning et IA générative
 
-Industrialiser et déployer les modèles et solutions IA en production : MLOps, LLMOps, intégration API, CI/CD, versioning, monitoring, tests, sécurité des accès
 
- Documenter les travaux, présenter les résultats et recommandations aux parties prenantes, expliquer les limites des modèles et accompagner les métiers dans l'appropriation des solutions
 
- Contribuer à la veille technologique, aux choix d'architecture, à la capitalisation de composants réutilisables et à la montée en compétence collective autour de l'IA
 
Ton profil
 
- Formation ingénieur ou Master en statistique, mathématiques appliquées, Data Science
 
- 5 ans et + d'expérience en développement de solutions IA (Python, frameworks ML), industrialisation et mise en production de solution robuste, sécurisée, documentée et réellement exploitable. Tu es à l'aise avec Git, GitLab, GitLab CI/CD, Docker, FastAPI et tu connais les pratiques MLOps, LLMOps.
 
- Capacité à challenger les choix scientifiques et techniques, à arbitrer les approches de modélisation
 
- Expérience ou appétence forte pour les LLMs, le RAG et la GenAI appliquée
 
- Expérience dans un contexte industriel fortement appréciée : industrie, maintenance, énergie, logistique
 
- Esprit d'analyse, autonomie, rigueur et capacité à travailler en équipe.
 
Pourquoi ici ?
 
-Tes solutions tournent en production sur des installations industrielles réelles
 
-Tu construis, tu ne maintiens pas l'existant
 
-Tu contribues à moderniser la maintenance industrielle française
 
-Cadre structuré : gouvernance data en place, conformité AI Act intégrée
 
-Tu fais partie d'une équipe projet dédiée, avec accès direct à la direction
 
En rejoignant Fives, vous intégrerez un groupe international qui vous donnera accès à de multiples opportunités d'évolution et de mobilité, et ce, dans de nombreux domaines.
 
Nous vous offrirons toute la place pour apprendre, grandir et vous épanouir, sur le plan professionnel, notamment grâce à nos programmes d'intégration et d'accompagnement, mais également sur le plan personnel. En effet, vous pourrez bénéficier d'un mode de travail hybride et de nombreux autres avantages : un CSE attractif, une prime de participation et intéressement, majorations (heures de nuit, primes d'astreintes, dimanche etc), mutuelle, tickets restaurants.
 
Alors, rejoins l'industrie qu'on aime !
 
PS : chez Fives, nous nous efforçons à tout mettre en oeuvre pour qu'emploi rime avec handicap, n'hésitez pas à postuler.
 
","
CDI

Contrat travail
",unspecified,unspecified,unspecified,Fives groupe,1 An(s),CDI,False
7220483,https://candidat.pole-emploi.fr/offres/recherche/detail/7220483,2026-09-24,Offre d'emploi Data Analyst - Scientist H/F - 75 - Paris 1er Arrondissement - 7220483 | France Travail,75 - Paris 1er Arrondissement,"POSTE : Data Analyst - Scientist H/F
DESCRIPTION : 
Rejoignez notre territoire Data Excellence ! Au sein de l'offre Advanced Analytics, votre mission sera de piloter des projets à forte valeur ajoutée pour des entreprises de renom, en les accompagnant de la structuration de leurs données jusqu'à l'aide à la décision stratégique.
 
Vos Missions
 
Selon votre séniorité et vos appétences, vous interviendrez sur tout ou une partie du cycle de vie de nos projets Data :
 
- Cadrage & Compréhension : Animer les ateliers de définition des besoins avec les directions métiers et traduire leurs enjeux business en spécifications techniques.
- Data Prep & Qualité : Piloter la collecte, l'exploration et la préparation des données pour garantir des bases de modélisation fiables et qualifiées.
- Modélisation & Data Science : Concevoir, tester et implémenter des modèles algorithmiques et statistiques adaptés aux problématiques clients.
- DataViz & Aide à la décision : Réaliser des reportings décisionnels et des tableaux de bord interactifs pour rendre la donnée visuelle et actionnable.
- Restitution & Accompagnement : Présenter vos analyses et résultats aux équipes opérationnelles ainsi qu'aux directions générales avec un fort esprit de vulgarisation.
 
Votre Profil & Compétences
 
Soft Skills :
 
- Sens du service & Relationnel : Orienté(e) résultats et satisfaction client, vous possédez d'excellentes qualités relationnelles et avez le sens de l'engagement.
- Rigueur & Autonomie : Doté(e) de solides compétences analytiques, vous menez vos travaux avec précision et savez piloter vos livrables de manière autonome.
- Posture Conseil : Vous avez une forte appétence pour les sujets au carrefour des problématiques business et des enjeux technologiques.
 
Hard Skills :
 
- Data Science & Code : Maîtrise indispensable du langage SQL. Une bonne connaissance de Python ou de SAS est un véritable atout pour mener à bien vos analyses.
- DataViz : Expertise sur l'un des outils majeurs du marché (Power BI, Tableau ).
- Plateformes Data : Pratique d'un outil d'analytics ou de Data Science comme Dataiku ou Alteryx.
- IA au quotidien : Vous exploitez activement les outils d'IA générative (assistants de code, LLMs) pour accélérer vos déplacements, optimiser vos scripts et documenter vos pipelines.
- Le petit plus : Des notions ou une bonne maîtrise des environnements Cloud (GCP, AWS ou Azure).
- Anglais opérationnel : Vous êtes à l'aise pour comprendre et rédiger de la documentation technique, et capable de participer activement à des réunions professionnelles en anglais
 
Pourquoi nous rejoindre ?
 
- Une structure en forte croissance : Rejoignez une aventure ambitieuse où les opportunités d'évolution sont concrètes et stimulantes.
- Une équipe à taille humaine : Évoluez au sein d'un collectif d'experts passionnés, bienveillants et soudés.
- Un accompagnement de proximité : Bénéficiez d'un suivi managérial individualisé pour construire votre trajectoire de carrière.
- Acteur de notre développement : Participez activement à l'évolution du cabinet à travers des projets internes (R&D, vie d'équipe, chantiers transverses).
- Equilibre de vie : Conciliez sereinement vie pro et vie perso grâce à une organisation du travail basée sur l'autonomie et adaptée au contexte de vos missions.
 
Modalités :
 
- Contrat : CDI - poste basé à Paris.
- Formation : Diplôme de niveau Bac +5 (École d'ingénieurs ou Master universitaire) avec une spécialisation en Mathématiques Appliquées et/ou Statistiques.
- Expérience : Minimum 3 ans d'expérience réussie sur un poste similaire (hors alternance/ stage).
 

","
CDI

Contrat travail
",35H/semaine,38000.0,50000.0,Atheia,1 An(s),CDI,False
7218195,https://candidat.pole-emploi.fr/offres/recherche/detail/7218195,2026-09-24,Offre d'emploi Data Scientist Senior H/F - 69 - Lyon 1er Arrondissement - 7218195 | France Travail,69 - Lyon 1er Arrondissement,"POSTE : Data Scientist Senior H/F
DESCRIPTION : 
L'équipe Data & IA, forte de 110 collaborateurs, joue un rôle clé à la fois dans les projets de transformation digitale de nos clients, mais également dans l'évolution croissante de la région Talan Sud Est.
 
Ce pôle ambitionne de continuer à se développer sur les expertises suivantes : analyse de la donnée, data engineering, data science, data gouvernance, architecture, conseil, etc
 
Qu'est-ce que nous vous proposons ?
 
En rejoignant l'équipe, vous accompagnez nos clients dans leur transformation numérique et vous intégrez des équipes projets sur différents périmètres.
 
Vos missions :
 
- Accompagner nos clients dans l'identification, le cadrage et la priorisation de leurs cas d'usage Data Science et Intelligence Artificielle.
- Concevoir, développer et déployer des modèles de Machine Learning et Deep Learning répondant à des problématiques de prédiction, classification, segmentation ou optimisation.
- Réaliser les phases de préparation, d'exploration et de valorisation des données afin de garantir la pertinence des modèles développés.
- Évaluer, améliorer et industrialiser les modèles dans une démarche de performance, robustesse et passage à l'échelle.
- Participer à la définition des architectures Data Science et aux choix technologiques associés.
- Accompagner les équipes projets sur les bonnes pratiques de Data Science, MLOps et IA.
- Contribuer aux avant-ventes, à la veille technologique et au partage de connaissances au sein de la communauté Data & IA.
 

PROFIL : 
Profil recherché
 
- Diplômé(e) d'une école d'ingénieur ou d'une formation universitaire de niveau Bac +5 à Doctorat avec une spécialisation en Data Science, Statistiques, Mathématiques appliquées ou Intelligence Artificielle.
- Vous justifiez d'au moins 6 ans d'expérience en Data Science sur des projets à forte valeur métier.
- Vous maîtrisez l'ensemble du cycle de vie d'un projet Data Science : compréhension du besoin, exploration des données, développement des modèles, évaluation et industrialisation.
- Vous disposez d'une solide expertise en modélisation statistique, Machine Learning et Deep Learning.
- Vous maîtrisez Python ainsi que les principaux frameworks Data Science du marché (Scikit-Learn, PyTorch, TensorFlow ou équivalents).
- Vous avez une expérience significative sur des problématiques telles que la prédiction, la classification, le clustering, les séries temporelles ou la computer vision.
- Vous êtes à l'aise avec les enjeux d'industrialisation des modèles et les pratiques MLOps.
- Une expérience des environnements Cloud (Azure, AWS ou GCP) ainsi que des plateformes Data modernes (Databricks notamment) est appréciée.
- Vous faites preuve d'autonomie, de rigueur et d'un excellent esprit d'analyse.
- Votre capacité à vulgariser des sujets complexes et à interagir avec des interlocuteurs métiers comme techniques constitue un véritable atout.
 
Ce descriptif vous plait ? Lancez-vous : nous avons hâte d'en apprendre plus sur vous, de vous présenter nos références de projets, et Talan plus en détail !
 
Ce que Talan Lyon vous propose au quotidien
 
- Des locaux modernes situés à proximité du Parc de la Tête d'Or
- La possibilité de télétravailler (prime d'équipement de 100 €) : moyenne de 2 à 3 jours par semaine
- Mutuelle prise en charge à hauteur de 80% minimum
- Des titres-restaurant
- Primes de cooptation de 500 à 4000€
- Actionnariat salarié
- Labellisé Great Place to Work depuis 10 ans
- Retour de congé maternité possible à 4/5ème sans perte de salaire pendant 6 mois
- Permanence handicap (consultant dédié aux collaborateurs en situation de handicap et aux proches aidants)
- Offre de formation complète sur site et à distance, programme de mentoring pour les femmes
- Mobilité en France et à l'étranger
- Top 1% des entreprises évaluées par Ecovadis dans le domaine social, environnemental et éthique
- Activité sportive hebdomadaire au sein des locaux encadré par un coach (pilates, course à pied, etc)
- Encouragement à l'intrapreneuriat avec accompagnement de nos directeurs
 
Processus de recrutement
 
L'équipe recrutement s'engage à vous proposer un processus de recrutement rapide et fluide avec à minima un entretien en présentiel dans nos locaux :
 
- Un premier échange de 30 à 45 minutes en visio ou par téléphone avec le recruteur pour vous présenter le poste et comprendre votre projet professionnel
- Un test technique en ligne
- Un entretien technique avec l'un des managers de proximité de l'équipe et/ou un expert technique
- Un entretien avec le responsable de l'équipe Data & IA
- Un entretien avec la directrice Talan Sud Est
 
Talan est une entreprise responsable, attachée à la diversité. Des aménagements de poste peuvent être organisés pour tenir compte des personnes en situation de handicap.  
  
 #TalanFrance #Talan #Data #IA #DataScience #LI-MP1
","
CDI

Contrat travail
",35H/semaine,unspecified,unspecified,Talan,8 An(s),CDI,False
7216986,https://candidat.pole-emploi.fr/offres/recherche/detail/7216986,2026-09-24,Offre d'emploi Data Scientist Sénior - Expert Rag H/F - 92 - Puteaux - 7216986 | France Travail,92 - Puteaux,"POSTE : Data Scientist Sénior - Expert Rag H/F
DESCRIPTION : 
Dans le cadre d'une création de poste chez l'un de nos clients grands comptes dans le secteur du juridique, nous recherchons un Data Scientist Senior / Expert RAG pour une mission visant à améliorer une chaîne RAG existante par l'intégration de contenus éditoriaux spécialisés.  
  
Le projet consiste à ingérer des ouvrages et référentiels sous droits, en qualifiant chaque source et en extrayant finement leur structure. Un enjeu majeur sera de construire et maintenir un protocole d'évaluation robuste pour garantir la non-régression et mesurer l'apport de chaque ajout, avec une approche go / no-go formalisée.  
  
Vos responsabilités incluront également le tuning complet de la chaîne (embeddings, indexation, requête, reranking, génération) et l'instrumentation des métriques de performance (recherche, génération, exploitation). L'objectif final est d'automatiser le pipeline d'évaluation et d'assurer le transfert de compétences à l'équipe interne.
 
PROFIL : 
Issu d'une formation Bac +5 (ingénieur ou universitaire), vous justifiez d'au moins 5 ans d'expérience minimum en data science ou ML, avec une expérience avérée sur une chaîne RAG en production.
 
- Maîtrise de Python, des vector stores (pgvector, Qdrant, etc.) et d'un framework d'orchestration (LangChain, LlamaIndex)  
- Expertise en évaluation de systèmes RAG (RAGAS, DeepEval, etc.) et en parsing documentaire avancé (Unstructured, PyMuPDF, OCR)  
- Rigueur méthodologique et capacité à travailler en autonomie pour défendre des conclusions basées sur des mesures chiffrées  
- Une expérience en NLP, fine-tuning de modèles et sur des corpus éditoriaux ou juridiques est un plus
","
CDI

Contrat travail
",35H/semaine,60000.0,70000.0,Starclay,8 An(s),CDI,False
7214392,https://candidat.pole-emploi.fr/offres/recherche/detail/7214392,2026-09-25,Offre d'emploi Ingénieur IA - Data Scientist H/F - 44 - Nantes - 7214392 | France Travail,44 - Nantes,"POSTE : Ingénieur IA - Data Scientist H/F
DESCRIPTION : Pour aller plus loin, nous recherchons un(e) ingénieur(e) IA / Data Scientist, pour renforcer notre équipe nantaise et intervenir sur des projets pour des clients dans des domaines variés (Services Publics, Banque/Assurance, Transport, Industrie, Retail).   
Vous interviendrez sur des périmètres variés, et selon les missions, vous prendrez plus au moins part aux activités suivantes :   
*   
Concevoir, entraîner et industrialiser des modèles d'apprentissage automatique et d'intelligence artificielle (générative, agentique, ), de la première analyse jusqu'à la mise en production.   
   
*   
Construire et fiabiliser nos briques d'intelligence artificielle générative : moteurs d'inférence, évaluation des modèles, chaînes de génération augmentée par la recherche.   
   
*   
Développer en Python des composants robustes et réutilisables (cadres et gabarits de projet) pour accélérer les équipes.   
   
*   
Mettre en place l'industrialisation des modèles : intégration et déploiement continus, supervision et observabilité.   
   
*   
Partager : revues de code, documentation, veille technologique et diffusion des bonnes pratiques.
PROFIL : Les atouts pour réussir :  
   
*   
Bac +5 en informatique, mathématiques, statistiques ou science des données, vous avez au minimum 3 ans d'expérience professionnelle en science des données et en ingénierie de l'intelligence artificielle.   
   
*   
Votre expérience est variée et vous disposez d'un socle technique solide dans les domaines suivants :   
   
*   
Science des données : analyse exploratoire des données, réduction de dimensionnalité (PCA), techniques de clustering et modélisation statistique ; apprentissage automatique et profond (Pandas, Scikit-learn, TensorFlow, PyTorch).   
*   
Modèles de langage (LLM) : fine-tuning, prompt engineering, architectures RAG et frameworks d'orchestration ; solutions open source et souveraines autour des modèles de langage (HuggingFace, vLLM).   
*   
Industrialisation (MLOps / LLMOps) : industrialisation des modèles, intégration et déploiement continus dédiés à l'intelligence artificielle, monitoring et observabilité (MLflow, Docker, Kubernetes).   
*   
Développement Python : code de qualité, packaging, tests automatisés et structuration de projet.   
*   
Architecture : maîtrise des API, des architectures microservices et des environnements cloud et on-premise.   
*   
Sécurité : maitrise des enjeux RGPD, assurer la robustesse et la fiabilité des modèles développés, la sécurité des pipelines IA (MLOps / LLMOps)   
*   
Un plus : développement front-end Angular pour nos interfaces et portails d'intelligence artificielle et des notions de Java pour le back-end de certains produits.","
CDI

Contrat travail
",unspecified,unspecified,unspecified,Atos,1 An(s),CDI,False
7210143,https://candidat.pole-emploi.fr/offres/recherche/detail/7210143,2026-09-24,Offre d'emploi Senior Data Scientist H/F - 34 - Montpellier - 7210143 | France Travail,34 - Montpellier,"POSTE : Senior Data Scientist H/F
DESCRIPTION : 
Nous recherchons en CDI pour un client final un/e Senior Data Scientist en full-remote depuis la France métropolitaine ou la Corse.
 
L'environnement traite quotidiennement des volumes massifs de données et requiert des architectures distribuées capables de répondre à des contraintes fortes de performance, de scalabilité et de temps réel.
 
Vos missions :
 
- Concevoir, développer et maintenir des pipelines de données critiques à grande échelle.
- Mettre en place et faire évoluer les workflows d'orchestration de données.
- Participer à la conception d'architectures de traitement temps réel à très haut débit.
- Optimiser les performances des pipelines et réduire les temps de traitement et de réponse.
- Assurer la fiabilité, l'observabilité et la résilience des flux de données en production.
- Collaborer étroitement avec les équipes Data, Software Engineering et Produit.
- Participer aux choix d'architecture et aux décisions techniques impactant la plateforme.
- Contribuer à l'amélioration continue des standards d'ingénierie et des bonnes pratiques.
 

PROFIL : 
 Ce poste s'adresse à des ingénieurs Data expérimentés ayant déjà opéré des plateformes data critiques dans des environnements à forte volumétrie.
 
Prérequis indispensables :
 
- Minimum 5 à 8 ans d'expérience en Data Engineering.
- Excellente maîtrise de Apache Airflow en environnement de production.
- Expérience significative avec Apache Kafka ou d'autres technologies de streaming temps réel.
- Expérience de traitement de très gros volumes de données.
- Solide maîtrise de Python.
- Très bonnes connaissances SQL.
- Expérience des architectures distribuées et du traitement évènementiel.
- Expérience de l'industrialisation et de l'exploitation de pipelines critiques.
- Très bon niveau d'anglais écrit & oral (le français n'est pas obligatoire)
 
Seront particulièrement appréciés
 
- Spark, Flink ou technologies similaires.
- Environnements nécessitant des réponses à très faible latence (<10 ms).
- Expérience sur des plateformes digitales à fort trafic.
- Connaissances DevOps, CI/CD et observabilité.
- Expérience dans des contextes AdTech, MarTech ou plateformes transactionnelles à très fort volume.
 
Ce poste n'est probablement pas fait pour vous si :
 
- Vous êtes principalement Data Scientist ou Machine Learning Engineer.
- Votre expérience est centrée sur l'entraînement de modèles IA.
- Vous travaillez principalement sur des POC ou des projets d'analyse de données.
- Vous n'avez jamais déployé ni exploité de pipelines de données à grande échelle.
- Vous n'avez pas d'expérience significative avec Airflow ou Kafka.
 
 Merci de postuler uniquement si vous disposez d'une expérience solide en Airflow, Kafka et systèmes de traitement de données à grande échelle.
 
Pourquoi rejoindre ce client ?
 
- Entreprise en pleine croissance
- Esprit d'équipe & d'entraide
- CSE
- Tous vos vendredis après-midi off !
 
Merci de postuler uniquement si vous correspondez aux prérequis indispensables mentionnés ci-dessus.
","
CDI

Contrat travail
",35H/semaine,50000.0,85000.0,Innova solutions,1 An(s),CDI,False
7210095,https://candidat.pole-emploi.fr/offres/recherche/detail/7210095,2026-09-24,Offre d'emploi Data Scientist H/F - 77 - Moussy-le-Vieux - 7210095 | France Travail,77 - Moussy-le-Vieux,"POSTE : Data Scientist H/F
DESCRIPTION : 
Ce poste en Data Science est intégré à l'équipe Market Research et joue un rôle clé dans le développement d'outils et d'analyses soutenant la prise de décision au quotidien.
 
Le candidat idéal adopte une approche très opérationnelle, prêt à plonger dans la data, construire des modèles, créer des visualisations et produire des analyses actionnables selon les besoins. Il évolue avec aisance dans un environnement dynamique et est motivé par l'impact immédiat de son travail.
 
À ce titre, les missions couvrent l'ensemble des activités liées à la création de pipelines de données, la mise en place de modèles, le reporting et les outils digitaux, afin de générer de nouveaux insights, d'améliorer la fiabilité des analyses existantes et d'apporter plus d'agilité dans la consolidation et l'analyse des données de marché.
 
Le poste est rattaché directement au Responsable Market Research.
 
Missions principales :
 
- Définir des méthodologies et des bonnes pratiques sur l'ensemble du cycle de vie de la donnée : collecte, analyse, modélisation, gestion des versions, documentation, tests et suivi.
- Collaborer avec les responsables des différents domaines d'études pour identifier les besoins et faire évoluer les analyses.
- Accompagner les analystes de l'équipe Market Research sur les questions techniques et liées aux marchés.
- Travailler en étroite collaboration avec les experts métiers pour concevoir et déployer des solutions compréhensibles et utilisables par des interlocuteurs non techniques au sein de Tereos.
- Être le point de contact et collaborer avec les équipes IT et les responsables des outils commerciaux sur les sujets liés aux nouveaux développements, à la maintenance, à la gestion des incidents, ainsi qu'à l'ensemble des systèmes et outils digitaux.
- Développer et maintenir des pipelines de données automatisés pour l'ingestion, le nettoyage et la transformation (ETL/ELT) à partir de sources multiples (API, bases de données, fichiers Excel, etc.).
- Gérer et optimiser les bases de données utilisées par l'équipe Market Research en garantissant leur performance et leur scalabilité.
- Développer et maintenir des tableaux de bord (Power BI, Streamlit, Excel, etc.).
- Concevoir des modèles prédictifs et statistiques pour anticiper les prix, la consommation, la météo, les flux commerciaux, les opportunités d'arbitrage et d'autres indicateurs.
- Tester, valider et suivre les modèles à l'aide d'indicateurs de performance adaptés.
- Automatiser les processus analytiques et mettre en place des pipelines de machine learning, de l'entraînement au déploiement.
- Contribuer aux demandes ponctuelles et aux activités récurrentes afin de fournir de nouvelles analyses et garantir le respect des délais de livraison de l'équipe.
- Assurer un rôle de backup, si nécessaire, lors des routines et des présentations de l'équipe marché.
 

PROFIL : 
Diplôme universitaire en informatique, data science ou dans un domaine quantitatif équivalent.  
Maîtrise professionnelle de l'anglais ; le français est un plus.  
Solides connaissances en mathématiques, statistiques et machine learning, ou expérience équivalente.  
Maîtrise de Python et de ses bibliothèques (Pandas, NumPy, scikit-learn, TensorFlow, Snowpark), ainsi que de SQL.  
Expérience en ETL/ELT, modélisation de données et gestion de bases de données, notamment sur Snowflake ou des plateformes équivalentes.  
Expérience en data visualisation (Power BI, Streamlit, Excel).  
Connaissance des API, de l'automatisation des workflows et des outils de versioning (Git).  
Bonne connaissance ou fort intérêt pour les marchés des matières premières (commodities).  
Capacité à écrire du code propre, modulaire et bien documenté, dans un environnement de développement collaboratif.  
Approche proactive, orientée utilisateur, avec un état d'esprit « make it work » et un réel intérêt pour les enjeux à la fois fonctionnels et techniques.  
Excellentes compétences en communication et en relationnel, permettant de collaborer efficacement avec des équipes variées.  
Capacité à tirer de la valeur de modèles complexes, à les conceptualiser et à les traduire en analyses opérationnelles dans un contexte commercial.  
Ingéniosité, créativité et adaptabilité, avec une aisance dans des environnements dynamiques et orientés résultats.
","
CDI

Contrat travail
",unspecified,unspecified,unspecified,Tereos,0 An(s),CDI,False
7207812,https://candidat.pole-emploi.fr/offres/recherche/detail/7207812,2026-09-24,Offre d'emploi Engineer - Data Scientist Genai H/F - 59 - Lille - 7207812 | France Travail,59 - Lille,"POSTE : Engineer - Data Scientist Genai H/F
DESCRIPTION : 
Au sein des équipes de nos clients, leaders de leur secteur, vous participez au déploiement de projets d'intelligence artificielle à forte valeur ajoutée. Vous intervenez sur des sujets innovants autour des modèles génératifs, des assistants conversationnels, des copilotes métiers et de l'automatisation intelligente.
 
Missions :
 
- Conception d'architectures IA générative et RAG
- Développement et industrialisation de modèles d'intelligence artificielle
- Intégration et optimisation de modèles de langage
- Mise en oeuvre des bonnes pratiques MLOps
- Développement d'agents conversationnels et d'assistants métiers
- Participation à la gouvernance et à l'évaluation des modèles
- Accompagnement des équipes dans l'adoption des technologies IA
- Veille technologique et innovation
 
Profil recherché :
 
Diplômé(e) d'une école d'ingénieur, d'un Master ou d'un Doctorat en Data Science, Intelligence Artificielle ou Mathématiques appliquées, vous justifiez d'une expérience significative sur des projets IA en environnement industriel. Vous maîtrisez Python, les frameworks de Machine Learning et les architectures de modèles génératifs.
 
Une expérience des environnements Cloud et MLOps est fortement appréciée. Vous faites preuve d'autonomie, de curiosité et d'une forte capacité à vulgariser des sujets complexes.
 
Enfin vous souhaitez participer au développement d'une société à taille humaine, Great Place To Work et labellisée ECOVADIS.
 
50000 - 65000
","
CDI

Contrat travail
",unspecified,50000.0,65000.0,Lr technologies nord,0 An(s),CDI,False
7206857,https://candidat.pole-emploi.fr/offres/recherche/detail/7206857,2026-09-24,Offre d'emploi Data Scientist H/F - 75 - Paris 15e Arrondissement - 7206857 | France Travail,75 - Paris 15e Arrondissement,"POSTE : Data Scientist H/F
DESCRIPTION : 
Le Data Scientist intègre l'équipe en tant que référent technique/ scientifique, il est chargé d'accompagner les juniors dans leur montée en compétences tout en participant à la réalisation des projets data 360 et IA. Il est également en charge de l'utilisation des technologies Big Data et IA, dans le but d'aider à la prise de décision et faire de la veille technologique sur les architectures Big Data et IA.   
Vous aurez la responsabilité de :  
- Analyser des données pour traduire une problématique métier en problème mathématique statistique, et réciproquement  
- Anticiper avantages/inconvénients de différents modèles ou méthodes calcul dans environnement métier après comparaison et évaluation de ces modèles  
- Apporter expertise pour exploration/analyse complexe de données au moyen techniques variées : statistiques, analyse texte, comportementale, images  
- Caractériser des données (qualité, richesse, contenu) en vue de leur intégration dans le système d'information cible du métier et créer des algorithmes de recherche de données permettant d'explorer les données utiles  
- Produire des rapports et des représentations graphiques à partir des données pertinentes afin de synthétiser et traduire des informations pour faciliter la prise de décision.
 
PROFIL : 
De formation Bac +5, Ingénieur diplômé d'une école spécialisée (ENSAE, ENSAI, Polytechnique) ou d'un master en data science, vous justifiez de 5 ans d'expérience sur un poste similaire.   
Vous êtes doté de solides compétences techniques autour de Python et packages adaptés, Docker, Git.  
Vous avez également de très bonnes capacités interpersonnelles et de communication dans le travail quotidien.
","
CDI

Contrat travail
",unspecified,unspecified,unspecified,Dtpm,1 An(s),CDI,False
7194559,https://candidat.pole-emploi.fr/offres/recherche/detail/7194559,2026-09-24,Offre d'emploi Data Scientist Senior H/F - 91 - Palaiseau - 7194559 | France Travail,91 - Palaiseau,"POSTE : Data Scientist Senior H/F
DESCRIPTION : 
Intégré à l'équipe du Data & IA Hub, vous rejoindrez une jeune équipe composée de Data Scientists, Data Engineers et ML Engineers.
 
Vous travaillerez sur trois missions principales :
 
- En interne, vous participerez à la définition de la stratégie optimale de données pour Socotec (structuration, processus, open data, achats de données externes)
- En mode projet, vous participerez au pilotage de A à Z de projets finaux : collecte des données, pipeline de prétraitement, modélisation et déploiement. Vous contribuerez au développement des 4 axes principaux du groupe :
    - Inspection 4.0 : développements d'algorithmes de computer vision et NLP en soutien aux experts métiers sur le terrain
    - Assistants SOCOTEC : développement d'agents personnalisés pour les services du groupe (RAG, text-to-SQL, )
    - IA+X pour des nouveaux services : développement de technique d'hybridation entre physique et IA (jumeau numérique, PINN)
    - Extraction d'information à partir de documents et de plans
- Mentoring des équipes juniors et animation de la communauté d'experts Data & IA du groupe
 
Le travail sera fait en collaboration avec une équipe de développeurs pour développer les modèles et héberger les livrables sur une plateforme web AWS.
 
Chez SOCOTEC, les carrières sont construites avec vous vers ce qui vous correspond le mieux : expertise technique, management d'une équipe (lead data), etc.  
 Vous aurez la possibilité d'interagir à l'international (US, UK, ITA, ESP, NL) et des opportunités de mobilité internationale sont possibles.
 

Socotec s'engage à vous faire travailler dans les meilleures conditions, pour se faire nous mettons à votre disposition :
 
- Le poste peut etre basé à Palaiseau (91) ou à Lyon/Villeurbanne (69)
- Une rémunération comprise entre 50K€ et 65K€ (selon profil et expérience)
- Une prise en charge de votre abonnement de transport en commun à 50%
- La mutuelle collaborateur plus enfants prise en charge à 100%
- Nous vous accompagnons dans votre carrière en encourageant la promotion interne : chez SOCOTEC, 75% des postes d'encadrement sont pourvus par des promotions internes.
- Parce que vous nous apportez votre expertise, nous vous aidons à la faire grandir et contribuons activement à votre développement professionnel grâce à des dispositifs de formation enrichis.
- Avec ses 150 agences en France, SOCOTEC offre des opportunités de mobilité géographique.
- Notre processus de recrutement et d'intégration a été optimisé pour offrir une expérience simple, digitale et complète à chaque candidat.
 

PROFIL : 
- Master en Data Science / Machine Learning ou Ingénieur Généraliste avec appétence en data
- Minimum 5 ans d'expérience en Data Science appliquée, idéalement dans un environnement industriel, technique ou à forte composante data
- Maîtrise du langage Python et de son écosystème data (pandas, NumPy, scikit-learn, matplotlib, seaborn, etc.).
- Solide expérience avec les algorithmes de machine learning et deep learning, ainsi qu'avec au moins un framework de référence (TensorFlow, Keras ou PyTorch).
- Maîtrise des outils collaboratifs de développement : Git, GitLab, Jupyter Notebooks, VS Code, etc.
- Connaissance des environnements AWS (Lambda, Timescale, S3) et des bonnes pratiques de déploiement de modèles en production (MLOps) appréciée.
- Connaissance des statistiques, de la modélisation et des analyses multivariées (analyse factorielle, ACP, clustering, régressions, etc.).
- Polyvalence et autonomie sur l'ensemble du cycle de vie d'un projet data (exploration, modélisation, validation, déploiement).
- Esprit d'équipe, rigueur scientifique et sens de la collaboration
- Capacité à accompagner les équipes métiers et techniques, à vulgariser des sujets complexes et à contribuer à la structuration des bonnes pratiques data.
- Anglais courant et technique
 
","
CDI

Contrat travail
",35H/semaine,50000.0,65000.0,Socotec,8 An(s),CDI,False
7193840,https://candidat.pole-emploi.fr/offres/recherche/detail/7193840,2026-09-24,Offre d'emploi Data Scientist H/F - 95 - Bezons - 7193840 | France Travail,95 - Bezons,"POSTE : Data Scientist H/F
DESCRIPTION : Vos missions à nos côtés   
En tant que consultant(e), vous intervenez directement chez nos clients ou au sein de notre centre d'excellence pour transformer des besoins métiers en solutions algorithmiques performantes.  
   
*   
Cadrage et Conseil : Accompagner les clients dans la définition de leurs besoins Data, évaluer la faisabilité technique des cas d'usage et choisir les technologies les plus adaptées.  
*   
Développement de modèles : Concevoir, tester et optimiser des algorithmes de Machine Learning ou de NLP pour répondre à des enjeux concrets (prédiction de demande, détection de fraude, analyse de sentiment).  
*   
Accompagnement au déploiement : Collaborer avec les équipes IT clientes pour intégrer vos modèles dans leurs écosystèmes existants et assurer le transfert de compétences.  
*   
Rayonnement technique : Participer à l'animation des ateliers techniques et contribuer à la capitalisation du savoir-faire de l'agence.
Votre avenir chez Atos * Des perspectives d'évolution concrètes et personnalisées * Plus de 600 formations certifiantes et plateforme e-learning * Un accompagnement de proximité pour vous faire grandir Prêt(e) à faire partie de l'aventure ? Faites la différence et rejoignez la teams Atos !
PROFIL : Les atouts pour réussir    
*   
Formation : Vous êtes titulaire d'un diplôme Bac +5 (École d'Ingénieurs ou Master spécialisé en Data Science / Statistiques).  
*   
Expérience : Vous avez minimum 4 années d'expérience sur un poste similaire, idéalement acquise en cabinet de conseil ou en ESN.  
Compétences techniques (Critères obligatoires) :  
*   
Maîtrise de l'écosystème Python (Pandas, Scikit-learn, XGBoost) et de la manipulation de données SQL.  
*   
Capacité à travailler dans des environnements techniques variés (Cloud Azure/AWS/GCP ou On-premise).  
*   
Connaissance des bonnes pratiques de développement (Git, Tests unitaires, CI/CD).  
Compétences souhaitées (Les ""plus"") :  
*   
Expérience sur des outils de Data Engineering (PySpark) ou de DataViz (Power BI).  
*   
Anglais professionnel (contexte de missions internationales).  
Soft Skills :  
   
*   
Adaptabilité : Capacité à monter rapidement en compétence sur de nouveaux domaines métiers.  
*   
Sens du service : Aisance relationnelle et posture de consultant face aux clients.","
CDI

Contrat travail
",unspecified,unspecified,unspecified,Atos,1 An(s),CDI,False
7193439,https://candidat.pole-emploi.fr/offres/recherche/detail/7193439,2026-09-24,Offre d'emploi Data Scientist - ai Engineer H/F - 92 - Levallois-Perret - 7193439 | France Travail,92 - Levallois-Perret,"POSTE : Data Scientist - ai Engineer H/F
DESCRIPTION : 
Contexte de la mission :
 
Nous recherchons un(e) Data Scientist / AI Engineer pour intervenir sur un projet IA stratégique autour du développement et de l'industrialisation de modèles de prévision budgétaire.
 
La mission s'adresse aux équipes Finance, avec une forte composante Supply Chain.  
 L'objectif est de concevoir, entraîner, industrialiser et mettre en production des modèles de forecasting robustes, scalables et adaptés aux enjeux métier.
 
Vos missions :
 
Vous interviendrez sur l'ensemble du cycle de vie des modèles, du développement jusqu'à la mise en production.
 
Vos principales missions seront de :
 
- Concevoir, entraîner et optimiser des modèles de forecasting
- Développer des modèles de prévision budgétaire adaptés aux besoins Finance et Supply Chain
- Industrialiser les modèles et les pipelines de traitement
- Mettre en place des workflows robustes, maintenables et scalables
- Assurer la qualité, la fiabilité et le suivi des modèles
- Collaborer étroitement avec les équipes métier Finance et Supply Chain
- Participer à la mise en production des modèles dans un environnement cloud
- Contribuer aux bonnes pratiques MLOps et à l'amélioration continue des pipelines
 

 
Pourquoi rejoindre ce projet ?
 
- Un sujet IA concret à fort impact business
- Une mission stratégique auprès d'équipes Finance et Supply Chain
- Un environnement technique moderne autour de Google Cloud et Vertex AI
- Une intervention sur tout le cycle de vie des modèles
- Une opportunité de contribuer à l'industrialisation de cas d'usage IA à forte valeur
 
Informations clés :
 
- Poste : Data Scientist / AI Engineer
- Domaine : IA, forecasting, prévision budgétaire
- Environnement : Finance / Supply Chain
- Stack : GCP, Vertex AI, CI/CD, Docker, Kubernetes
- Démarrage : dès que possible
 
Vous avez une expertise en forecasting, IA et industrialisation de modèles dans un environnement cloud ?
 
 Contactez-moi pour en discuter.
 
#Recrutement #DataScience #AIEngineer #MachineLearning #Forecasting #GoogleCloud #GCP #VertexAI #MLOps #Docker #Kubernetes #SupplyChain #Finance #IA #Devoteam #DevoteamGCloud
 
Le Groupe Devoteam oeuvre pour l'égalité des chances, pour la promotion de ses collaboratrices et de ses collaborateurs au mérite et lutte activement contre toute forme de discrimination. Nous sommes persuadés que la diversité contribue à la créativité, au dynamisme et à l'excellence de notre organisation. Tous nos postes sont ouverts aux personnes en situation de handicap.
 
PROFIL : 
Profil recherché :
 
Vous êtes un(e) Data Scientist, Machine Learning Engineer ou AI Engineer, avec une capacité à intervenir à la fois sur la conception de modèles et leur industrialisation.
 
Vous disposez idéalement de :
 
- Une expérience en Data Science, Machine Learning ou AI Engineering
- Une bonne maîtrise des modèles de forecasting et des séries temporelles
- Une expérience dans l'industrialisation de modèles ML
- Une bonne compréhension des pipelines data et des pratiques MLOps
- Une capacité à travailler avec des équipes métier
- Une bonne compréhension des enjeux Finance et/ou Supply Chain
- De l'autonomie, de la rigueur et un bon esprit d'analyse
 
Stack technique :
 
- Google Cloud Platform - GCP
- Vertex AI
- CI/CD
- Docker
- Kubernetes
- Pipelines data
- MLOps
- Modèles de forecasting / séries temporelles
 
","
CDI

Contrat travail
",35H/semaine,unspecified,unspecified,Devoteam france,1 An(s),CDI,False
7192954,https://candidat.pole-emploi.fr/offres/recherche/detail/7192954,2026-09-24,Offre d'emploi Data Scientist Confirmé H/F - 75 - Paris 1er Arrondissement - 7192954 | France Travail,75 - Paris 1er Arrondissement,"POSTE : Data Scientist Confirmé H/F
DESCRIPTION : MP DATA est un cabinet de conseil spécialisé en Data Science, IA et transformation analytique. Nous accompagnons nos clients (finance, retail, industrie, services) dans la structuration, la modélisation et la valorisation stratégique de leurs données.
 
Dans un contexte de forte croissance, nous recrutons un.e Data Scientist pour renforcer notre pôle Analytics & AI.
 
Tes missions s'articuleront autour de 4 grands axes :
 
Modélisation avancée & pilotage de la performance
 
Selon les missions clients, tu interviendras sur :
 
- Le développement et l'amélioration de modèles de scoring (risque, churn, propension, fraude, etc.).
- Des travaux avancés de feature engineering et de sélection de variables.
- L'implémentation de modèles ML/IA state-of-the-art (gradient boosting, deep learning, LLMs, modèles hybrides).
- La mise en place et le suivi d'indicateurs de performance (KPIs business, métriques modèles, robustesse statistique).
- L'analyse de la stabilité et de la fiabilité des modèles en environnement réel.
 
Intégration de LLM & IA Générative :
 
- Développement de cas d'usage basés sur des LLM (LangChain, HuggingFace, RAG, etc.).
- Extraction d'insights à partir de données textuelles ou non structurées.
- Automatisation de tâches analytiques ou réglementaires via IA générative.
- Mise en place d'architectures combinant modèles prédictifs classiques et LLM.
 
R&D & Innovation :
 
Chez MP DATA, l'innovation fait partie de notre ADN :
 
- Veille technologique active sur les avancées en IA, NLP, deep learning et MLOps.
- Développement de POCs internes et accélérateurs méthodologiques.
- Contribution à la structuration de nos offres Data & AI.
- Proposition de nouveaux cas d'usage à fort impact business (optimisation opérationnelle, détection de fraude, prévision financière, analyse comportementale, etc.).
 
Data Insights & Reporting Stratégique :
 
- Production d'analyses stratégiques pour les directions métiers (Finance, Risk, Marketing, Ops).
- Conception de modèles comportementaux et segmentation avancée.
- Contribution à des reportings réglementaires ou financiers selon les secteurs clients.
- Structuration de dashboards et indicateurs décisionnels.
PROFIL : - Diplômé.e d'une grande école d'ingénieur ou de commerce (ou formation universitaire équivalente).
- Minimum 3 ans d'expérience en Data Science.
- Maîtrise avancée de Python, SQL et des frameworks ML (scikit-learn, PyTorch, MLflow, etc.).
- Expérience avec des frameworks LLM / NLP (LangChain, HuggingFace, etc.).
- Solides bases statistiques et compréhension des enjeux business.
- Esprit analytique et entrepreneurial.
- Capacité à travailler en environnement exigeant et orienté résultats.
- Excellentes capacités de communication.","
CDI

Contrat travail
",35H/semaine,unspecified,unspecified,Mp data,1 An(s),CDI,False
7190847,https://candidat.pole-emploi.fr/offres/recherche/detail/7190847,2026-09-24,Offre d'emploi Data Scientist IA Lorient H/F - 29 - Brest - 7190847 | France Travail,29 - Brest,"POSTE : Data Scientist IA Lorient H/F
DESCRIPTION : 
DESCRIPTION DE POSTE
 
Dans le cadre du développement de nos activités à Lorient (56), nous recherchons un-e Data Scientist IA (H/F).
 
Vous intervenez au sein d'un environnement innovant afin de concevoir, développer et industrialiser les pipelines de données alimentant des applications d'intelligence artificielle. En collaboration avec les équipes Data, IA et Métiers, vous garantissez la qualité, la préparation et la mise à disposition des données nécessaires au bon fonctionnement des modèles de langage (LLM).
 
À ce titre, vos principales missions sont les suivantes :
 
- Concevoir, développer et maintenir les pipelines de données destinés aux applications d'IA générative
 
- Préparer, nettoyer et transformer les données métiers afin d'optimiser leur exploitation par les modèles de langage
 
- Mettre en oeuvre les techniques de chunking et d'embedding pour alimenter les architectures de type RAG
 
- Concevoir, administrer et optimiser les bases de données vectorielles utilisées par les applications IA
 
- Développer des services et APIs REST en Python pour l'intégration des traitements de données
 
- Participer à la mise en oeuvre des chaînes CI/CD et à la conteneurisation des applications
 
- Déployer et maintenir les solutions sur des environnements Linux
 
- Intégrer et orchestrer les traitements IA à l'aide de frameworks dédiés aux LLM
 
- Garantir la qualité, la gouvernance et la traçabilité des données tout au long de leur cycle de vie
 
- Collaborer avec les équipes IA afin de sélectionner les services et modèles les plus adaptés aux différents cas d'usage en tenant compte de leurs capacités et de leurs limites
 
VOTRE PROFIL
 
De formation Bac +5 en informatique, Data Engineering ou domaine équivalent, vous justifiez d'une expérience significative en tant que Data Engineer, idéalement sur des projets d'intelligence artificielle ou de valorisation de la donnée.
 
Vous maîtrisez le développement Python, les APIs REST, les environnements Linux, les outils de CI/CD et la conteneurisation (Docker, Kubernetes). Vous disposez d'une solide expérience sur les pipelines de données, la qualité et la gouvernance de la donnée, ainsi que sur les concepts liés aux LLM, aux bases de données vectorielles, au chunking, aux embeddings et aux frameworks d'orchestration d'applications IA (LangChain, LlamaIndex ou équivalents).
 
Rigoureux-se, autonome et force de proposition, vous appréciez évoluer dans des environnements techniques exigeants et collaborer avec des équipes pluridisciplinaires pour concevoir des solutions IA robustes et performantes.
 
Les raisons de nous rejoindre
 
Chez fortil, nous mettons en place des leviers concrets pour accompagner votre évolution et garantir un environnement de travail stimulant :
 
- L'accompagnement sur la montée en compétences
 
- Un écosystème pour sortir de votre zone de confort
 
- La possibilité de devenir associé
 
- L'engagement dans des projets associatifs
 
- Une politique dédiée à la parentalité
 
fortil s'engage en faveur de l'égalité des chances. Tous nos postes sont ouverts aux personnes en situation de handicap, sans distinction de genre, d'origine ou d'orientation sexuelle.
 
40000 - 45000
","
CDI

Contrat travail
",unspecified,40000.0,45000.0,Fortil group,0 An(s),CDI,False
