id,url,date,title,location,description,info,horaires,salairemin,salairemax,entreprise,experience,contrat,debutant
209XLMM,https://candidat.pole-emploi.fr/offres/recherche/detail/209XLMM,2026-06-17,Offre d'emploi Data Scientist (H/F) - 59 - WAMBRECHIES - 209XLMM | France Travail,59 - WAMBRECHIES,"Fuse-up recrute pour l'un de ses clients, acteur national en forte croissance, un(e) Data Scientist H/F basé(e) à proximité de Wambrechies, dans un contexte de transformation des outils où la donnée occupe une place de plus en plus importante dans le pilotage de l'activité. 

Vous intégrerez une équipe Data déjà composée de deux collaborateurs, avec lesquels vous travaillerez en proximité sur des projets variés et à fort impact pour l'entreprise.
Au cœur des projets data de l'entreprise, vous participerez à l'exploitation et à la valorisation des données afin d'accompagner les équipes dans leurs prises de décisions. 
Concrètement, vous analyserez les données opérationnelles pour identifier des tendances ou pistes d'amélioration, participerez à la structuration, au nettoyage et à la fiabilisation des bases de données, et développerez des automatisations et outils permettant de simplifier l'analyse des données. 
Vous construirez des tableaux de bord et reportings adaptés aux besoins des équipes, et collaborerez avec différents services pour comprendre leurs enjeux et les accompagner dans leurs besoins data. 
Vous réaliserez également des analyses contribuant à la prise de décision stratégique, participerez à l'évolution des outils et aux projets liés à la data, et assurerez une veille sur les nouvelles pratiques et technologies du domaine.

Profil recherché : nous recherchons avant tout une personne curieuse, impliquée et ayant envie d'évoluer dans un environnement dynamique. 
Vous êtes diplômé(e) d'une formation supérieure en Data, Informatique, Statistiques ou domaine similaire, et possédez une première expérience réussie sur un poste orienté Data, BI ou Data Science. 
Vous êtes à l'aise avec SQL, Python ou R, et les outils de reporting et de visualisation de données comme Power BI, Qlik Sense, Looker Studio ou Excel avancé vous sont familiers. 
Vous aimez comprendre les problématiques métiers et transformer les données en solutions concrètes, appréciez le travail en équipe tout en sachant avancer de manière autonome, et êtes reconnu(e) pour votre rigueur, votre logique et votre esprit d'analyse.

Ce que nous vous proposons : intégrer une entreprise en pleine croissance où les projets évoluent rapidement, rejoindre une équipe Data déjà en place et participer à sa montée en puissance, travailler sur des projets concrets avec un réel impact sur l'activité, et évoluer dans un environnement stimulant, collaboratif et en constante évolution, au sein d'équipes accessibles et investies.","
CDI

Contrat travail
","39H/semaine
Travail en journée",40000.0,45000.0,Fuse-up,2 An(s),CDI,False
3907590,https://candidat.pole-emploi.fr/offres/recherche/detail/3907590,2026-06-17,Offre d'emploi Data Scientist F/H (H/F) - Île-de-France - 3907590 | France Travail,Île-de-France,"Qui sommes-nous ?
Cabinet de conseil opérationnel innovant, Atheïa est le partenaire stratégique des grandes entreprises dans l'exploitation de la Data et le déploiement de l'Intelligence Artificielle. Au sein de notre communauté Data Excellence, nous concevons et déployons des modèles algorithmiques capables de résoudre des problématiques business complexes et de dessiner les solutions de demain.
En rejoignant nos équipes, vous mettez la puissance des mathématiques appliquées et du Machine Learning au service de projets concrets et industrialisés.
Votre rôle au quotidien
En tant que Data Scientist, vous intervenez de bout en bout sur le cycle de vie des modèles, depuis le cadrage mathématique du besoin client jusqu'à l'analyse des résultats. Vos missions s'articulent autour de plusieurs axes :
- Cadrage algorithmique : Vous échangez avec les directions métiers (Luxe, Retail, Banque, Assurance...) pour traduire leurs problématiques concrètes en concepts statistiques et modèles prédictifs.
- Data Prep & Feature Engineering : Vous explorez, nettoyez et qualifiez de larges volumes de données afin de construire les variables les plus pertinentes pour vos modèles.
- Modélisation & Data Science : Vous concevez, entraînez et optimisez des algorithmes de Machine Learning (classification, régression, scoring, segmentation, etc.) répondant aux exigences de performance de nos clients.
- Dataviz & Storytelling : Vous créez des outils d'aide à la décision et des indicateurs de performance pour rendre vos modèles lisibles et actionnables par les équipes métiers.
- Restitution : Vous présentez vos résultats et méthodologies scientifiques avec un fort esprit de vulgarisation auprès des directions.
Le profil que nous recherchons
Vos atouts humains :
- Une solide rigueur scientifique alliée à un excellent relationnel (posture de conseil).
- La capacité à vulgariser et à démontrer la valeur ajoutée d'un modèle complexe à des profils non techniques.
- Une curiosité naturelle pour les évolutions technologiques (notamment le passage de la Data Science ""classique"" vers l'IA Générative).
Votre bagage technique :
- Excellente maîtrise de Python pour la modélisation statistique.
- Solide maîtrise du langage SQL pour l'extraction et la manipulation de données.
- Expérience pratique d'une plateforme d'analytics / Data Science du marché (Dataiku, Alteryx, environnement SAS...).
- Bonnes notions des outils de restitution visuelle (Power BI, Tableau...) pour valoriser vos analyses.
- Le plus : Des connaissances ou une première expérience sur les environnements Cloud (Azure, AWS ou GCP).
- Anglais professionnel indispensable à l'écrit comme à l'oral.
Votre parcours :
- Diplômé(e) d'un Bac+5 (École d'Ingénieur ou cursus universitaire scientifique) avec une spécialisation en Mathématiques Appliquées, Statistiques ou Data Science.
- Vous justifiez d'une expérience de 3 à 4 ans minimum en Data Science opérationnelle (hors alternance).
Pourquoi choisir Atheïa ?
- Une équipe à taille humaine où l'expertise technique rime avec bienveillance et partage.
- Des projets variés à fort impact business pour des clients prestigieux.
- Un accompagnement individualisé de proximité pour piloter vos aspirations professionnelles.
- Une structure à forte croissance 
Type de contrat : CDI / Localisation : Paris","
CDI

Contrat travail
",unspecified,unspecified,unspecified,Atheia,Expérience exigée,CDI,False
3905614,https://candidat.pole-emploi.fr/offres/recherche/detail/3905614,2026-06-17,Offre d'emploi Data Scientist/Engineer - F/H/X (H/F) - 69 - Lyon - 3905614 | France Travail,69 - Lyon,"Rejoignez notre équipe en tant que Data Engineer / Data Scientist et participez à la transformation des données en véritables leviers de performance au sein d'environnements industriels exigeants.
Dans le cadre de projets stratégiques autour de la valorisation de la donnée, vous interviendrez sur l'ensemble de la chaîne de traitement, depuis la collecte et l'industrialisation des flux jusqu'à l'analyse et la restitution des indicateurs métiers.
Vos missions :
- Concevoir, développer et maintenir des pipelines de données robustes et performants.
- Participer à l'industrialisation des traitements de données et à l'automatisation des workflows avec Apache Airflow.
- Développer et optimiser des traitements Big Data à l'aide de PySpark.
- Collecter, transformer et fiabiliser les données provenant de multiples sources.
- Concevoir et mettre en place des tableaux de bord et indicateurs de pilotage à destination des équipes métiers.
- Réaliser des analyses de données avancées afin d'identifier des tendances et opportunités d'amélioration.
- Participer à la définition et à la mise en œuvre de bonnes pratiques en matière de gouvernance et de qualité des données.
- Collaborer avec les équipes métiers, techniques et décisionnelles afin de répondre aux besoins analytiques et stratégiques.
- Assurer le maintien en conditions opérationnelles des solutions de traitement et de restitution des données.
- Contribuer à l'amélioration continue des architectures Data et des processus associés.
Votre profil :
- Diplôme Bac+5 en informatique, Data Science, mathématiques appliquées ou domaine équivalent.
- Minimum 4 à 6 ans d'expérience en Data Engineering et/ou Data Science.
- Maîtrise de Python pour le développement et l'analyse de données.
- Expérience significative sur Apache Airflow pour l'orchestration de workflows.
- Expertise en PySpark et traitement de données volumineuses.
- Expérience en Business Intelligence et création de tableaux de bord décisionnels.
- Bonne connaissance des bases de données SQL et des environnements Big Data.
- Connaissance des bonnes pratiques de qualité, gouvernance et industrialisation de la donnée.
- Mobilité à Lyon et sur sa périphérie.","
CDI

Contrat travail
",unspecified,unspecified,unspecified,Amaris consulting,Expérience exigée,CDI,False
3900179,https://candidat.pole-emploi.fr/offres/recherche/detail/3900179,2026-06-17,Offre d'emploi Statisticien·ne / Data Scientist en CDI F/H - Etudes socio-économiques (H/F) - 95 - Cergy - 3900179 | France Travail,95 - Cergy,"Descriptif du poste:

Au sein de la Direction en charge de la santé, vous transformez les données en leviers d'actions pour contribuer activement à la lutte contre les fraudes, améliorer l'accès aux soins et accompagner les professionnel·les de santé du territoire.
Il s'agit d'un poste à fort impact, offrant une vision unique des enjeux de santé, d'un territoire, et des politiques publiques.
Dans le cadre de vos missions, vous serez amené·e à réaliser :
* Le profilage et la détection de comportements frauduleux,
* La production d'analyses territoriales relatives à l'offre de soins, à la démographie des professionnel·les de santé et aux besoins de la population.
* Le suivi des pratiques des professionnels de santé afin d'accompagner et d'améliorer leurs modes d'exercice.
Rattaché.e au Responsable de service et au sein d'une équipe de 4 personnes, vous participez activement à la production et à l'analyse de données statistiques afin d'éclairer la prise de décision et d'améliorer en continu les activités.
Vos principales missions seront :
* Développer des modèles statistiques et des algorithmes pour la détection de fraude et d'anomalies.
* Analyser des comportements atypiques ou suspects à partir des données.
* Réaliser des études statistiques et créer des datavisualisation sous forme de rapports, graphiques et tableaux pour communiquer les résultats de manière compréhensible auprès de tous publics
* Apporter un appui et une expertise statistique aux services internes.
* Participer à des groupes de travail et à des projets transverses à l'échelle départementale ou régionale.
FORMATION 
Pour une intégration réussie, vous bénéficierez à votre arrivée d'un accompagnement sur site où l'esprit d'équipe, la coopération et l'entraide contribueront à votre montée en compétences.
CONDITIONS PARTICULIERES
* Date de prise de poste : dès que possible
* Localisation du poste : Cergy-Pontoise (proche RER A Cergy-préfecture)
* Rémunération : 36 k€ annuel soit 2625 € brut mensuel (niveau 6 de la classification) + 13ème mois proratisé + 14ème mois + prime d'intéressement
* Avantages : mutuelle d'entreprise + carte restaurant + remboursement à 75 % du pass navigo + horaires variables + RTT en fonction de la durée du temps de travail
* Contrat : CDI - 36h ou 39h hebdomadaire.

Profil recherché:

COMPETENCES 
Vous saurez nous convaincre si vous :
* Maîtrisez impérativement les outils statistiques et de reporting, ainsi que le langage de programmation SQL.
La connaissance d'autres langages de programmation tels que VBA, Python ou R, ainsi que des outils de cartographie comme QGIS, constituera un atout apprécié, sans être toutefois indispensable.
* Savez transformer des données complexes en informations claires et exploitables ;
* Êtes capable de concevoir des tableaux de bord et des indicateurs pertinents ;
* Aimez analyser, comprendre et valoriser les données pour en faire de véritables leviers d'action ;
* Faites preuve d'un bon esprit d'analyse, de synthèse et d'interprétation ;
* Appréciez le travail en équipe et possédez des qualités relationnelles et un sens du conseil ;
* Êtes rigoureux(se), autonome, organisé(e) ;
* Prenez des initiatives et vous êtes force de proposition.
* Êtes, idéalement, diplômé(e) dans le domaine des statistiques, data ou de l'informatique décisionnelle, ou vous justifiez d'une première expérience réussie dans un poste similaire.","
CDI

Contrat travail
",unspecified,unspecified,unspecified,Caisse primaire assur maladie val d'oise,Débutant accepté,CDI,True
3894696,https://candidat.pole-emploi.fr/offres/recherche/detail/3894696,2026-06-17,"Offre d'emploi Data Scientist / Bioinformaticien(ne) - Préclinique F/H - Système, réseaux, données (H/F) - 92 - Boulogne-Billancourt - 3894696 | France Travail",92 - Boulogne-Billancourt,"Descriptif du poste:

AIXIAL Group recherche son prochain(ne) talent Data Scientist / Bioinformaticien(ne) - Préclinique H/F. Vos missions seront les suivantes (liste non exhaustive) :
 
* Collaborer avec des experts de différents domaines de recherche (biologistes, data scientists, chimistes)
* Intégrer et exploiter des sources de données hétérogènes et volumineuses dans des bases de données internes
* Construire des pipelines de prétraitement et de traitement des données
* Mettre en place et appliquer des modèles de machine learning
* Développer des modèles mathématiques, notamment en biologie des systèmes dynamiques, afin de soutenir la prise de décision dans les projets thérapeutiques
* Concevoir, sélectionner et optimiser in silico des molécules à l'aide d'outils développés en interne
* Réaliser une veille et des revues bibliographiques dans les domaines liés aux projets

Profil recherché:

Profil et compétences requises :
* Vous avez un diplôme bac+5 en Data Science / IA (intelligence artificielle), bioinformatique, biostatistique, mathématiques ou domaine équivalent
* Vous justifiez d'au moins 3 ans d'expérience en tant que Data Scientist en préclinique, idéalement en laboratoire pharmaceutique et/ou CRO
* Vous maîtrisez le langage de programmation Python
* Vous avez une expertise en bioinformatique, sciences computationnelles et data science appliquée à la découverte de médicaments
* Vous maîtrisez l'IA, le machine learning et la modélisation prédictive appliqués à la biologie et au drug discovery
* Vous possédez des compétences en biologie des systèmes, modélisation mathématique et conception de médicaments in silico
* Vous maîtrisez l'analyse et la conception de séquences ARN (acide ribonucléique) et ADN (acide désoxyribonucléique)
* Vous êtes capable de faire le lien entre la biologie (bioinformatique) et la chimie (chémoinformatique)
* Vous communiquez couramment en anglais, à l'écrit comme à l'oral
 
Conditions et avantages
* Poste basé en région Île-de-France.
* Télétravail possible (dépendant des missions et des exigences du laboratoire).
* La mission est à pourvoir dès que possible, candidatures avec préavis sont prises en considération.
* Rémunération sur une base de 43k à 47k euros brut annuel.","
CDI

Contrat travail
",unspecified,unspecified,unspecified,Aixial,3 An(s),CDI,False
3884999,https://candidat.pole-emploi.fr/offres/recherche/detail/3884999,2026-06-17,Offre d'emploi Data Scientist F/H (H/F) - 92 - Courbevoie - 3884999 | France Travail,92 - Courbevoie,"Vous rejoignez des équipes IA dynamiques et plurielles issues de plusieurs directions d'Enedis, travaillant sur des sujets innovants et à la pointe ; vous êtes au coeur du réacteur de l'émergence des expérimentations et projets IA d'Enedis. L'équipe a pour objectif de concevoir et expérimenter des solutions autour de la data et de l'IA, puis de les transformer en produits concrets, industrialisés et déployés à grande échelle.Description de la mission :Concevoir, développer et expérimenter des solutions d'IA (ML, deep learning, IA générative) au sein de l'IA Lab, en réponse à des cas d'usage métiers à forte valeur.Réaliser des POC et MVP IA, de l'exploration des données à l'évaluation des performances et de la robustesse des modèles.Industrialiser les solutions IA en lien avec les équipes Data, Plateformes et DevOps (DataOps/MLOps).Contribuer à la structuration et à l'évolution des briques technologiques etméthodologiques de l'IA Lab.Travailler en étroite collaboration avec les métiers pour le cadrage, la compréhension des besoins et l'appropriation des solutions.Garantir la qualité, la traçabilité et la conformité des modèles IA (performance,sécurité, IA responsable).Participer à la veille technologique et à l'innovation sur les usages et outils IA.
- Documenter, partager et capitaliser les bonnes pratiques IA au sein du département LAQ.S'inscrire dans des modes de travail agiles et collaboratifs, orientés expérimentation et amélioration continue. ","
CDI

Contrat travail
",unspecified,unspecified,unspecified,Unspecified,Débutant accepté,CDI,True
3880493,https://candidat.pole-emploi.fr/offres/recherche/detail/3880493,2026-06-17,Offre d'emploi Data Scientist Confirmé - H/F - 59 - Lesquin - 3880493 | France Travail,59 - Lesquin,"La Data est le moteur de notre transformation. Chez Boulanger, notre ambition est claire : donner le pouvoir à chaque collaborateur et magasin de créer de la valeur grâce à la donnéeNotre objectif :&#xa0;Permettre à chaque Magasin, métier, collaborateur de booster sa création de valeur grâce à la data pour donner de la puissance à notre stratégie de transformation.Au sein de la Direction Data de Boulanger, au sein d'un écosystème Data Groupe en croissance ,&#xa0;vous êtes&#xa0; acteur du développement de l'usage des données.&#xa0;Au sein d'un écosystème Groupe en pleine croissance, devenez l'architecte de nos solutions IA. Dans un environnement exigeant, vous pilotez la création de modèles prédictifs et transformez des données brutes en insights stratégiques &amp; opérationnels pour générer un impact métier tangible.Vos missions principales :Exploitation des données et IA&#xa0;: Créer des modèles IA adaptés aux besoins métiers et garantir la qualité des données avec les référents Data.Collaboration avec les équipes&#xa0;: Travailler avec les demandeurs pour comprendre et valider les besoins, modéliser des solutions IA et challenger pour garantir leur valeur ajoutée.Développement et déploiement de solutions IA&#xa0;: Construire des solutions sur les technologies de référence, en garantir l'ergonomie et l'expérience utilisateur, et accompagner les utilisateurs dans leur adoption.Suivi de la qualité et performance&#xa0;: Assurer la continuité de service, évaluer la création de valeur des solutions et superviser la qualité des modèles déployés.Collaboration et gestion de projet&#xa0;:Animer la collaboration entre le métier et les différents acteurs impliqués.Contribuer à la modélisation des données nécessaires à la création des solutions.Piloter la mise en place des outils et méthodes pour la gestion des projets, et accompagner les équipes dans le suivi des KPIs.Veille technologique&#xa0;:Rester informé des innovations et tendances du marché.Participer aux communautés d'expertise pour partager des bonnes pratiques et améliorer les processus et outils.Votre futur environnement technique !&#xa0;Vous rejoignez un environnement ""Cloud-native"" et moderne :Langages : Maîtrise confirmée de Python et SQL. La pratique de PySpark est un atout important.Plateformes : Vous évoluez sur des outils&#xa0;comme Snowflake et Databricks.Engineering : Maîtrise de GitLab pour le versioning et le travail collaboratif.","
CDI

Contrat travail
",unspecified,unspecified,unspecified,Unspecified,Débutant accepté,CDI,True
3874530,https://candidat.pole-emploi.fr/offres/recherche/detail/3874530,2026-06-17,Offre d'emploi Ingénieur IA - Data Scientist (H/F) - 44 - Nantes - 3874530 | France Travail,44 - Nantes,"Pour aller plus loin, nous recherchons un(e) ingénieur(e) IA / Data Scientist, pour renforcer notre équipe nantaise et intervenir sur des projets pour des clients dans des domaines variés (Services Publics, Banque/Assurance, Transport, Industrie, Retail). Vous interviendrez sur des périmètres variés, et selon les missions, vous prendrez plus au moins part aux activités suivantes : Concevoir, entraîner et industrialiser des modèles d’apprentissage automatique et d’intelligence artificielle (générative, agentique, …), de la première analyse jusqu’à la mise en production. Construire et fiabiliser nos briques d’intelligence artificielle générative : moteurs d’inférence, évaluation des modèles, chaînes de génération augmentée par la recherche. Développer en Python des composants robustes et réutilisables (cadres et gabarits de projet) pour accélérer les équipes. Mettre en place l’industrialisation des modèles : intégration et déploiement continus, supervision et observabilité. Partager : revues de code, documentation, veille technologique et diffusion des bonnes pratiques.","
CDI

Contrat travail
",Travail en journée,400000.0,520000.0,Unspecified,2 An(s),CDI,False
3873447,https://candidat.pole-emploi.fr/offres/recherche/detail/3873447,2026-06-17,Offre d'emploi ALTERNANCE - DATA SCIENTIST - (H/F) - 75 - Paris - 3873447 | France Travail,75 - Paris,"Alternance - Data Scientist - (H/F)VOTRE RÔLE AU QUOTIDIEN BNP Paribas est une banque leader de la zone euro et un acteur bancaire de premier plan dans le monde, avec une forte présence internationale. Ses collaborateurs accompagnent au quotidien les métiers de la Banque dans leurs grands projets et construisent avec eux la banque de demain. Au sein de BNP Paribas BCEF (22 000 collaborateurs en France), de la Direction des Ressources Humaines, vous travaillerez dans l’équipe Equipement Collaborateurs et Environnements de Travail composée d’une dizaine de personnes qui pilotent la transformation des environnements de travail et des modes de travail ainsi que l’exploitation des immeubles.En tant que Data Scientist vous interviendrez sur les tâches suivantes :- Améliorer un modèle de calcul à l’aide d’intelligence artificielle dans le but d’optimiser l’occupation des immeubles, en intégrant le mode de travail hybride (présentiel/télétravail), la structure immobilière et les règles de fonctionnement des équipes.- Prévoir le flux journalier de collaborateurs entrants dans nos immeubles de bureaux et partager cette information auprès des gestionnaires d’immeubles et de restaurants d’entreprises.- Identifier et développer des tableaux de suivi et d’analyse adaptés au pilotage de l’activité immobilière.- Fiabiliser et contrôler la data. Proposer des axes d’amélioration.- Acculturer les autres membres de l’équipe à l’IANos tuteurs et tutrices se forment en continu pour mieux vous accompagner dans toutes les composantes de votre alternance, toujours avec bienveillance. Une partie de leur temps de travail est d'ailleurs dédiée à votre encadrement : conseils de méthodes de travail, aide à la maîtrise du temps, développement d’une posture professionnelle... De quoi vous sentir bien dès votre arrivée ! Trois temps forts d’évaluation de votre alternance sont prévus, à l’issue de votre période d’essai, à mi-parcours et en ﬁn de contrat. Poste à pourvoir à partir de Septembre 2026 pour une durée de 2 ans.ET APRES ? Cette alternance vous permettra de découvrir le groupe BNP Paribas, et d’enrichir vos connaissances et compétences tout en complétant votre formation académique. Vous développerez également votre réseau, en travaillant au quotidien avec de nombreux interlocuteurs.D’autres opportunités pourront s’offrir à vous, favorisant votre insertion professionnelle :Le Graduate Programme vous permet de booster votre avenir, de développer vos compétences et votre leadership grâce à des tâches à responsabilité ;Le Volontariat International en Entreprise vous donne l’opportunité d’enrichir votre parcours avec une expérience internationale unique de 12 à 24 mois.LES AVANTAGES A NOUS REJOINDRE : Un package et des avantages :Une rémunération mensuelle brute supérieur à celle fixée par l'Etat à partir de 1566€ pour la préparation d'un diplôme de niveau bac+4 versée sur 12 mois et 1851€ pour la préparation d'un diplôme de niveau bac+5, versée sur 12 mois son montant prend en compte votre formation et votre âgePlan épargne entreprise, couverture santé et prévoyance, intéressement, participation, accès au restaurant d’entreprise ou tickets restaurant, activités sociales et culturelles via le comité d’entreprise Cinq jours de révisions pour vos examens si vous êtes en contrat d’apprentissageDe la flexibilité avec un rythme de travail hybride : le télétravail peut être possible et est à organiser avec le manager et / ou le tuteur selon les règles de l’entreprise.Rejoignez un Groupe engagé et prenez part à notre grand projet de transformation vers la construction d’un monde plus durable. Découvrez nos engagements pour notre clientèle et la société. Engagez-vous à nos côtés sur votre temps professionnel, à travers notre programme OneMillionHoursToHelp.ETES-VOUS NOTRE PROCHAIN(E) ALTERNANT(E) DATA ANALYST (H/F) ?Vous préparez un BAC + 4/5, reconnu RNCP en Ecole ou équivalent Universitaire avec une spécialité en DATA ou IA. Vous maitrisez Pack Office, Dataiku , POWER BI...Vous avez une solide connaissance sur les sujets liés à l’Intelligence Artificielle.Vous avez idéalement une expérience dans le pilotage de projets et une appétence pour la Data ainsi que la manipulation de chiffres. Votre rigueur et votre esprit d'équipe sont attendues sur ce poste. Votre adaptabilité et votre capacité à collaborer vous permettent de créer des liens de confiance et satisfaire vos clients. Ajoutez à cela un bon sens de l'organisation et une bonne capacité d'analyse pour finir de nous convaincre !LES PROCHAINES ÉTAPES ? Pour poursuivre le processus de candidature avec nous, trois étapes vous attendent : 1- Vous réussissez les étapes de pré-sélection (tests en ligne*) 2- Nos recruteurs analysent votre candidature dans les meilleurs délais 3- Vous","
Intérim - 36 Mois

Contrat travail
",Travail en journée,unspecified,unspecified,Unspecified,Débutant accepté,Intérim - 36 Mois,True
3869747,https://candidat.pole-emploi.fr/offres/recherche/detail/3869747,2026-06-17,Offre d'emploi DATA ANALYST /DATA SCIENTIST F/H) (H/F) - 75 - Paris - 3869747 | France Travail,75 - Paris,"descriptif du posteVous intégrerez l'équipe observation et vous positionnerez comme le véritable référent technique sur la production de données. Vous plongerez au cœur de cas d'usage expérimentaux et d'actualité, incluant le suivi fin des comportements de dépense, la cartographie de  flux  la régulation des pics de fréquentation  Au quotidien, vous assumerez la responsabilité de la chaîne de valeur de la donnée en participant activement à la création  et","
Intérim - 6 Mois

Contrat travail
",unspecified,unspecified,unspecified,Unspecified,Débutant accepté,Intérim - 6 Mois,True
3900512,https://candidat.pole-emploi.fr/offres/recherche/detail/3900512,2026-06-17,"Offre d'emploi Forward Deployed Engineer - AI / Data F/H - Système, réseaux, données (H/F) - 75 - Paris 1er Arrondissement - 3900512 | France Travail",75 - Paris 1er Arrondissement,"Descriptif du poste:

Bluethink recrute pour un éditeur SaaS international spécialisé dans l'optimisation des opérations retail, supply chain et planification de bout en bout.
L'entreprise développe des solutions d'intelligence artificielle permettant aux distributeurs et industriels d'améliorer leurs prévisions, d'optimiser leurs opérations, de réduire le gaspillage et de générer un impact business mesurable.
Dans un contexte de forte croissance internationale, plusieurs postes de Forward Deployed Engineer sont ouverts en Europe et en Amérique du Nord.
Vous interviendrez à l'interface entre la technologie, le produit, les équipes commerciales et les clients grands comptes. Votre rôle sera de déployer des solutions AI/Data en environnement réel, de comprendre les enjeux métier des clients et de transformer ces besoins en solutions concrètes, robustes et scalables.
Missions
- Piloter des projets d'implémentation de bout en bout, du cadrage au déploiement
- Comprendre les problématiques métier des clients et les traduire en solutions techniques
- Intégrer de nouvelles sources de données et optimiser les flux existants
- Contribuer au développement produit selon les besoins : data, backend ou interface utilisateur
- Adapter les algorithmes et fonctionnalités aux réalités opérationnelles des clients
- Collaborer avec les équipes commerciales en phase d'avant-vente
- Suivre les indicateurs de performance business : marge, réduction du gaspillage, taux de service, ROI
- Remonter les insights terrain pour contribuer à l'évolution du produit

Profil recherché:

- Minimum 3 ans d'expérience sur un rôle technique à forte composante data, software ou AI : Data Scientist, Data Engineer, Software Engineer, Forward Deployed Engineer, Solutions Engineer ou rôle proche
- Expérience sur des produits AI/Data, idéalement déployés en production ou en environnement client
- Capacité à comprendre un besoin métier, cadrer un problème client et le traduire en solution technique concrète
- Expérience ou forte appétence pour la relation client, la discovery produit, le conseil ou l'entrepreneuriat
- Solide base technique en data, software engineering ou intelligence artificielle
- Capacité à dialoguer avec des interlocuteurs variés : équipes tech, produit, sales, directions métier ou C-level
- Anglais courant indispensable dans un contexte international
- Bac+5 apprécié, idéalement grande école d'ingénieurs, école de commerce, double cursus ou École 42
Compétences techniques
AI, machine learning, data engineering, SQL, Python, Dagster, Airflow, dbt, AWS, GCP, Azure, frameworks frontend.","
CDI

Contrat travail
",unspecified,unspecified,unspecified,Bluethink,3 An(s),CDI,False
3906110,https://candidat.pole-emploi.fr/offres/recherche/detail/3906110,2026-06-17,Offre d'emploi Ingénieur Infrastructure & Production / Ingénieur IA (On-Prem / Data & Observability) (H/F) - Île-de-France - 3906110 | France Travail,Île-de-France,"- Participer au PoC, design, setup et tuning de solutions de données on-premises à très haute performance
- Travailler sur des environnements de très grandes volumétries (Big Data / >1PB)
- Intégrer l'équipe ""Observability as Data"" sur des sujets d'architecture et d'ingénierie avancée
- Concevoir et optimiser des infrastructures systèmes et stockage complexes
- Assurer la mise en place et le maintien de solutions S3 on-premises
- Participer à l'optimisation des performances (tuning système, réseau et stockage)
- Contribuer à l'automatisation des déploiements et opérations (Ansible, Python, AWX/Tower)
- Mener des sous-projets techniques en autonomie
- Collaborer avec les équipes IA et produit pour concevoir des solutions orientées utilisateur
- Concevoir des interfaces et expériences IA compréhensibles et transparentes
- Réduire les biais et améliorer l'explicabilité des modèles IA
- Adapter les solutions selon les retours utilisateurs et les performances des modèles
- Expert infrastructure (≥10 à 15 ans d'expérience en environnement Linux on-prem)
- Expérience confirmée en gestion de systèmes Linux complexes
- Expertise stockage : S3 on-prem (MinIO, Scality, Ceph, etc.) à très grande échelle (>1PB)
- Maîtrise avancée Linux : LVM, dm-crypt, iSCSI
- Expertise réseau : TCP/IP, VLAN, load balancer, firewall
- Très bonne maîtrise de l'automatisation (Ansible, Python, AWX/Tower)
- Expérience sur environnements de production critiques et complexes
- Compétences en IA (3-5 ans minimum sur projets IA réels)
- Capacité à travailler en mode projet autonome et multi-interlocuteurs
- Sens du design IA : UX, explicabilité, réduction des biais, adaptation continue
- Forte séniorité technique et capacité d'architecture","
CDI

Contrat travail
",unspecified,unspecified,unspecified,Astorm,Expérience exigée,CDI,False
3901361,https://candidat.pole-emploi.fr/offres/recherche/detail/3901361,2026-06-17,"Offre d'emploi Data Steward Confirmé F/H - Système, réseaux, données (H/F) - 75 - Paris 2e Arrondissement - 3901361 | France Travail",75 - Paris 2e Arrondissement,"Descriptif du poste:

NEXTON recrute un Data Steward Confirmé H/F, en CDI, à Lyon !


   Ton futur environnement de travail : 

Tu interviens au sein d'une Data Office dans un contexte de mise en place et de structuration de la gouvernance des données. En tant que Data Steward, tu es référent sur un domaine de données métier, avec un rôle clé à l'interface entre les équipes métiers et IT, afin de garantir la qualité, la compréhension et la maîtrise des données tout au long de leur cycle de vie.

Tes missions :


   Structuration et documentation des données

 
* 
  
Définir et maintenir la cartographie des données du domaine.
 
* 
  
Formaliser les définitions métier, règles de gestion et dépendances applicatives.
 
* 
  
Contribuer au lignage des données, en lien avec les équipes IT.


Pilotage de la qualité des données

 
* 
  
Mettre en place des indicateurs de qualité et des tableaux de bord de suivi.
 
* 
  
Analyser les écarts, qualifier les dysfonctionnements et prioriser les actions correctives.
 
* 
  
Organiser et fiabiliser les processus de traitement des anomalies.
 
* 
  
Suivre l'exécution des plans de remédiation.


Contribution aux projets et à l'évolution du SI

 
* 
  
Accompagner les projets IT sur l'intégration des standards data.
 
* 
  
Traduire les besoins métiers en exigences data exploitables.
 
* 
  
Participer à l'amélioration continue des pratiques de data stewardship.


Profil recherché:

Diplômé(e) d'un Bac+5, tu justifies d'une expérience de minimum 2 ans  sur un rôle de Data Steward ou équivalent.

Compétences techniques :

 
* 
  
Maîtrise avancée du SQL.
 
* 
  
Solide pratique de l'analyse de données et compréhension des modèles.
 
* 
  
Très bon niveau sur Power BI et Excel (fonctions avancées).
 
* 
  
Expérience d'environnements data complexes (Databricks, cloud AWS).
 
* 
  
Connaissance d'un outil de catalogage de données appréciée.
 
* 
  
Des notions en Python sont un plus.","
CDI

Contrat travail
",unspecified,unspecified,unspecified,Nexton,2 An(s),CDI,False
3900848,https://candidat.pole-emploi.fr/offres/recherche/detail/3900848,2026-06-17,"Offre d'emploi Data Analyste - Master et Référence Data F/H - Système, réseaux, données (H/F) - 92 - Issy-les-Moulineaux - 3900848 | France Travail",92 - Issy-les-Moulineaux,"Descriptif du poste:


Data Analyst au sein de l'équipe Data Steward de Geopost, en charge de l'analyse, de la qualité et de la gouvernance des données de référence (Master Data). Collaboration étroite avec les équipes métiers, IT et Data Stewards pour améliorer la cohérence, la fiabilité et l'automatisation des référentiels de données.
Principales missions : analyse et rapprochement de données issues de multiples sources (bases de données, API, Excel, fichiers plats), identification des anomalies et écarts entre données référentielles et transactionnelles, accompagnement des métiers dans la mise en œuvre de plans d'actions correctifs. Développement et maintenance de scripts et processus automatisés de contrôle, validation et détection d'anomalies. Contribution à l'amélioration des modèles de données, attributs, mappings et règles de gouvernance.
Participation aux projets de migration, d'intégration et de tests (système, intégration, recette utilisateur), réalisation des opérations de nettoyage, chargement et validation des données avant mise en production. Documentation des modèles de données, règles métier et référentiels. Support aux Data Stewards dans la structuration des données selon les standards MDM et les modèles UML, dans un environnement international et agile.

Profil recherché:


Maîtrise de Python (obligatoire) pour l'automatisation et l'analyse ; R est un atout.
Excellente maîtrise de SQL.
Expérience des concepts de traitement de données ou d'ETL (Extract, Transform, Load).
Bonne compréhension de la gestion des données de référence (Master Data Management) et du cycle de vie des données (profilage, qualité, traçabilité/lineage).
Connaissance des concepts de modélisation des données (entités, attributs, hiérarchies) et d'UML.
Une expérience dans le support aux activités de migration, de test et de validation des données est appréciée.
Personne rigoureuse, organisée, attentive aux détails et dotée d'excellentes capacités de communication.
Bonnes compétences relationnelles et de communication pour collaborer avec les parties prenantes métier et les équipes de développement, ainsi que pour présenter des analyses de données.
Anglais professionnel requis ; le français est un plus. Licence (Bachelor) ou Master en analyse de données (Data Analytics), systèmes d'information, statistiques, informatique ou domaine connexe.
Expérience dans le secteur du transport et de la livraison de colis, ou forte capacité d'apprentissage et curiosité pour ce domaine.
Capacité à travailler de manière autonome.
Une expérience de travail dans un environnement Agile est un atout.","
CDI

Contrat travail
",unspecified,unspecified,unspecified,La poste,Débutant accepté,CDI,True
209WWMK,https://candidat.pole-emploi.fr/offres/recherche/detail/209WWMK,2026-06-17,Offre d'emploi Chargé-e d'études en accidentologie (H/F) - 33 - ST MEDARD EN JALLES - 209WWMK | France Travail,33 - ST MEDARD EN JALLES,"Le département Mobilités, 38 agents, exerce dans tous les secteurs du domaine Mobilité : espace publics et voirie urbaine, sécurité des déplacements, politiques et services, connaissance, modélisation et évaluation, systèmes de transports intelligents, mobilités connectées.

Le présent poste se situe au sein du groupe Sécurité des Déplacements et des Infrastructures. Il aborde la Sécurité des Déplacements avec une expertise data et d'animation. Il comprend l'administration de la base nationale des accidents corporels avec l'Observatoire National Interministériel de la Sécurité Routière (ONISR) de la Délégation à la Sécurité Routière du Ministère de l'Intérieur.

Les interventions sont multiples : études, expertises, AMO, méthodologie, productions de données, animation de réseau, formations, participation aux projets nationaux du Cerema.

Missions du poste :
Le(la) chargé-e d'études vient renforcer le pôle Data du groupe SDI dont les missions sont :
- La réalisation d'études approfondies en Sécurité Routière (SR) incluant de la préparation de données, des analyses détaillées et la rédaction de rapports d'étude.
- La mise au point et le maintien opérationnel de développements informatiques de préparation et d'analyse de données en R, SQL et/ou sur Dataiku.
- La production et l'analyse de rapports SAP/BI.
- La réalisation d'analyses pour le bilan annuel de l'accidentalité et le bilan annuel des infractions de l'ONISR.
- La production d'indicateurs de la qualité de la base de données des accidents corporels de la circulation.
- La contribution ponctuelle en soutien à des études réalisées par les autres agents du groupe SDI pour le compte des services de l'État, des autorités organisatrices de la mobilité et des collectivités locales.
L'agent recruté participera à une partie de ces missions en fonction des besoins et de l'avancement des projets.

Liaison hiérarchique :
- Posté sous l'autorité hiérarchique du responsable du groupe « Sécurité des Déplacements et des Infrastructures » et fonctionnelle de la responsable du pôle Data au sein du groupe SDI.
- A comme interlocuteurs en externe : l'ONISR, les forces de l'Ordre (FO), les collectivités territoriales, les services déconcentrés de l'État (DIR, SCA, DDT, DREAL, PREF), l'Université Gustave Eiffel (UGE) et en interne : Cerema TV et les autres DTer.

Exigences  :
Savoir
- Compétences en sécurité routière
- Analyse de données et statistiques avec de solides bases de mathématiques
- Connaissances en SIG et pratique de l'anglais appréciées

Savoir-Faire
- Compétences en préparation et analyse de données en R et SQL.
- Compétences avancées Excel (Tableaux Croisés Dynamiques, Graphiques avancés)
- Qualités d'analyse (précision, rigueur, organisation).
- Qualités rédactionnelles et de synthèse pour valoriser les productions à l'écrit (rapports techniques) comme à l'oral.
- Capacité à cerner les limites des méthodes d'études

Savoir-être
- Méthodique, capacité et appétence pour le rendu-compte régulier de l'avancement des projets
- Objectivité, sens de l'écoute et du contact
- Qualités pédagogiques et relationnelles dans un collectif varié
- Ouverture, curiosité, adaptabilité","
CDD - 4 Mois

Contrat travail
","35H/semaine
Travail en journée",unspecified,unspecified,Cerema,Débutant accepté,CDD - 4 Mois,True
3895955,https://candidat.pole-emploi.fr/offres/recherche/detail/3895955,2026-06-17,Offre d'emploi Assistant chef de projet IA et Automatisation Doc (F/H) - Stage (H/F) - 92 - Nanterre - 3895955 | France Travail,92 - Nanterre,"Dans le cadre de sa campagne de stage, AXA recrute un Assistant chef de projet IA et Automatisation Documentaire (F/H). 

Missions principales: - Annotation / constitution de jeux d'évaluation
Préparer et maintenir des lots d'exemples annotés (base de vérité) pour aider à l'amélioration des extractions de données et les qualifications de plis.
Structurer un référentiel d'erreurs : type d'erreur, champ impacté, gravité, cause probable sur les retours de recette
 
- Tests & KPI (complétude, accuracy, score)
Exécuter quelques cas de test, consolider résultats et écarts. 
Mettre à jour une lecture simple des KPI : complétude, accuracy, score combiné.

 - Suivi d'usage & retours terrain

Collecter, structurer et synthétiser les retours utilisateurs/gestionnaires sur la qualité perçue et les irritants Contribuer au pilotage en cohérence avec l'approche ""pilotage via Power BI"".  - Contribution au ""Human-in-the-loop"" / supervision
Préparer des plans d'échantillonnage/contrôles a posteriori, tracer les résultats et signaler les dérives (qualité, changements de comportement). 
Documenter des procédures de contrôle simples (quoi vérifier, comment remonter). (à cadrer selon notre outillage et les habilitations.)
Vous souhaitez réaliser un stage de 6 mois chez AXA dans le cadre de votre master Data, IA, qualité logicielle, traitement de documents. 
 
Compétences attendues :
- Rigueur, appétence pour la donnée, sens du détail (annotation/contrôle qualité).
- Capacité à manipuler des fichiers/données (Excel/Sheets ; notions BI appréciées). 
- Compréhension des notions de mesure qualité IA (accuracy, complétude) pas besoin d'être expert, 
- Aisance pour documenter et communiquer des constats.

Si vous vous reconnaissez dans cette description, rejoignez nous ! 

Date de prise de poste: dès que possible","
CDD - 6 Mois

Contrat apprentissage
",35H/semaine,unspecified,unspecified,Axa france,1 An(s),CDD - 6 Mois,False
3866156,https://candidat.pole-emploi.fr/offres/recherche/detail/3866156,2026-06-16,Offre d'emploi Une/Un Data Scientist confirmé(e) h/f - 75 - Paris 12e Arrondissement - 3866156 | France Travail,75 - Paris 12e Arrondissement,"-Concevoir et valider, de bout en bout, des méthodologies d'analyse au service de la régulation (pluralisme, audiences, équilibres économiques, risques liés aux plateformes numériques…).-Capitaliser sur l'état de l'art et les acteurs du monde académique pour proposer des solutions répondant aux besoins du régulateur.-Conduire la modélisation quantitative et statistique des données audiovisuelles et numériques.-Concevoir les briques d'analyse automatique du langage et les protocoles de validation associés.-Garantir des résultats reproductibles et opposables.-Contribuer à la doctrine technique du département.-Assurer une veille sur l'état de l'art en apprentissage automatique et en analyse du langage appliqués à la régulation numérique. -Diplôme de grande école d'ingénieur, d'école normale supérieure ou master recherche (Bac+5 à Bac+8) en mathématiques appliquées, physique, informatique, science des données ou discipline connexe. Un doctorat est valorisé.-Au moins 3 ans d'expérience en science des données et intelligence artificielle (apprentissage automatique, apprentissage profond), ou parcours de recherche de haut niveau-Compétences en traitement automatique du langage naturel : segmentation thématique, annotation assistée par modèle, représentations vectorielles (embeddings).-Expérience pratique des grands modèles de langage et de l'intelligence artificielle générative.-Maîtrise de la modélisation quantitative et statistique : statistiques, séries temporelles, économétrie, modèles de systèmes complexes.-Maîtrise de Python et des bibliothèques associées (PyTorch, Hugging Face).-Rigueur scientifique et expérimentale : conception de protocoles d'évaluation, métriques, mesure d'accord inter-annotateurs, reproductibilité, capacité à rendre une méthodologie défendable scientifiquement et juridiquement-Esprit de recherche, autonomie, aisance rédactionnelle, capacité à synthétiser et à vulgariser.-La connaissance des environnements de déploiement (conteneurs, orchestration) serait un plus","
CDI

Contrat travail
",Travail en journée,unspecified,unspecified,Unspecified,Expérience exigée,CDI,False
3855307,https://candidat.pole-emploi.fr/offres/recherche/detail/3855307,2026-06-16,Offre d'emploi Freelance - Data Scientist - Freelance (H/F) - 59 - Lille - 3855307 | France Travail,59 - Lille,"Description du poste Lille Temps plein Hybride Dès que possible Mission initiale 6 mois Missions Conception de modèles Développement de modèles prédictifs (appétence, churn, lookalike), création de typologies clients dynamiques, conception de moteurs de recommandation et industrialisation en production avec l'équipe MLOps. Mesure de la performance Conception de protocoles de mesure (test & learn , modèles de lift), développement d'outils de prédiction d'inventaires publicitaires et exploration de solutions IA / GenAI / LLM. Excellence opérationnelle Collaboration quotidienne avec les Product Managers au sein d'une Feature Team, vulgarisation des résultats auprès des parties prenantes non techniques, maintenance des modèles déployés et documentation des travaux. Lieu de la mission : Lille TJM : selon profil Profil recherché * Expertise avancée sur PySpark et environnement Databricks * Solides connaissances des protocoles d'expérimentation * Maîtrise du cycle de vie d'un modèle et des pratiques MLOps * Capacité à structurer ses livrables en méthodologie agile * Excellente communication auprès de profils techniques et métiers * Bilinguisme français / anglais requis #J-18808-Ljbffr","
Profession libérale

Emploi non salarié
",unspecified,unspecified,unspecified,Unspecified,Débutant accepté,Profession libérale,True
3851440,https://candidat.pole-emploi.fr/offres/recherche/detail/3851440,2026-06-16,Offre d'emploi Senior Data scientist H/F - 59 - Lille - 3851440 | France Travail,59 - Lille,"&#xa0;? Collaborer avec les PM, Machine Learning Engineer et Data Scientist pour identifier les opportunités d'impact business et planifier la stratégie ML.? Développer des modèles statistiques avancés, d'apprentissage automatique et des systèmes agentiques innovants de bout en bout.? Assurer la qualité et la performance des modèles en définissant des métriques d'évaluation et de monitoring pertinentes.? Travailler avec les Machine Learning Engineers pour faciliter la transition vers des solutions ML industrialisées et scalables.? Communiquer les analyses et proposer des recommandations aux parties prenantes au moyen de visualisations et présentations claires.","
Intérim - 1 Mois

Contrat travail
",unspecified,unspecified,unspecified,Unspecified,Débutant accepté,Intérim - 1 Mois,True
3850813,https://candidat.pole-emploi.fr/offres/recherche/detail/3850813,2026-06-16,Offre d'emploi Data Scientist / AI Engineer (H/F) - 92 - Levallois-Perret - 3850813 | France Travail,92 - Levallois-Perret,"Contexte de la mission :Nous recherchons un(e) Data Scientist / AI Engineer pour intervenir sur un projet IA stratégique autour du développement et de l'industrialisation de modèles de prévision budgétaire.La mission s'adresse aux équipes Finance, avec une forte composante Supply Chain.
L'objectif est de concevoir, entraîner, industrialiser et mettre en production des modèles de forecasting robustes, scalables et adaptés aux enjeux métier.Vos missions :Vous interviendrez sur l'ensemble du cycle de vie des modèles, du développement jusqu'à la mise en production.Vos principales missions seront de :Concevoir, entraîner et optimiser des modèles de forecastingDévelopper des modèles de prévision budgétaire adaptés aux besoins Finance et Supply ChainIndustrialiser les modèles et les pipelines de traitementMettre en place des workflows robustes, maintenables et scalablesAssurer la qualité, la fiabilité et le suivi des modèlesCollaborer étroitement avec les équipes métier Finance et Supply ChainParticiper à la mise en production des modèles dans un environnement cloudContribuer aux bonnes pratiques MLOps et à l'amélioration continue des pipelines","
Intérim - 1 Mois

Contrat travail
",unspecified,unspecified,unspecified,Unspecified,Débutant accepté,Intérim - 1 Mois,True
3850455,https://candidat.pole-emploi.fr/offres/recherche/detail/3850455,2026-06-16,Offre d'emploi Senior LLM Data Scientist (H/F) - 92 - Levallois-Perret - 3850455 | France Travail,92 - Levallois-Perret,"En tant que Consultant Data Scientist LLM &amp; IA Générative chez Devoteam, vous accompagnez nos clients dans l'identification, la conception et le déploiement de solutions basées sur les grands modèles de langage (LLM) et l'intelligence artificielle générative.Vous intervenez auprès de directions métiers et techniques pour transformer des cas d'usage innovants en solutions opérationnelles créatrices de valeur. Vous participez à toutes les étapes des projets, de l'idéation à la mise en production, dans des environnements cloud et data modernes.Vos missionsIdentifier et qualifier les opportunités d'usage de l'IA générative auprès des clients.Concevoir et développer des assistants conversationnels, copilotes métier et agents IA.Développer des solutions basées sur des LLM propriétaires ou open source.Concevoir et optimiser des architectures RAG (Retrieval-Augmented Generation).Mettre en œuvre des techniques de prompt engineering, d'évaluation et d'optimisation des modèles.Participer à l'intégration des solutions IA dans les systèmes d'information existants.Construire des pipelines de traitement de données textuelles et documentaires.Évaluer la qualité, la robustesse et les performances des systèmes génératifs.Accompagner les clients sur les enjeux de gouvernance, sécurité, éthique et conformité de l'IA.Réaliser des démonstrateurs, POC et MVP avant leur industrialisation.Assurer une veille technologique active sur les avancées en IA générative et modèles de fondation.","
Intérim - 1 Mois

Contrat travail
",unspecified,unspecified,unspecified,Unspecified,Débutant accepté,Intérim - 1 Mois,True
3850366,https://candidat.pole-emploi.fr/offres/recherche/detail/3850366,2026-06-16,Offre d'emploi Senior Consultant Marketing Data Scientist (H/F) - 92 - Levallois-Perret - 3850366 | France Travail,92 - Levallois-Perret,"En tant que Consultant Marketing Data Scientist&#xa0;chez Devoteam, vous accompagnez nos clients dans la valorisation de leurs données marketing et clients afin d'améliorer leurs performances commerciales, l'expérience client et la prise de décision. Vous intervenez sur des missions variées mêlant data science, analytics, marketing digital et intelligence artificielle, dans des environnements multi-sectoriels.Au sein d'équipes pluridisciplinaires, vous participez à l'ensemble du cycle de vie des projets data, depuis la compréhension des enjeux métiers jusqu'au déploiement des modèles et à la mesure de leur impact.Vos missionsAnalyser et exploiter les données clients, CRM, web, médias et transactionnelles.Concevoir et développer des modèles statistiques et de machine learning pour répondre aux problématiques marketing :segmentation et clustering clients ;scoring d'appétence, de conversion ou de churn ;recommandation de produits ou services ;prévision des ventes et de la demande ;attribution marketing et mesure de performance des campagnes.Construire des tableaux de bord et des indicateurs d'aide à la décision.Réaliser des analyses exploratoires et produire des recommandations business.Participer à la définition des cas d'usage IA et data marketing.Industrialiser les modèles et collaborer avec les équipes Data Engineering et Cloud.Animer des ateliers avec les parties prenantes métiers et présenter les résultats aux clients.Assurer une veille sur les innovations en data science, IA générative et marketing analytics.","
Intérim - 1 Mois

Contrat travail
",unspecified,unspecified,unspecified,Unspecified,Débutant accepté,Intérim - 1 Mois,True
3842360,https://candidat.pole-emploi.fr/offres/recherche/detail/3842360,2026-06-16,Offre d'emploi Data scientist (H/F) - 33 - Bordeaux - 3842360 | France Travail,33 - Bordeaux,"Description du poste :
Tes missions :
Au sein de l'équipe Data, tu participeras à Concevoir et maintenir des pipelines de collecte, structuration et mise à jour des données issues des différents systèmes de l'entreprise.***Mettre en place des contrôles de qualité et de fiabilité des données exploitées par les équipes métiers.***Concevoir et faire évoluer des tableaux de bord de pilotage à l'aide d'outils de visualisation avancés (Power BI, Tableau Réaliser des analyses statistiques et exploratoires pour identifier tendances, corrélations et axes d'optimisation.***Automatiser des reportings récurrents via des scripts (Python/SQL) afin de fiabiliser et fluidifier la production d'indicateurs.***Préparer, nettoyer et structurer des jeux de données (data cleaning, feature engineering) en vue de l'entraînement de modèles de Machine Learning.***Participer à la conception, à l'entraînement et à l'évaluation de modèles prédictifs en lien avec les besoins métiers.***Contribuer à la documentation technique des traitements, modèles et sources de données (data lineage, data dictionary Assurer une veille technologique sur les outils Data/IA et proposer des axes d'amélioration des process existants.***Ces missions évolueront vers davantage d'autonomie et de responsabilités sur des projets data/IA selon ta montée en compétences.
Description du profil :
Le profil recherché Bac+3/Bac+4 validé dans le domaine de l'informatique, de la data, des statistiques ou des mathématiques appliquées.***Bonne maîtrise de Python, SQL et des bases de données.***Connaissances en Machine Learning et appétence pour l'intelligence artificielle.***Maîtrise d'un outil de data visualisation (Power BI, Tableau ou équivalent Bonne maîtrise des outils bureautiques (Excel avancé Une première expérience en stage ou alternance dans la data est un plus.***Rigueur, curiosité, esprit d'analyse et autonomie seront des qualités essentielles pour réussir dans ce poste.","
CDD - 12 Mois

Contrat apprentissage
",unspecified,unspecified,unspecified,Unspecified,Débutant accepté,CDD - 12 Mois,True
3834181,https://candidat.pole-emploi.fr/offres/recherche/detail/3834181,2026-06-16,Offre d'emploi Data scientist (H/F) - 75 - Paris 9e Arrondissement - 3834181 | France Travail,75 - Paris 9e Arrondissement,"Description du poste :
Réseau majeur de consultants immobiliers indépendants fondé en 2007, efficity conçoit des outils innovants pour accompagner ses consultants dans la réussite de leur activité.
Forts de notre expertise en estimation en ligne, nous investissons continuellement pour maintenir notre position avec pour objectif de devenir le moteur d'estimation le plus précis du marché français.
Dans le cadre de notre croissance, nous recrutons un Data Scientist IA Senior . Intégré à l'équipe Data et rattaché au Lead Data Scientist, votre mission sera de porter nos algorithmes d'estimation vers de nouveaux sommets de précision.
Vos missions***Alimenter et dépiler un backlog relatif aux questions à se poser et aux prochaines étapes à mettre en œuvre pour améliorer le moteur d'estimation actuel.
* Proposer de nouveaux cas d'usage à nos jeux de données, indépendamment de l'estimation.
* Définir de nouvelles sources de données exploitables, analyser la donnée, c'est-à-dire évaluer sa pertinence, la nettoyer (gestion de la donnée manquante, des outliers, etc.), pour enfin l'intégrer aux modèles utilisés directement en production.
* Proposer et implémenter de nouvelles pistes d'un point de vue algorithmique (feature engineering, optimisation des hyperparamètres, choix judicieux de modèles de machine learning (forêts aléatoires avec scikit-learn, deep learning avec pytorch ou tensorflow, etc Développer des représentations de ces données exploitables pour le commun des mortels (graphiques et cartographiques)
* Participer à la mise en place des outils IA facilitant la tâche de nos consultants immobiliers, des équipes du siège ou des acheteurs et vendeurs particuliers
Description du profil :
Vous justifiez d'une expérience solide (3 ans minimum en CDI, pas d'alternance) en Data Science, Statistiques ou IA . Véritable passionné(e), votre curiosité technique vous pousse à explorer sans cesse de nouvelles approches.
Hard skills
* Solide compréhension des techniques de machine learning classique (classification, régression, clustering Expérience concrète sur au moins un projet data mené de bout en bout : cadrage du besoin, exploration et préparation des données, modélisation, évaluation, industrialisation et suivi en production.
* Très bonne maîtrise des sujets de GenAI (LLMs, embeddings, RAG) avec réelle expérience pratique.
* Bonne compréhension du concept et des usages des embeddings
* Très bonne maîtrise de Python et des bibliothèques associées : scikit-learn, pandas, numpy, matplotlib
* Expérience avec PyTorch, TensorFlow
* Développement de pipelines ML avec Apache Airflow, dbt, Docker, MLflow et PostgreSQL
* Monitoring avec Grafana et CI/CD avec GitHub Actions
* Expérience de la mise en place d'architecture cloud-native sur GCP ou AWS, avec Terraform, Cloud Composer, Dataflow, Kubeflow, Vertex AI, Cloud Run et BigQuery
Soft skills
* Esprit analytique : interpréter des données et en extraire des insights utiles.
* Rigueur : capacité à travailler avec précision et méthode
* Autonomie : organiser et mener son travail de manière responsable et efficace
Les plus
* Une expérience en frameworks Python Django, Fastapi voire Flask.
* AWS SageMaker, lambda, AWS Glue
* langchain, langraph
* Connaissances théoriques des modèles Transformers et des LLMs, une expérience des outils de la librairie Hugging Face Transformers est un grand plus
* Un intérêt pour les problématiques DevOps, d'infrastructure cloud (AWS), et pour Docker. Nous estimons en effet qu'un(e) Data Scientist se doit d'être sensibilisé et aussi autonome que possible sur les problématiques de mise en production de ses travaux.
Ce que nous offrons
* Un environnement de travail convivial où l'esprit d'équipe s'allie à une réelle exigence intellectuelle
* RTT et 13ème mois
* Tickets restau (Swile)
* 2 jours en télétravail par semaine
* Un budget de 2 000 € pour choisir le matériel qui vous ressemble","
CDI

Contrat travail
",unspecified,unspecified,unspecified,Unspecified,3 An(s),CDI,False
3830894,https://candidat.pole-emploi.fr/offres/recherche/detail/3830894,2026-06-16,Offre d'emploi Data scientist (H/F) - 92 - Hauts-de-Seine - 3830894 | France Travail,92 - Hauts-de-Seine,"Description du poste :
En tant qu'organisateur de forums de recrutement, Talents Handicap accompagne de très nombreuses entreprises & organisations en France dans leurs recrutements de collaborateurs en situation de handicap. Participant actuellement à l'un de nos forums.
L'entreprise Wavestone recherche actuellement des profils :
Description de l'entreprise
Wavestone est un cabinet de conseil international qui accompagne les grandes organisations dans leurs transformations stratégiques, technologiques et organisationnelles.
Nous rassemblons des expert·es passionné·es et orienté·es solutions, qui placent l'humain au cœur de la performance et de la croissance. En forte expansion, nous intervenons auprès de clients grands comptes, en France et à l'international, avec l'ambition de générer un impact positif et durable.
Description du poste
Rejoindre la Business Unit AI, c'est intégrer une équipe de près de 200 consultant·e·s passionné·e·s qui accompagnent les grandes organisations dans la transformation de leurs modèles par la donnée et l'intelligence artificielle.
Nous intervenons de bout en bout , de la détection de cas d'usage IA à fort impact métier à la conception de plateformes technologiques de pointe, jusqu'à la définition de modèles de gouvernance responsables et scalables .
Nous opérons auprès de clients grands comptes, en France et à l'international , en synergie avec les autres expertises du cabinet pour maximiser l'impact de nos interventions.
En tant que Consultant.e Expérimenté.e en data science et IA, vous serez au cœur de l'industrialisation de l'IA dans les grandes organisations Gestion de projet data science et IA Participer à des projets de data science , de l'identification des besoins métier à la mise en production des solutions, en passant par le développement d'algorithme Accompagner les organisations dans la transition de l'IA traditionnelle vers l'agentique
* Conception et industrialisation de solutions Concevoir, développer et déployer des modèles de machine learning, deep learning et IA générative pour répondre à des problématiques métiers variées Contribuer aux échanges avec les équipes techniques du clients (Data Engineer, Architect, ML Engineer, DSI) pour garantir l'intégration de la solution dans le SI Clients
* Innovation et expertise technique Réaliser des benchmarks d'algorithmes, frameworks et technologies pour proposer des solutions innovantes Contribuer à l'exploration de nouveaux cas d'usage en IA (vision par ordinateur, NLP, IA générative, etc.).
Qualifications
Nous cherchons des candidat.e.s avec une envie d'apprendre et de se challenger dans un environnement dynamique et en constante évolution.
Type de profil Diplômé.e d'une grande école d'ingénieurs, école de commerce ou université avec spécialisation data / IA.
* 1 à 3 ans d'expérience en CDI en conseil, data, IA ou environnement technologique exigeant.
* Intérêt marqué pour les enjeux business et transformation liés à l'IA.
* Français et anglais professionnels.
Compétences appréciées en data science et IA Bonne compréhension des concepts fondamentaux de l'IA et du machine learning.
* Expérience sur des cas d'usage tels que : prédiction, classification, NLP, computer vision, LLM, automatisation, optimisation... etc.
* Capacité à challenger la valeur métier des cas d'usage IA.
Compétences appréciées en gestion de projet et travail d'équipe Communication claire, structurée et professionnelle, à la fois avec des interlocuteurs métiers et techniques.
* Autonomie, fiabilité et respect des engagements (qualité, délais Sens du collectif et contribution active à la vie de l'équipe (mentorat de juniors, partage de connaissances).
Informations supplémentaires
En rejoignant Wavestone, vous bénéficierez de Carreer model: une carrière sur mesure, cela signifie pour nous des possibilités de développement individuel. Notre Wavestone Horizon vous permet une évolution rapide de votre parcours et de la dynamique salariale.
* Further training : let's grow together ! Vous avez accès à un vaste catalogue de formations et de certifications (cloud, DevOps, GenAI, etc.) pour vous former continuellement.
* Smartworking : le travail flexible et mobile fait partie de notre ADN et permet un cadre adéquat de collaboration.
* A Great Place To Work : nous sommes reconnus comme Great Place To Work 2025, nous classant numéro un dans notre catégorie parmi les organisations de plus de 2500 employés (France).
Wavestone est un employeur inclusif qui s'engage pour l'égalité des chances. Dans le cadre de cette politique de diversité et inclusion, Wavestone accompagne les personnes en situation de handicap et/ou nécessitant un aménagement durant leur process de recrutement et lors de leur prise de poste.","
CDI

Contrat travail
",unspecified,unspecified,unspecified,Unspecified,1 An(s),CDI,False
3830119,https://candidat.pole-emploi.fr/offres/recherche/detail/3830119,2026-06-16,Offre d'emploi Data scientist (H/F) - 69 - Lyon 5e Arrondissement - 3830119 | France Travail,69 - Lyon 5e Arrondissement,"Description du poste :
I. Contexte :
Opérationnel orienté Conseil et réalisation pour travailler avec l'équipe data interne client de sur l'exploitation des données ITSM Service Now dans Databricks, en vue de développer des cas d'usage IA au service du pilotage et de l'amélioration du support utilisateurs.
II. Missions Maîtrise des techniques de ML supervisé et non supervisé
* Expérience en NLP : embeddings, analyse textuelle, extraction d'entités, classification de texte
* Connaissance d LLM & IA Générative
* Expérience intégration LLM
* Connaissance des approches RAG, prompt engineering, et fine-tuning
* Capacité à travailler avec des modèles LLM fournis par un tiers (FAB IA SNCF) à travers une API standard. Plateforme Databricks & Data Engineering
Description du profil :
III. Compétences requises Maîtrise de Databricks : Unity Catalog, Delta Lake, MLflow, Génie, notebooks et pipelines***Compétences en SQL avancé et Python***Capacité à concevoir et optimiser des pipelines de données et des workflows de traitement.","
Profession libérale

Emploi non salarié
",unspecified,unspecified,unspecified,Unspecified,3 An(s),Profession libérale,False
3829855,https://candidat.pole-emploi.fr/offres/recherche/detail/3829855,2026-06-16,Offre d'emploi Data scientist (H/F) - 69 - Lyon 5e Arrondissement - 3829855 | France Travail,69 - Lyon 5e Arrondissement,"Description du poste :
I. Contexte :
Opérationnel orienté Conseil et réalisation pour travailler avec l'équipe data interne client de sur l'exploitation des données ITSM Service Now dans Databricks, en vue de développer des cas d'usage IA au service du pilotage et de l'amélioration du support utilisateurs.
II. Missions Maîtrise des techniques de ML supervisé et non supervisé
* Expérience en NLP : embeddings, analyse textuelle, extraction d'entités, classification de texte
* Connaissance d LLM & IA Générative
* Expérience intégration LLM
* Connaissance des approches RAG, prompt engineering, et fine-tuning
* Capacité à travailler avec des modèles LLM fournis par un tiers (FAB IA SNCF) à travers une API standard. Plateforme Databricks & Data Engineering
Description du profil :
III. Compétences requises Maîtrise de Databricks : Unity Catalog, Delta Lake, MLflow, Génie, notebooks et pipelines***Compétences en SQL avancé et Python***Capacité à concevoir et optimiser des pipelines de données et des workflows de traitement.","
CDI

Contrat travail
",unspecified,unspecified,unspecified,Unspecified,3 An(s),CDI,False
3824816,https://candidat.pole-emploi.fr/offres/recherche/detail/3824816,2026-06-16,"Offre d'emploi Data Scientist F/H - Système, réseaux, données (H/F) - 69 - Lyon 1er Arrondissement - 3824816 | France Travail",69 - Lyon 1er Arrondissement,"Descriptif du poste:

Rejoignez une équipe engagée dans l'amélioration continue des chaînes communicantes et la valorisation des données pour optimiser leur exploitation. Vous interviendrez sur des sujets à fort impact, mêlant performance, supervision et innovation.



Vos missions principales :

- Analyser le fonctionnement des chaînes communicantes 

- Modéliser leur comportement nominal

- Développer des outils de supervision en temps réel et de détection automatique d'anomalies

- Encadrer des Data Scientists debutants et participer aux revues de code

- Contribuer aux orientations techniques du projet



Activités complémentaires :

- Industrialiser les prototypes dans les outils de supervision

- Assurer une veille technologique sur les outils et méthodes

- Partager vos connaissances et former vos pairs

- Participer à la conception de solutions sécurisées pour le traitement de volumes de données





Profil recherché:

Compétences techniques : 

- Python 3 (impératif) : maîtrise des librairies Pandas, Polars, scikit-learn.

- Modélisation prédictive & détection d'anomalies : anticipation des risques et optimisation des performances

- Big Data : PySpark, gestion de pipelines de données à grande échelle

- Bases de données : SQL / PostgreSQL, solutions de stockage optimisées

- Visualisation & restitution : Tableau Software, PowerBI

- Analyse de séries temporelles

- Analyse de graphes : GNN, théorie des graphes

- Outils de versioning & déploiement : GitLab

- Connaissances UX/UI et des bases de l'agilité



Soft skills & posture :

- Capacité à proposer des solutions scalables, lisibles et sécurisées pour les équipes Data

- Esprit critique et sens de l'optimisation des ressources

- Capacité à vulgariser les approches techniques auprès de profils non techniques

- Autonomie, rigueur et esprit collaboratif","
CDI

Contrat travail
",unspecified,unspecified,unspecified,Klanik,5 An(s),CDI,False
3824247,https://candidat.pole-emploi.fr/offres/recherche/detail/3824247,2026-06-16,"Offre d'emploi DATA ANALYST /DATA SCIENTIST ) F/H - Système, réseaux, données (H/F) - 75 - Paris 14e Arrondissement - 3824247 | France Travail",75 - Paris 14e Arrondissement,"Descriptif du poste:
Nous recrutons pour le compte de notre client, opérateur institutionnel de référence de l'État un Data analyst (F/H), 
Afin d'accompagner l'essor de son data-hub sectoriel mutualisé, destiné à héberger de manière centralisée les dynamiques économiques et l'impact de la filière, nous recherchons un profil polyvalent et autonome capable de transformer la donnée brute en de véritables outils d'aide à la décision stratégique pour les acteurs publics et privés.

Vous intégrerez l'équipe observation et vous positionnerez comme le véritable référent technique sur la production de données. Vous plongerez au cœur de cas d'usage expérimentaux et d'actualité, incluant le suivi fin des comportements de dépense, la cartographie de  flux  la régulation des pics de fréquentation  

Au quotidien, vous assumerez la responsabilité de la chaîne de valeur de la donnée en participant activement à la création  et à la maintenance de pipelines complexes d'ingestion, de transformation et de stockage de type ETL/  Vous veillerez scrupuleusement à l'application des bonnes pratiques architecturales ainsi qu'aux impératifs de qualité, de sécurité et de gouvernance des données.

Collaborateur privilégié  des économistes de l'équipe, vous saurez comprendre leurs besoins métiers pour concevoir et imaginer des indicateurs de performance (KPIs) pertinents. Enfin, vous donnerez vie à vos analyses en développant des outils de datavisualisation et des rapports dynamiques, tout en explorant de nouvelles pistes d'innovation technologique autour des outils d'intelligence artificielle agentique.

Ce poste, basé à PARIS est à pourvoir dans le cadre d'une mission d'une durée de 6 mois renouvelable  

La rémunération brute annuelle est à négocier entre 40 et 45 k€ selon votre expérience.

Profil recherché:
Pour réussir ce challenge opérationnel, vous justifiez d'une formation supérieure universitaire, d'ingénieur  idéalement consolidée par une première expérience professionnelle  d'au moins deux ans ans dans la conduite et l'exécution de projets data en entreprise. Vous possédez une maîtrise éprouvée des langages de programmation Python et SQL, complétée par une pratique courante des environnements de développement basés sur les Notebooks et les outils de gestion de version comme Git. Votre parcours vous a permis de vous familiariser avec les environnements Cloud, avec une priorité marquée pour l'écosystème Azure (Synapse, Data Factory  Vous maîtrisez les librairies standards de manipulation de données (Pandas) et de cartographie, et vous démontrez un savoir-faire solide sur un outil de datavisualisation de premier plan, idéalement Power BI ou, à défaut, l'environnement Tableau .Vous possédez une véritable rigueur scientifique et une aisance avec les mathématiques appliquées","
Intérim - 6 Mois

Contrat travail
",unspecified,unspecified,unspecified,Randstad professional,4 An(s),Intérim - 6 Mois,False
3823766,https://candidat.pole-emploi.fr/offres/recherche/detail/3823766,2026-06-17,"Offre d'emploi Data scientist (multi-omics, biomarker discovery) - Post-doctorant F/H - Système, réseaux, données (H/F) - 974 - Saint-Pierre - 3823766 | France Travail",974 - Saint-Pierre,"Descriptif du poste:

Missions
Le/la data scientist réalise des analyses bio-informatiques de données multi-omiques issues de cohortes humaines (protéomique, lipidomique, métabolomique), avec pour objectif l'identification de biomarqueurs circulants associés aux maladies métaboliques, notamment le diabète. Il/elle intègre des données issues de différentes plateformes (spectrométrie de masse, Olink, RMN) et applique des méthodes statistiques avancées, dans un environnement collaboratif avec biologistes et ingénieurs.
Activités principales : - Concevoir et mettre en oeuvre des analyses statistiques avancées multi-omiques - Traiter données brutes et pré-processées (MS, Olink, RMN) - Analyses multivariées et intégration multi-omiques - Analyses longitudinales et stratification de cohortes - Identification et validation de biomarqueurs - Normalisation, correction batch effect, gestion données manquantes - Développement de scripts reproductibles (R, Python) - Interprétation des résultats et rédaction scientifique
- Etablir et optimiser les protocoles expérimentaux
- Exploiter, interpréter et présenter les résultats d'analyse (bio-informatique)
- Rédiger des rapports d'analyse
Fiche de poste Data Scientist INTERCP-T2D
Activités associées : - Participation aux stratégies expérimentales - Expertise en analyse de données - Veille scientifique - Diffusion des résultats - Structuration des pratiques - Formation des utilisateurs
Encadrement : Non
Conduite de projet : Oui

Profil recherché:

Compétences
Connaissance, savoir-faire :
- Bio-informatique omique - Statistiques avancées - Intégration multi-omiques - R et Python - Gestion FAIR Compétences associées : - Travail interdisciplinaire - Rédaction scientifique - Autonomie et rigueur

Compétences linguistiques :
Anglais : compréhension et expression écrite et orale requise
Environnement
Le poste s'inscrit au sein de l'UMR DéTROI, Université de La Réunion. Les travaux portent sur l'identification de biomarqueurs circulants du diabète à partir de cohortes humaines locales (Réunion, Prédiabrun). Interaction avec biologistes, cliniciens et ingénieurs.

Savoir-être:
- Rigueur, autonomie et prise d'initiative
- Ouverture d'esprit et disponibilité
- Bonnes qualités relationnelles et capacité à travailler en équipe
- Adaptabilité","
CDD - 19 Mois

Contrat travail
",unspecified,unspecified,unspecified,Universite de la reunion,6 An(s),CDD - 19 Mois,False
3823601,https://candidat.pole-emploi.fr/offres/recherche/detail/3823601,2026-06-16,"Offre d'emploi Data Scientist F/H - Système, réseaux, données (H/F) - 79 - Niort - 3823601 | France Travail",79 - Niort,"Descriptif du poste:

Dans le cadre de la réalisation d'un projet en assistance technique, nous recherchons un(e) Data Scientist pour l'un de nos clients du secteur des assurances.

Vous interviendrez sur le site client situé dans la région de Niort (79).



Vos missions seront les suivantes :

- Concevoir et développer des traitements de données en Python, et réaliser de la modélisation de données avancée au service des besoins métiers

- Contribuer à la gouvernance des données : documentation, dictionnaires de données, catalogage et data lineage via un outil de type DataGalaxy

- Mettre en place et exécuter des contrôles et tests de qualité des données, suivre les indicateurs et piloter la remédiation des anomalies

- Accompagner les métiers dans leurs rôles de Data Owner et Data Steward, et promouvoir les bonnes pratiques de gestion de la donnée au sein du Data Office



Profil recherché:

- Ingénieur(e) de formation, vous justifiez d'au minimum 3 années d'expérience en data, gouvernance et qualité des données, en environnement Data Office

- Vous avez également une expérience significative en modélisation de données et en développement Python

- Vous avez des compétences en gestion de la qualité des données et mise en place de tests qualité

- Vous avez de bonnes connaissances en gouvernance des données et des enjeux Data Owner / Data Steward

- Vous maîtrisez le logiciel DataGalaxy (ou un outil de catalogage équivalent type Collibra, Zeenea)

- La maîtrise de l'anglais technique est requise pour cette mission.



Ce que nous cherchons avant tout, ce sont des personnalités qui participent au développement de DAVRICOURT et forment un réseau de talents interconnectés qui ne craint pas d'affirmer sa différence.

Vous êtes unique, nous sommes différents, rencontrons-nous!





LE DAVRIPACKAGE- Salaire compétitif

- Primes de participation

- Épargne salariale

- Mutuelle et prévoyance

- Forfait Mobilité Durable

- Plateforme CSE

- Actions de formation

- 1 jour par an offert pour une mission solidaire avec Komeet



INTÉRESSÉ(E) ?Si vous êtes arrivé(e) à la fin de cette offre, c'est qu'elle vous a forcément attirée, alors surtout n'hésitez pas à postuler ! En cas de doute, notre équipe recrutement saura répondre à vos questions.



L'offre d'emploi ne correspond pas tout à fait à vos compétences mais nos valeurs vous ressemblent et notre ambition vous motive ? Alors vous pouvez consulter l'ensemble de nos offres sur davricourt.com



ET APRÈS ?



Notre processus de recrutement est simplifié : un seul entretien est prévu par nos équipes, à la suite duquel nous présentons votre profil au client.



NB : En l'absence de retour de la part de l'équipe recrutement sous 1 semaine, veuillez considérer que votre candidature n'a pas été retenue. Merci de votre compréhension.","
CDI

Contrat travail
",unspecified,unspecified,unspecified,Davricourt,3 An(s),CDI,False
3815413,https://candidat.pole-emploi.fr/offres/recherche/detail/3815413,2026-06-17,Offre d'emploi Data scientist F/H (CDI) - 75 - Paris - 3815413 | France Travail,75 - Paris,"Rejoignez la Direction des Dirigeants, des Cadres Supérieurs et de l’Accompagnement de COVEA, en intégrant une équipe de 4 collaborateurs au sein de la Direction des rémunérations et avantages sociaux.
Votre mission ?
Au sein d’une équipe à taille humaine, vous contribuerez à faire évoluer nos pratiques en passant d’une approche descriptive d’analyse RH à des modèles prédictifs et dynamiques. Vous participerez à des projets clés tels que la mise en conformité avec la directive sur la transparence salariale et apporterez une aide à la décision sur les politiques de rémunération et d’avantages sociaux RH.
Vous serez amené(e) à apporter votre expertise également sur les sujets de Développement des Dirigeants et Cadres Supérieurs.
Et concrètement ?
- Être force de proposition pour exploiter et croiser des données internes et externes pour enrichir nos analyses.
- Développer de nouvelles méthodes d’analyse statistiques adaptées aux enjeux RH.
- Proposer et concevoir des modèles prédictifs pour anticiper les tendances.
- Mettre en place des outils d’analyse dynamiques pour éclairer les décisions stratégiques.
- Vulgariser vos travaux pour les rendre accessibles aux équipes opérationnelles.
Covéa s’attache à offrir des parcours professionnels diversifiés. Vous pourrez ainsi avoir l’opportunité d’évoluer, par exemple, vers des métiers de la data ou de stratégie RH.
Encore une hésitation sur les atouts de ce poste ?
- Participation à des projets innovants en lien avec la transformation RH.
- Des opportunités d’évolution vers d’autres métiers.
- Un environnement où la coopération et l’esprit d’équipe sont des valeurs clés.
- Utilisation de technologies et méthodes avancées pour l’analyse prédictive.
- Aide à la décision sur les sujets RH.
- Un équilibre entre expertise technique et compréhension humaine des enjeux.
Et si c'était vous ?
- Profil Data Scientist , BAC +5
- Expérience de 4/5 ans minimum, idéalement sur le travail de données RH
- Maîtrise de Python, R ou équivalent
- Appétence pour les enjeux RH et sciences sociales
- Force de proposition
- Capacité à vulgariser, pédagogie
- Esprit collaboratif et humilité : vous aimez travailler dans une petite équipe conviviale.","
CDI

Contrat travail
",Travail en journée,unspecified,unspecified,Unspecified,Expérience exigée,CDI,False
3804502,https://candidat.pole-emploi.fr/offres/recherche/detail/3804502,2026-06-16,Offre d'emploi DATA ANALYST /DATA SCIENTIST ) (H/F) - 75 - Paris 14e Arrondissement - 3804502 | France Travail,75 - Paris 14e Arrondissement,"Nous recrutons pour le compte de notre client, opérateur institutionnel de référence de l'État un Data analyst (F/H), Afin d'accompagner l'essor de son data-hub sectoriel mutualisé, destiné à héberger de manière centralisée les dynamiques économiques et l'impact de la filière, nous recherchons un profil polyvalent et autonome capable de transformer la donnée brute en de véritables outils d'aide à la décision stratégique pour les acteurs publics et privés.Vous intégrerez l'équipe observation et vous positionnerez comme le véritable référent technique sur la production de données. Vous plongerez au cœur de cas d'usage expérimentaux et d'actualité, incluant le suivi fin des comportements de dépense, la cartographie de flux la régulation des pics de fréquentation Au quotidien, vous assumerez la responsabilité de la chaîne de valeur de la donnée en participant activement à la création et à la maintenance de pipelines complexes d'ingestion, de transformation et de stockage de type ETL/ Vous veillerez scrupuleusement à l'application des bonnes pratiques architecturales ainsi qu'aux impératifs de qualité, de sécurité et de gouvernance des données. Collaborateur privilégié des économistes de l'équipe, vous saurez comprendre leurs besoins métiers pour concevoir et imaginer des indicateurs de performance (KPIs) pertinents. Enfin, vous donnerez vie à vos analyses en développant des outils de datavisualisation et des rapports dynamiques, tout en explorant de nouvelles pistes d'innovation technologique autour des outils d'intelligence artificielle agentique. Ce poste, basé à PARIS est à pourvoir dans le cadre d'une tâche d'une durée de 6 mois renouvelable La rémunération brute annuelle est à négocier entre 40 et 45 k€ selon votre expérience.","
Intérim - 6 Mois

Contrat travail
",Travail en journée,unspecified,unspecified,Unspecified,3 An(s),Intérim - 6 Mois,False
3800165,https://candidat.pole-emploi.fr/offres/recherche/detail/3800165,2026-06-16,Offre d'emploi Une/Un Data Scientist (H/F) - 75 - Paris 12e Arrondissement - 3800165 | France Travail,75 - Paris 12e Arrondissement,"RESPONSABILITÉS : -Concevoir et valider des méthodologies d'analyse au service de la régulation (pluralisme, audiences, équilibres économiques, risques liés aux plateformes numériques...). -Capitaliser sur l'état de l'art et les acteurs du monde académique pour proposer des solutions répondant aux besoins du régulateur. -Conduire la modélisation quantitative et statistique des données audiovisuelles et numériques. -Concevoir les briques d'analyse automatique du langage et les protocoles de validation associés. -Garantir des résultats reproductibles et opposables. -Contribuer à la doctrine technique du département. -Assurer une veille sur l'état de l'art en apprentissage automatique et en analyse du langage appliqués à la régulation numérique. PROFIL RECHERCHÉ : -Diplôme de grande école d'ingénieur, d'école normale supérieure ou master recherche (Bac+5 à Bac+8) en mathématiques appliquées, physique, informatique, science des données ou discipline connexe. Un doctorat est valorisé. -Une première expérience en science des données et intelligence artificielle (apprentissage automatique, apprentissage profond), ou parcours de recherche. -Compétences en traitement automatique du langage naturel : segmentation thématique, annotation assistée par modèle, représentations vectorielles (embeddings). -Expérience pratique des grands modèles de langage et de l'intelligence artificielle générative. -Connaissance de la modélisation quantitative et statistique : statistiques, séries temporelles, économétrie, modèles de systèmes complexes. -Maîtrise de Python et des bibliothèques associées (PyTorch, Hugging Face). -Rigueur scientifique et expérimentale : conception de protocoles d'évaluation, métriques, mesure d'accord inter-annotateurs, reproductibilité, capacité à rendre une méthodologie défendable scientifiquement et juridiquement -Esprit de recherche, autonomie, aisance rédactionnelle, capacité à synthétiser et à vulgariser. -La connaissance des environnements de déploiement (conteneurs, orchestration) serait un plus Conditions : •CDD (Catégorie A) •Télétravail partiel possible •Localisation: Paris •A pourvoir dès que possible","
CDD - 6 Mois

Contrat travail
","39H/semaine
Travail en journée",unspecified,unspecified,Arcom,Expérience exigée,CDD - 6 Mois,False
3800094,https://candidat.pole-emploi.fr/offres/recherche/detail/3800094,2026-06-16,Offre d'emploi Une/Un Data Scientist confirmé(e) (H/F) - 75 - Paris 12e Arrondissement - 3800094 | France Travail,75 - Paris 12e Arrondissement,"RESPONSABILITÉS : -Concevoir et valider, de bout en bout, des méthodologies d'analyse au service de la régulation (pluralisme, audiences, équilibres économiques, risques liés aux plateformes numériques...). -Capitaliser sur l'état de l'art et les acteurs du monde académique pour proposer des solutions répondant aux besoins du régulateur. -Conduire la modélisation quantitative et statistique des données audiovisuelles et numériques. -Concevoir les briques d'analyse automatique du langage et les protocoles de validation associés. -Garantir des résultats reproductibles et opposables. -Contribuer à la doctrine technique du département. -Assurer une veille sur l'état de l'art en apprentissage automatique et en analyse du langage appliqués à la régulation numérique. PROFIL RECHERCHÉ : -Diplôme de grande école d'ingénieur, d'école normale supérieure ou master recherche (Bac+5 à Bac+8) en mathématiques appliquées, physique, informatique, science des données ou discipline connexe. Un doctorat est valorisé. -Au moins 3 ans d'expérience en science des données et intelligence artificielle (apprentissage automatique, apprentissage profond), ou parcours de recherche de haut niveau -Compétences en traitement automatique du langage naturel : segmentation thématique, annotation assistée par modèle, représentations vectorielles (embeddings). -Expérience pratique des grands modèles de langage et de l'intelligence artificielle générative. -Maîtrise de la modélisation quantitative et statistique : statistiques, séries temporelles, économétrie, modèles de systèmes complexes. -Maîtrise de Python et des bibliothèques associées (PyTorch, Hugging Face). -Rigueur scientifique et expérimentale : conception de protocoles d'évaluation, métriques, mesure d'accord inter-annotateurs, reproductibilité, capacité à rendre une méthodologie défendable scientifiquement et juridiquement -Esprit de recherche, autonomie, aisance rédactionnelle, capacité à synthétiser et à vulgariser. -La connaissance des environnements de déploiement (conteneurs, orchestration) serait un plus","
CDI

Contrat travail
","39H/semaine
Travail en journée",unspecified,unspecified,Arcom,Expérience exigée,CDI,False
3858563,https://candidat.pole-emploi.fr/offres/recherche/detail/3858563,2026-06-16,Offre d'emploi Head of Data Science (H/F) - 39 - Châtillon - 3858563 | France Travail,39 - Châtillon,"Le Groupement Les Mousquetaires, ce sont 7 enseignes de la grande distribution portées haut et fort par plus de  chefs d'entreprise indépendants ! Ce sont aussi  collaborateurs mobilisés autour de notre modèle unique de producteurs et commerçants. Et nous en sommes fiers ! Dans toutes les fonctions au service des points de vente, de la logistique à l'immobilier, en passant par l'industrie agroalimentaire ou l'informatique, nos équipes font nos succès.Rejoindre la Stime c'est contribuer à des projets à fort enjeu et être challengé dans ses missions au sein d'un environnement dynamique.Notre volonté est d'ouvrir le champ des possibles et permettre à chacun de se réaliser. La Stime met donc en place un management qui favorise l'élaboration de solutions en commun, en s'appuyant sur des pratiques agiles.Au sein du Datalab rattaché à la direction des SI mutualisés, en tant que Responsable du pôle Data Science, vous pilotez une équipe de 5 à 6 data scientists et data engineers, avec pour objectif de concevoir, développer et industrialiser des solutions d'IA classiques et d'IA générative au service des métiers du groupement.Vous avez un rôle clé de leadership technique et stratégique : force de proposition, moteur de l'innovation en IA et garant de la qualité des modèles déployés.Le contexte vous plaît ?&#xa0;
Découvrez votre quotidien au sein de votre future équipe.Vos missionsLeadership et stratégieDéfinir la vision et la feuille de route IA (machine learning, deep learning, IA générative).
- Identifier les opportunités d'innovation et proposer des cas d'usage pertinents pour les métiers.
- Assurer une veille active sur les technologies IA/GenAI et mesurer leur pertinence pour l'écosystème du groupement.
- Accompagner la montée en maturité des équipes internes sur les sujets IA.&#xa0;Gestion et pilotage d'équipeEncadrer, animer et faire monter en compétence une équipe Data Science pluridisciplinaire.
- Organiser le delivery : priorisation des sujets, arbitrages, gestion des ressources.
- Garantir les bonnes pratiques de développement, documentation, monitoring et gouvernance des modèles.
- Favoriser une culture d'expérimentation, de rigueur scientifique et de collaboration.&#xa0;Conception et industrialisation des solutions IASuperviser la conception de modèles ML/DL et d'agents ou pipelines d'IA générative.
- S'assurer de l'intégration et de l'industrialisation des modèles dans l'écosystème IT existant.
- Travailler en collaboration avec les équipes Data, Cloud et Métiers pour garantir la robustesse et la valeur ajoutée des solutions.
- Définir les KPIs de performance et suivre la qualité des modèles en production.&#xa0;Relation avec les métiersComprendre les besoins métier, challenger les demandes et proposer des solutions data pertinentes.
- Présenter et vulgariser les travaux du pôle Data Science auprès des décisionnaires.
- Accompagner les métiers dans l'adoption des solutions IA et l'acculturation.&#xa0;
Côté RHEn intégrant la Stime, vous pourrez bénéficier des avantages suivants :Accord d'entreprise sur le télétravail13ème moisPrime VacancesAccord d'intéressementRestaurant d'entreprisePour faciliter la qualité de vie au travail de l'ensemble de nos équipes, nous proposons une cantine dont la qualité vous fait moins regretter le télétravail, une salle de sport, et des locaux fonctionnels avec possibilité de pauses café en terrasse pour les chaudes journées ensoleillées !De nombreuses formations sont proposées dès la prise de fonction pour favoriser l'apprentissage des nouvelles technologies, à la hauteur des projets ambitieux que connait la Stime.Notre process de recrutement est simple et efficace : il comporte un entretien RH, suivi d'un entretien opérationnel avec le responsable de Pôle et le responsable de Domaine.&#xa0;#STIMETALENT","
CDI

Contrat travail
",unspecified,unspecified,unspecified,Unspecified,Débutant accepté,CDI,True
3855754,https://candidat.pole-emploi.fr/offres/recherche/detail/3855754,2026-06-16,Offre d'emploi Release train engineer Assurance H/F (IT) - 75 - Paris - 3855754 | France Travail,75 - Paris,"? Quel sera ton poste ? ? ? Poste : Chef de projet / RTE Cloud ?Lieu : Paris (déplacements ponctuels) ? Télétravail : 2 jours par semaine ?Contrat : CDI / Freelance / portage ? Contexte : Tu rejoins un programme stratégique de modernisation du SI au sein d?un grand groupe. L?objectif ? Transformer la DSI en véritable fournisseur de services Cloud pour accompagner les métiers, améliorer la performance et sécuriser les solutions. Au c?ur de cette transformation, tu interviens sur un chantier structurant autour des capacités et services Cloud, dans un environnement agile à l?échelle. Tu auras pour missions de : Piloter un ou plusieurs périmètres du programme (cadrage, roadmap, suivi des engagements) Assurer le pilotage global (délais, coûts, risques, gouvernance) Produire les supports de pilotage (COPIL, COMEX, décisions stratégiques) Animer les rituels SAFe (PI Planning, Inspect & Adapt ) Coordonner les équipes et gérer les dépendances inter-squads Suivre la performance (delivery, qualité, valeur) Accompagner la montée en maturité agile des équipes Faire le lien entre équipes produit, infra, cloud platform et architecture Aligner les initiatives avec la stratégie cloud et la transformation SI Profil candidat: ?Ce qui fera de toi notre prochaine pépite Sydienne? Nous recherchons un(e) professionnel(le) rigoureux(se), organisé(e) et doté(e) d?un excellent relationnel pour rejoindre notre équipe et relever ce défi passionnant. Voici ce que nous attendons de toi : Expérience confirmée en pilotage de projets complexes + rôle RTE Maîtrise de SAFe et des environnements agiles à l?échelle Bonne compréhension des environnements Cloud (AWS, Azure, GCP) Connaissances DevSecOps, CI/CD, Infrastructure as Code Excellentes capacités d?animation, coordination et communication ? Un rôle clé, hybride et stratégique, au c?ur de la transformation Cloud d?un grand groupe. Alors, si tu es prêt(e) à relever le défi et à rejoindre une équipe motivée, curieuse et passionnée, n?hésite plus et postule, tu deviendras peut-être la prochaine pépite de la team Conseil ! ? ? Le process de recrutement avec la team RH ? Étape 1 : Premier échange téléphonique avec un/une chargé(e) de recrutement de SYD CONSEIL ( Étape 2 : Rencontre physique ou visio avec notre Ingénieur d'affaires : Étape 3 : Si ton profil matche, nous enverrons ton dossier de compétences au client. Étape 4 : Rencontre physique ou visio avec le client. Qu?il y ait match ou pas match, nous ne manquerons pas te tenir au courant. ? ?La vie chez SYD? Trois grandes valeurs que nous faisons tous vivre au quotidien : Solidarité, Respect, Intégrité. Les évènements : Séminaire d'intégration à votre arrivée, séminaire annuel dans un lieu secret, séminaire d'équipe, arbre de Noël, soirées d'été, évènements sportifs... Toutes les occasions sont bonnes pour se retrouver et passer du temps ensemble. La fondation SYD : Dans le cadre de notre engagement sociétal, nous avons créé en 2011 une fondation sur laquelle nous versons, chaque année, 10?% du résultat du Groupe pour financer des projets proposés et portés par les collaborateurs. Un suivi régulier avec la team RH et les commerciaux tout au long de la mission. La transparence : Pas de secret, vous serez informé dès le début du process du nom du client. ?Les petits plus ? Les tickets restaurants Les chèques-cadeaux La prime de participation La prime vacances Un équilibre pro/perso grâce au télétravail 7 jours offerts en plus des 25 jours de congés","
CDI

Contrat travail
",Travail en journée,unspecified,unspecified,Unspecified,Débutant accepté,CDI,True
3855552,https://candidat.pole-emploi.fr/offres/recherche/detail/3855552,2026-06-16,Offre d'emploi Head of AI & Advanced Apps (H/F) - 75 - Paris - 3855552 | France Travail,75 - Paris,"Le/la Responsable IA et applications avancées rend compte au Directeur Data & IA . Il/elle est chargée de la conception, de la gouvernance, de la pérennité et de la robustesse à long terme des applications avancées et des plateformes dIA de Moët Hennessy. Au-delà de la responsabilité liée aux plateformes, le/la titulaire du poste agit en tant quexpert reconnu en IA et conseiller stratégique, fréquemment sollicité par les dirigeants et cadres supérieurs (y compris les membres de la direction) pour définir les opportunités en matière dIA, anticiper les risques et orienter les décisions stratégiques concernant lIA, lIA générative et lIA agentique. A) Plateformes d'applications avancées Retool & Anaplan * Gérer la stratégie, l'architecture et les modèles opérationnels (développement et exploitation) de la plateforme. * Définir et mettre en œuvre la gouvernance, la sécurité, le plan de reprise après sinistre (DRP), le cycle continu d'intégration et de déploiement (CI/CD) et la viabilité des coûts. * Veiller à une séparation claire entre la responsabilité de la plateforme et celle des applications métier. * Anticiper et atténuer les risques structurels (dette technique, dépendance vis-à-vis des fournisseurs, évolutivité). * Servir de référence technique de haut niveau pour les instances de gouvernance et les comités de direction. Hors périmètre : propriété fonctionnelle des applications B) Plateformes dIA, dIA générative et dIA agentique * Gérer la feuille de route de la plateforme dIA, couvrant les modèles dapprentissage automatique (ML), dIA générative (GenAI) et dIA agentique * Définir et maintenir les fondements des MLOps/ GenAIOps (déploiement, surveillance, réentraînement). * Garantir la conformité avec les cadres d'IA responsable et les normes de sécurité de l'entreprise. * Prévenir la Shadow IA et les expérimentations incontrôlées ; gérer la dépendance vis-à-vis des fournisseurs et les risques de verrouillage. * Concevoir et promouvoir des modèles d'IA réutilisables (couche de confiance, agents, orchestration). C) Conseil stratégique en IA (dimension critique) * Jouer le rôle de Trusted AI Advisor auprès des dirigeants et cadres supérieurs. * Aider à traduire les défis commerciauxen questionspertinentes pour l'IA et en un cadre d'action concret. * Donner des conseils sur la pertinence, la faisabilité, les coûts, les risques et les implications organisationnelles. * Fournir des conseils sur les solutions d'IA générative (par exemple, Claude) et les approches d'IA agentique. * Soutenir la prise de décision en amont, avant le lancement officiel du projet, sans assumer la responsabilité du produit.","
CDI

Contrat travail
",Travail en journée,unspecified,unspecified,Unspecified,Débutant accepté,CDI,True
3801170,https://candidat.pole-emploi.fr/offres/recherche/detail/3801170,2026-06-16,Offre d'emploi Ingénieur IA H/F - 75 - Paris 1er Arrondissement - 3801170 | France Travail,75 - Paris 1er Arrondissement,"POSTE : Ingénieur IA H/F
DESCRIPTION : 
Véritable support au business, la personne sélectionnée travaillera étroitement avec différentes équipes pour assurer l'optimisation de nos process et l'intégration des outils IA au seins de l'entreprise et de nos projets.
 
En tant que spécialiste, vous :
 
- Supporterez notre équipe avant-vente sur les éléments techniques contenus dans les appels d'offres
- Accompagnerez les équipes internes dans la conception, le déploiement et l'industrialisation de solutions d'IA robustes.
- Fournirez un conseil technique à nos clients, en les aidant à évaluer la faisabilité, en définissant des architectures et en faisant évoluer efficacement leurs cas d'usage IA.
- Auditerez nos projets déjà existants dans le but de les optimiser via l'intégration de l'Intelligence artificielle
- Effectuerez une veille technologique afin de pouvoir proposer les meilleures solutions à notre équipe
 
PROFIL : Qualifications  
 
Profil recherché :
 
- Diplômé d'un Bac +5 dans les domaines de l'Ingénierie ou de l'informatique
- 3 ans d'expérience dans l'un des domaines suivants : aéronautique, naval, ferroviaire ou défense
- Compétence en code
- Connaissance de Python
- Anglais courant
 
Soft skills recherchées :
 
- Communication fluide et adaptable à différents types d'interlocuteurs
- Raisonnement logique et pragmatique
- Curieux(se) et intéressé(e) par les nouvelles technologies
 
Vous vous reconnaissez dans le profil recherché ? Candidatez sans attendre !
 
Informations supplémentaires  
 
Notre mission chez ATEXIS ?
 
Optimiser la durée de vie en service de systèmes complexes, afin de créer une forte valeur ajoutée pour nos clients et répondre aux enjeux d'évolution des différents secteurs d'activités dans le monde.  
  
Si vous rejoignez l'équipe ATEXIS, vous aurez l'opportunité d'innover et de créer des technologies plus sûres et plus durables pour un avenir meilleur.  
ATEXIS recherche des talents qui aiment apprendre et partager de nouvelles connaissances, motivés par l'excellence, passionnés, et qui favorisent un environnement de travail positif.  
  
Qu'offrons-nous ?
 
- Titres Restaurants
- Participation aux frais de transport en commun
- Flexibilité d'horaires
- 25 jours de congés Payés
- 12 jours de RTT
- Bénéfices du CSE
- WellPass : accès illimités aux salles de sport & séances bien-être à tarif préférentiel
 
Chez ATEXIS, nous croyons que chaque personne a son importance au sein de l'organisation. Grâce au large éventail d'opportunités de projets et de possibilités d'évolution interne, vous serez en mesure de développer pleinement votre carrière.
 
Nous sommes une organisation internationale ou l'esprit d'équipe, la diversité et les relations sont les moteurs de notre travail au quotidien. Rejoignez ATEXIS et devenez un(e) professionnel(le) épanoui(e) !","
CDI

Contrat travail
",unspecified,unspecified,unspecified,Atexis,Expérience exigée,CDI,False
3800978,https://candidat.pole-emploi.fr/offres/recherche/detail/3800978,2026-06-16,Offre d'emploi Ingénieur IA H/F - 69 - Lyon 1er Arrondissement - 3800978 | France Travail,69 - Lyon 1er Arrondissement,"POSTE : Ingénieur IA H/F
DESCRIPTION : 
Véritable support au business, la personne sélectionnée travaillera étroitement avec différentes équipes pour assurer l'optimisation de nos process et l'intégration des outils IA au seins de l'entreprise et de nos projets.
 
En tant que spécialiste, vous :
 
- Supporterez notre équipe avant-vente sur les éléments techniques contenus dans les appels d'offres
- Accompagnerez les équipes internes dans la conception, le déploiement et l'industrialisation de solutions d'IA robustes.
- Fournirez un conseil technique à nos clients, en les aidant à évaluer la faisabilité, en définissant des architectures et en faisant évoluer efficacement leurs cas d'usage IA.
- Auditerez nos projets déjà existants dans le but de les optimiser via l'intégration de l'Intelligence artificielle
- Effectuerez une veille technologique afin de pouvoir proposer les meilleures solutions à notre équipe
 
PROFIL : Qualifications  
 
Profil recherché :
 
- Diplômé d'un Bac +5 dans les domaines de l'Ingénierie ou de l'informatique
- 3 ans d'expérience dans l'un des domaines suivants : aéronautique, naval, ferroviaire ou défense
- Compétence en code
- Connaissance de Python
- Anglais courant
 
Soft skills recherchées :
 
- Communication fluide et adaptable à différents types d'interlocuteurs
- Raisonnement logique et pragmatique
- Curieux(se) et intéressé(e) par les nouvelles technologies
 
Vous vous reconnaissez dans le profil recherché ? Candidatez sans attendre !
 
Informations supplémentaires  
 
Notre mission chez ATEXIS ?
 
Optimiser la durée de vie en service de systèmes complexes, afin de créer une forte valeur ajoutée pour nos clients et répondre aux enjeux d'évolution des différents secteurs d'activités dans le monde.  
  
Si vous rejoignez l'équipe ATEXIS, vous aurez l'opportunité d'innover et de créer des technologies plus sûres et plus durables pour un avenir meilleur.  
ATEXIS recherche des talents qui aiment apprendre et partager de nouvelles connaissances, motivés par l'excellence, passionnés, et qui favorisent un environnement de travail positif.  
  
Qu'offrons-nous ?
 
- Titres Restaurants
- Participation aux frais de transport en commun
- Flexibilité d'horaires
- 25 jours de congés Payés
- 12 jours de RTT
- Bénéfices du CSE
- WellPass : accès illimités aux salles de sport & séances bien-être à tarif préférentiel
 
Chez ATEXIS, nous croyons que chaque personne a son importance au sein de l'organisation. Grâce au large éventail d'opportunités de projets et de possibilités d'évolution interne, vous serez en mesure de développer pleinement votre carrière.
 
Nous sommes une organisation internationale ou l'esprit d'équipe, la diversité et les relations sont les moteurs de notre travail au quotidien. Rejoignez ATEXIS et devenez un(e) professionnel(le) épanoui(e) !","
CDI

Contrat travail
",unspecified,unspecified,unspecified,Atexis,Expérience exigée,CDI,False
3800878,https://candidat.pole-emploi.fr/offres/recherche/detail/3800878,2026-06-16,Offre d'emploi Ingénieur IA H/F - 83 - Toulon - 3800878 | France Travail,83 - Toulon,"POSTE : Ingénieur IA H/F
DESCRIPTION : 
Véritable support au business, la personne sélectionnée travaillera étroitement avec différentes équipes pour assurer l'optimisation de nos process et l'intégration des outils IA au seins de l'entreprise et de nos projets.
 
En tant que spécialiste, vous :
 
- Supporterez notre équipe avant-vente sur les éléments techniques contenus dans les appels d'offres
- Accompagnerez les équipes internes dans la conception, le déploiement et l'industrialisation de solutions d'IA robustes.
- Fournirez un conseil technique à nos clients, en les aidant à évaluer la faisabilité, en définissant des architectures et en faisant évoluer efficacement leurs cas d'usage IA.
- Auditerez nos projets déjà existants dans le but de les optimiser via l'intégration de l'Intelligence artificielle
- Effectuerez une veille technologique afin de pouvoir proposer les meilleures solutions à notre équipe
 
PROFIL : Qualifications  
 
Profil recherché :
 
- Diplômé d'un Bac +5 dans les domaines de l'Ingénierie ou de l'informatique
- 3 ans d'expérience dans l'un des domaines suivants : aéronautique, naval, ferroviaire ou défense
- Compétence en code
- Connaissance de Python
- Anglais courant
 
Soft skills recherchées :
 
- Communication fluide et adaptable à différents types d'interlocuteurs
- Raisonnement logique et pragmatique
- Curieux(se) et intéressé(e) par les nouvelles technologies
 
Vous vous reconnaissez dans le profil recherché ? Candidatez sans attendre !
 
Informations supplémentaires  
 
Notre mission chez ATEXIS ?
 
Optimiser la durée de vie en service de systèmes complexes, afin de créer une forte valeur ajoutée pour nos clients et répondre aux enjeux d'évolution des différents secteurs d'activités dans le monde.  
  
Si vous rejoignez l'équipe ATEXIS, vous aurez l'opportunité d'innover et de créer des technologies plus sûres et plus durables pour un avenir meilleur.  
ATEXIS recherche des talents qui aiment apprendre et partager de nouvelles connaissances, motivés par l'excellence, passionnés, et qui favorisent un environnement de travail positif.  
  
Qu'offrons-nous ?
 
- Titres Restaurants
- Participation aux frais de transport en commun
- Flexibilité d'horaires
- 25 jours de congés Payés
- 12 jours de RTT
- Bénéfices du CSE
- WellPass : accès illimités aux salles de sport & séances bien-être à tarif préférentiel
 
Chez ATEXIS, nous croyons que chaque personne a son importance au sein de l'organisation. Grâce au large éventail d'opportunités de projets et de possibilités d'évolution interne, vous serez en mesure de développer pleinement votre carrière.
 
Nous sommes une organisation internationale ou l'esprit d'équipe, la diversité et les relations sont les moteurs de notre travail au quotidien. Rejoignez ATEXIS et devenez un(e) professionnel(le) épanoui(e) !","
CDI

Contrat travail
",unspecified,unspecified,unspecified,Atexis,Expérience exigée,CDI,False
3793636,https://candidat.pole-emploi.fr/offres/recherche/detail/3793636,2026-06-16,Offre d'emploi Ingénieur IA H/F - 69 - Lyon 1er Arrondissement - 3793636 | France Travail,69 - Lyon 1er Arrondissement,"POSTE : Ingénieur IA H/F
DESCRIPTION : 
Le contexte
 
Nous renforçons notre practice IA pour répondre à une demande croissante de nos clients sur des sujets GenAI, ML et industrialisation de modèles. Tu rejoins une équipe de consultants data & IA engagés, avec de vraies opportunités de monter en compétences et de peser sur les choix techniques.
 
Tes missions
 
- Concevoir des solutions IA : agents, RAG, finetuning LLM
- Industrialiser les modèles (MLOps, CI/CD, déploiement cloud)
- Contribuer à des projets Data Science (modélisation, feature engineering)
- Participer à l'avantvente et aux choix techniques
 
Ce qu'on t'offre
 
- Un collectif data & IA avec de vrais débats techniques
- De la variété : des missions sectorielles différentes, pas un seul client pendant 3 ans
- Un cadre ESN avec les avantages qui vont avec (RTT, télétravail, formation, intéressement)
- De la visibilité sur ta trajectoire - on parle carrière, pas que de ta prochaine mission
 
PROFIL : 
- Issu(e) d'une formation supérieure de type école d'ingénieur ou de commerce, vous justifiez d'une expérience de 3-6 ans en IA / ML (projets en production)
- Maîtrise LLM & GenAI (LangChain, LlamaIndex, OpenAI, Mistral)
- Expérience MLOps (MLflow, Docker, CI/CD, cloud)
- Solides bases en Data Science (Python, pandas, scikitlearn)
- Capacité à vulgariser et travailler avec le métier","
CDI

Contrat travail
",unspecified,unspecified,unspecified,Asi,Expérience exigée,CDI,False
3816824,https://candidat.pole-emploi.fr/offres/recherche/detail/3816824,2026-06-16,Offre d'emploi Gestionnaire Référentiel Articles H/F - 69 - Écully - 3816824 | France Travail,69 - Écully,"POSTE : Gestionnaire Référentiel Articles H/F
DESCRIPTION : Nous recherchons pour le compte de notre client basé à Ecully, un(e) Gestionnaire Référentiel Articles.
 
Votre rôle consiste à mettre à la disposition des opérationnels (Logistique, ADV, Marketing ) les
données articles dans les systèmes opérationnels (P93, BESTSTORE) afin de permettre la
planification et la commercialisation des produits.
 
Dans ce cadre, votre mission s'articule autour de 3 axes majeurs :
 
¿ Mettre à disposition des données de base article de qualité :
- Créer et assurer la maintenance des données dans les systèmes opérationnels via PI2
- S'assurer de la qualité de ces données par des contrôles de cohérence réguliers
 
¿ Mettre à disposition les prix de revient en cours d'année comme au budget :
- Intégration et contrôle des prix de revient standard des activités de négoce, dans SAP P93
- Suivi des interfaces de prix GPS - PI2 - SAP (TP, PRSNC, PRSC) pour toutes les sociétés
 
¿ Simuler les clôtures afin d'éviter les blocages et permettre le respect des délais imposés
par le Groupe
- Être capable d'analyser les anomalies et les faire corriger
 
¿ Accompagner les opérationnels
- Rappeler les règles Groupe (Référentiel Article), partager des bonnes pratiques, prendre en
compte la mise en place des nouveaux flux.
PROFIL : Vous devez être titulaire d'un Bac +2 et avoir au moins 2 années d'expérience.
Vous êtes rigoureux.se, fiable, et êtes force de proposition.
A la croisée de différents services, vos qualités relationnelles et votre aptitude au travail en équipe
vous permettront de réussir cette mission.
Vous maîtrisez le Pack Office et les modules FI/CO et BW de SAP.
Vous avez un bon niveau d'anglais.
 
Si ce poste vous intéresse, envoyer nous votre candidature !","
Intérim - 6 Mois

Contrat travail
",unspecified,2450.0,2850.0,Randstad,Expérience exigée,Intérim - 6 Mois,False
3812552,https://candidat.pole-emploi.fr/offres/recherche/detail/3812552,2026-06-16,Offre d'emploi Gestionnaire Référentiel Articles H/F - 69 - Écully - 3812552 | France Travail,69 - Écully,"POSTE : Gestionnaire Référentiel Articles H/F
DESCRIPTION : Au sein d'un service transversal en lien avec la Logistique, l'ADV, le Marketing et les différents services opérationnels, vous assurez la fiabilité et la disponibilité des données articles dans les systèmes de gestion du Groupe.
 
À ce titre, vous serez en charge de :
 
Gestion et qualité des données articles
 
Créer et assurer la maintenance des données articles dans les systèmes opérationnels ;
Garantir la qualité et la cohérence des données par des contrôles réguliers ;
Veiller à la disponibilité des informations nécessaires à la planification et à la commercialisation des produits.
 
Gestion des prix de revient
 
Intégrer et contrôler les prix de revient standards des activités de négoce dans SAP ;
Assurer le suivi des interfaces entre les différents systèmes ;
Contrôler la cohérence des données financières associées aux articles.
 
Support et amélioration continue
 
Participer aux simulations de clôture afin d'anticiper les blocages ;
Analyser les anomalies et coordonner leur correction ;
Accompagner les utilisateurs dans l'application des règles Groupe ;
Partager les bonnes pratiques et contribuer à la mise en place de nouveaux flux.
 
Conditions du poste :
Lieu : Écully (69)
Contrat : Intérim
Durée : 3 mois minimum
Prise de poste : Dès que possible
Statut : Non-cadre
Temps de travail : 38h30/semaine
Rémunération : Entre 2 450 EUR et 2 850 EUR brut mensuel selon profil
Avantages :
Rémunération sur 13 mois
Prime vacances : 810 EUR / an
CET
PROFIL : Formation Bac +2 à Bac +3 en gestion, logistique, comptabilité, contrôle de gestion ou équivalent ;
Expérience sur un poste administratif, référentiel, supply chain, comptabilité ou contrôle appréciée ;
Maîtrise du Pack Office ;
Maîtrise de SAP, notamment des modules FI/CO et BW ;
Bon niveau d'anglais requis pour la mission rattachée à la Supply Chain.
 
Savoir-être :
 
Rigueur ;
Fiabilité ;
Sens de l'analyse ;
Force de proposition ;
Excellent relationnel ;
Capacité à travailler avec différents services ;
Esprit d'équipe.","
Intérim - 3 Mois

Contrat travail
",unspecified,2500.0,2900.0,Crit,Expérience exigée,Intérim - 3 Mois,False
3766221,https://candidat.pole-emploi.fr/offres/recherche/detail/3766221,2026-06-15,"Offre d'emploi Data scientist F/H - Système, réseaux, données (H/F) - 75 - Paris 9e Arrondissement - 3766221 | France Travail",75 - Paris 9e Arrondissement,"Descriptif du poste:

Rejoignez la Direction des Dirigeants, des Cadres Supérieurs et de l'Accompagnement de COVEA, en intégrant une équipe de 4 collaborateurs au sein de la Direction des rémunérations et avantages sociaux. 

Au sein d'une équipe à taille humaine, vous contribuerez à faire évoluer nos pratiques en passant d'une approche descriptive d'analyse RH à des modèles prédictifs et dynamiques. Vous participerez à des projets clés tels que la mise en conformité avec la directive sur la transparence salariale et apporterez une aide à la décision sur les politiques de rémunération et d'avantages sociaux RH.

Vous serez amené(e) à apporter votre expertise également sur les sujets de Développement des Dirigeants et Cadres Supérieurs.

Et concrètement ?

 
* Être force de proposition pour exploiter et croiser des données internes et externes pour enrichir nos analyses.
 
* Développer de nouvelles méthodes d'analyse statistiques adaptées aux enjeux RH.
 
* Proposer et concevoir des modèles prédictifs pour anticiper les tendances.
 
* Mettre en place des outils d'analyse dynamiques pour éclairer les décisions stratégiques.
 
* Vulgariser vos travaux pour les rendre accessibles aux équipes opérationnelles.


Covéa s'attache à offrir des parcours professionnels diversifiés. Vous pourrez ainsi avoir l'opportunité d'évoluer, par exemple, vers des métiers de la data ou de stratégie RH.

Encore une hésitation sur les atouts de ce poste ?

 
* Participation à des projets innovants en lien avec la transformation RH.
 
* Des opportunités d'évolution vers d'autres métiers.
 
* Un environnement où la coopération et l'esprit d'équipe sont des valeurs clés.
 
* Utilisation de technologies et méthodes avancées pour l'analyse prédictive.
 
* Aide à la décision sur les sujets RH.
 
* Un équilibre entre expertise technique et compréhension humaine des enjeux.


Profil recherché:

 
* Profil Data Scientist , BAC +5
 
* Expérience de minimum 4 ans , idéalement sur le travail de données RH
 
* Maîtrise de Python, R  ou équivalent
 
* Appétence pour les enjeux RH et sciences sociales
 
* Force de proposition
 
* Capacité à vulgariser, pédagogie, travail en équipe.","
CDI

Contrat travail
",unspecified,unspecified,unspecified,Covea,4 An(s),CDI,False
3765998,https://candidat.pole-emploi.fr/offres/recherche/detail/3765998,2026-06-17,Offre d'emploi Senior Data scientist F/H - Développement des RH (H/F) - 59 - Lille - 3765998 | France Travail,59 - Lille,"Descriptif du poste:

* 
 Collaborer avec les PM, Machine Learning Engineer et Data Scientist pour identifier les opportunités d'impact business et planifier la stratégie ML.
* 
���� Développer des modèles statistiques avancés, d'apprentissage automatique et des systèmes agentiques innovants de bout en bout.
* 
  Assurer la qualité et la performance des modèles en définissant des métriques d'évaluation et de monitoring pertinentes.
* 
  Travailler avec les Machine Learning Engineers pour faciliter la transition vers des solutions ML industrialisées et scalables.
* 
  Communiquer les analyses et proposer des recommandations aux parties prenantes au moyen de visualisations et présentations claires.

Profil recherché:

Qualifications
 
* 
Au moins 4 ans d'expérience en science des données (apprentissage automatique, analyse statistique).
* 
Maîtrise de Python, SQL, PySpark, et de la modélisation ML (Scikit-Learn, Tensorflow, PyTorch).
* 
Compétences expertes : Databricks, MLflow. Confirmées : GCP, AWS, Streamlit, Docker, Kubernetes.
* 
Anglais maîtrisé (contexte international) et français conversationnel requis.
 
 
Informations complémentaires
 
Comment se déroule le processus de recrutement chez Devoteam ?
Il comporte 2 à 3 entretiens :
- Talent Acquisition Interview : l'objectif est de faire le point sur vos compétences, votre niveau d'anglais et de valider vos éléments de motivation
- Tech & Business Interview : cet entretien vise à approfondir vos compétences techniques et à vérifier leur adéquation avec nos besoins lors d'un échange avec un expert métier
- Leadership Interview : il permet d'évaluer votre potentiel, vos ambitions et d'envisager votre évolution au sein de Devoteam. Nous privilégions au moins un entretien en présentiel. Une prise de référence est demandée et, selon votre profil, des tests (techniques, anglais, personnalité.) peuvent vous être adressés.
Pourquoi nous rejoindre : Nous sommes une AI-Driven Company, partenaire des plus grandes plateformes technologiques (Google, AWS, Microsoft, ServiceNow,.) et composée d'un important collectif d'experts (50 tribus d'expertise). Avec 75% de nos collaborateurs certifiés dont 100 % sur la GenAI, Devoteam s'impose comme une Learning Company, où l'apprentissage continu est au cœur de notre ADN.","
CDI

Contrat travail
",unspecified,unspecified,unspecified,Devoteam,4 An(s),CDI,False
3764839,https://candidat.pole-emploi.fr/offres/recherche/detail/3764839,2026-06-15,"Offre d'emploi Data Scientist IA F/H - Système, réseaux, données (H/F) - 69 - Lyon 3e Arrondissement - 3764839 | France Travail",69 - Lyon 3e Arrondissement,"Descriptif du poste:

 Adsearch, cabinet de conseil en recrutement, vous propose un poste de Data Scientist IA chez un client final sur Lyon 6.
 
 Poste :
 Vous rejoignez une entreprise française reconnue dans le monde du service.
 Avec plus de 1000 collaborateurs répartis dans 5 pays cette société comprend une DSI d'environ 70 personnes.
 
 En tant que Data Scientist IA vos missions principales seront :     
* Entraîner, évaluer et optimiser des modèles de machine learning adaptés aux besoins métier    
* Concevoir et déployer des chatbots basés sur des LLM (architectures RAG, intégration de bases vectorielles, optimisation des prompts)    
* Industrialiser les solutions IA, de la preuve de concept à la mise en production    
* Développer et maintenir des APIs performantes pour exposer les modèles    
* Mettre en place et maintenir les tests assurant la qualité et la fiabilité du code    
* Contribuer à l'amélioration continue des pratiques MLOps

Profil recherché:
Vous avez validé une formation Bac+5 spécialisée en data science, informatique, mathématiques appliquées ou équivalent.
 
 Vous avez minimum 3 ans d'expérience sur un poste similaire.
 
 Vous avez une bonne maîtrise de Python et de son écosystème data science : scikit-learn, Pandas, NumPy ;
 Ainsi qu'une bonne pratique du SQL pour la manipulation et l'extraction de données.
 
 Vous avez :
 
 Une bonne compréhension du besoin métier : capacité à dialoguer avec les parties prenantes, à traduire une problématique business en solution data/IA et à vulgariser des concepts techniques.
 De l'autonomie : capacité à prendre en charge un sujet de bout en bout, à prioriser ses tâches, à aller chercher l'information pertinente et à proposer des solutions sans attendre d'être guidé(e) pas à pas.
 Une curiosité et veille technologique : intérêt marqué pour les évolutions de l'écosystème IA/ML (nouveaux modèles, frameworks, bonnes pratiques), capacité à expérimenter et à partager ses découvertes avec l'équipe.
 
 Vous possédez une bonne partie des compétences suivantes :
 

Machine Learning et IA générative Expérience confirmée dans l'entraînement, l'évaluation et l'optimisation de modèles de machine learning. Bonne maîtrise des LLM et de leur mise en œuvre dans des cas d'usage concrets, notamment :     
* Conception d'architectures RAG (Retrieval-Augmented Generation)    
* Utilisation de bases de données vectorielles    
* Prompt engineering et optimisation des interactions avec les LLM
  
Industrialisation et MLOps    
* Conception et développement d'APIs avec FastAPI    
* Conteneurisation avec Docker    
* Mise en place de pipelines CI/CD    
* Déploiement et exploitation de solutions sur Microsoft Azure    
* Implémentation de tests (unitaires, d'intégration) pour garantir la robustesse des solutions    
* Gestion de versions avec Git et pratiques collaboratives associées (branches, pull requests, code review)Poste en CDI sur Lyon 6ème (proximité bus et métros).
 Rémunération : 35-40K€.
 Télétravail 1 jour par semaine.
 Avantages : intéressement, tickets restaurant, mutuelle, billetterie CSE.
 
 Vous souhaitez mettre à profit vos compétences IA, ML et Data Scientist au sein de projets innovants ? Parlez-nous de vous !","
CDI

Contrat travail
",unspecified,unspecified,unspecified,Adsearch,5 An(s),CDI,False
3762746,https://candidat.pole-emploi.fr/offres/recherche/detail/3762746,2026-06-15,"Offre d'emploi Data Scientist Marketing F/H - Système, réseaux, données (H/F) - 75 - Paris 13e Arrondissement - 3762746 | France Travail",75 - Paris 13e Arrondissement,"Descriptif du poste:

MISSIONS : Enrichir la connaissance clients via exploitation data : études Ad Hoc, segmentations et modélisations sur tous marchés (PART, PRO, ENT) pour marques BP et CE.
- Identifier besoins directions marchés en analyse marketing fonds de commerce - Réaliser études marketing ciblées Vision 2030 : évolution fonds de commerce, synergies marchés, satisfaction client, interactions digitales/physiques - Analyser données internes et restituer résultats pour aide décision dirigeants - Construire indicateurs/segmentations ambitions 2030 (efficacité CRM, simplification travail conseillers, outils proposition commerciale personnalisée) - Coordonner acteurs internes/externes pour déploiement (filiales, Etablissements, Direction juridique, IT, prestataires) - Apporter expertise métier aux experts Caisses d'Epargne/Banques Populaires - Contribuer veille concurrentielle marketing/technique (nouveaux langages, méthodes modélisation, IA) - Participation vie équipe (sharepoint, Newsletter, présentations)

Profil recherché:

COMPÉTENCES REQUISES : - Maîtrise Bases de données complexes, SI Banques Populaires/Caisses d'Epargne - Machine Learning et outils statistiques (DATAIKU), Business Intelligence (Power BI) - Architecture distribuée (cloud) - Programmation orientée objet (Python) - Connaissance banque-assurance tous marchés PART, PRO, ENT - Gestion projet, animation réunions/groupes travail - Sensibilité métier, pédagogie, vulgarisation - Communication analyses, curiosité technologies/digital - Autonomie, adaptabilité, travail équipe
PROFIL RECHERCHÉ : - Minimum 1 an banque de détail avec analyses langage, Machine Learning, présentations fonctions marketing - Connaissance marché clients Professionnels - Maîtrise SI BP/CE - Formation supérieure statistiques - Mastère spécialisé Data Sciences","
CDI

Contrat travail
",unspecified,unspecified,unspecified,Bpce,1 An(s),CDI,False
3762730,https://candidat.pole-emploi.fr/offres/recherche/detail/3762730,2026-06-17,"Offre d'emploi Data Scientist F/H - Système, réseaux, données (H/F) - 49 - Angers - 3762730 | France Travail",49 - Angers,"Descriptif du poste:

Rattaché au responsable du service Accélérateur Data & IA, vous concevez, développer et déployer des solutions d'intelligence artificielle, pour répondre aux enjeux métiers (automatisation, analyse et génération de contenu, assistants intelligents). Vous exploitez et structurez les données du SI afin d'en extraire des connaissances utiles à la décision et vous concevez des modèles prédictifs ou explicatifs. Vous structurez et analyser les données utilisées.
A ce titre, vos missions principales sont les suivantes :
Concevoir, développer et industrialiser des solutions Data & IA :
* 
Concevoir, entraîner et déployer des modèles de Machine Learning et de Deep Learning répondant aux besoins métiers.
* 
Intégrer les solutions d'intelligence artificielle dans les applications et systèmes existants.
* 
Assurer l'optimisation, la maintenance et l'amélioration continue des modèles déployés.


Collecter, préparer et structurer les données

Analyser les données et développer des modèles :
* 
Réaliser des analyses exploratoires afin d'identifier tendances, corrélations et anomalies.
* 
Concevoir des modèles prédictifs ou explicatifs adaptés aux enjeux métiers.
* 
Évaluer et améliorer les performances des modèles à l'aide de méthodes de validation et de suivi adaptées.


Valoriser les résultats et accompagner la prise de décision :
* 
Interpréter les résultats des analyses et restituer les conclusions de manière claire et pédagogique.
* 
Collaborer avec les équipes métiers afin de qualifier les besoins, prioriser les cas d'usage et garantir l'adéquation des solutions développées aux objectifs de l'entreprise.


Déployer et superviser les solutions en production :
* 
Participer à l'industrialisation et à la mise en production des modèles en collaboration avec les équipes Data, IT et métiers.
* 
Assurer le suivi des performances des modèles en production et mettre en oeuvre les actions correctives nécessaires.
* 
Documenter les développements et les processus afin de garantir leur pérennité et leur maintenance.


Contribuer à l'innovation Data & IA :
* 
Réaliser une veille technologique sur les méthodes, outils et usages liés à la Data Science, à l'Intelligence Artificielle et au NLP.
* 
Proposer des innovations (nouvelles méthodes, outils, sources de données) pour améliorer l'impact des analyses sur les décisions métiers


Animer et accompagner les projets Data & IA

Profil recherché:

 Et vous ? 
Issu d'une formation Bac+5 minimum en Data Science, Intelligence Artificielle, Informatique ou équivalent, vous disposez d'une expérience en analyse de données et développement de solutions Data & IA. Vous maîtrisez Python (Pandas, NumPy?), les techniques de Machine Learning et les statistiques, ainsi que les méthodes d'extraction, de préparation et de valorisation des données.
Vous êtes familiarisé avec le déploiement et l'industrialisation des modèles, avec les approches d'IA générative (prompting, RAG) et les notions d'agentique. La maîtrise d'un outil de DataViz est un plus.
Doté d'un bon esprit d'analyse et bon communicant, vous savez résoudre des problématiques complexes et vous adapter à différents environnements et interlocuteurs. Curieux et force de proposition, vous assurez une veille active sur les évolutions du domaine et contribuez à l'amélioration continue des pratiques Data & IA.
Rejoindre VYV3, c'est faire partie d'une entreprise bienveillante, dynamique et engagée.
Ce que vous trouverez chez VYV 3 :
* 
2 jours possibles de télétravail par semaine + 12 jours volants sur l'année
* 
une prise en charge sur le matériel pour le télétravail
* 
un forfait mobilité durable
* 
des tickets restaurant
* 
la possibilité d'effectuer une journée de bénévolat par an
* 
un accompagnement tout au long de votre vie professionnelle au sein du groupe
* 
des avantages CSE","
CDI

Contrat travail
",unspecified,unspecified,unspecified,Vyv 3,Débutant accepté,CDI,True
3762247,https://candidat.pole-emploi.fr/offres/recherche/detail/3762247,2026-06-15,"Offre d'emploi Data Scientist GenAI F/H - Système, réseaux, données (H/F) - 75 - Paris 4e Arrondissement - 3762247 | France Travail",75 - Paris 4e Arrondissement,"Descriptif du poste:

* Data Scientist GenAI
* CDI
* Grand groupe - Client final - Secteur Santé
Rejoignez une équipe GenAI en forte croissance dédiée à la transformation des activités R&D au sein d'un grand groupe international. Vous contribuerez au développement de produits IA générative à fort impact métier autour de la création, l'analyse et l'optimisation de documents complexes dans un environnement réglementé.
Vos missions 
* Concevoir et industrialiser des solutions basées sur les LLM et les architectures RAG.
* Développer des produits GenAI utilisés en production par des équipes métier internationales.
* Collaborer étroitement avec les Data Engineers, Product Owners et Tech Leads au sein d'une feature team agile.
* Mettre en place des mécanismes d'évaluation, de monitoring et d'amélioration continue des modèles.
* Accompagner et coordonner des ressources externes sur les sujets data science et IA générative.
 

Profil recherché:

Profil recherché
* Bac+5 en école d'ingénieur ou université.
* minimum 4 ans d'expérience en Data Science / Machine Learning.
* Expérience concrète de projets GenAI déployés en production.
* Maîtrise des LLM, architectures RAG et bonnes pratiques MLOps.
* Solides compétences Python et environnement Cloud (GCP idéalement).
* Anglais professionnel indispensable.
Ce qui fera la différence 
* Capacité à résoudre les problématiques réelles de production : adoption utilisateur, qualité des réponses, performance et amélioration continue.
* Leadership fonctionnel, esprit d'initiative et capacité à influencer sans management hiérarchique direct.
* Expérience dans un environnement complexe impliquant de multiples parties prenantes.
Pourquoi rejoindre l'aventure ? 
* Des sujets GenAI stratégiques à forte visibilité métier.
* Un rôle à fort niveau de responsabilité avec des perspectives d'évolution
* Une équipe experte, ambitieuse et en pleine expansion.
* Un impact sur sujet de la santé
* Package attractif (+40 jours de congés/rtt, intéressement/participation/bonus ..)
#LI-KD1","
CDI

Contrat travail
",unspecified,unspecified,unspecified,Kaino,4 An(s),CDI,False
3761350,https://candidat.pole-emploi.fr/offres/recherche/detail/3761350,2026-06-15,"Offre d'emploi Data Scientist F/H - Système, réseaux, données (H/F) - 75 - Paris 1er Arrondissement - 3761350 | France Travail",75 - Paris 1er Arrondissement,"Descriptif du poste:
Appliquer des modèles probabilistes de type modèles génératifs ou modèles d'apprentissage à l'échelle et dans le domaine de la R&D et du manufacturing demeure un enjeu, notamment à cause du manque de fondations solides sur la gestion de la donnée. Nous adressons ce défi, en partie, à l'aide de graph de connaissance que nous concevons, développons, déployons et maintenons. Vous souhaitez mettre en application vos compétences au sein de projets d'envergure pour le compte de grands groupes industriels ? Rejoignez notre équipe de spécialistes 'Hybrid Intelligence' au sein de Capgemini Engineering. En tant que Graph Data Scientist au sein d'une équipe pluridisciplinaire - qui hybride data, technologie et ingénierie - vous :  
* Proposez et appliquez des solutions bout en bout à des problèmes variés d'ingénieries et de manufacturing. 
* Participez à la définition des approches scientifiques/techniques liées aux enjeux des projets. 
* Assistez à la réponse à des appels d'offres techniques en rapport avec les graphs de connaissances et les ontologies. 
* Encadrez des projets techniques et être garant de leur livraison - cela implique de comprendre les cas d'usages métiers, de les retranscrire en spécification, de définir les conditions de succès, de respecter les contraintes technologiques et budgétaires, de monitorer la valeur métier générée, et d'échanger avec diverses disciplines dont des architectes logiciels et cloud, des développeurs backend, des ingénieurs métiers, des ingénieurs de la donnée, etc. 
* Participez à des réunions avec des partenaires industriels et académiques.             Qualité de vie au travail : accord de télétravail en France et à l'international, accord sur l'égalité professionnelle, la parentalité, l'équilibre des temps et la mobilité durable. Apprentissage en continu : certifications et formations en libre accès, accompagnement sur mesure avec votre career manager, parcours d'intégration sur 9 mois. Avantages groupe & CSE : plan actionnariat, activités à tarifs préférentiels, remboursement partiel vacances, remboursement de votre abonnement sportif ou culturel

Profil recherché:
Diplômé(e) d'une école d'ingénieur, d'une école informatique ou d'une école mathématique avec une spécialisation data science ou docteur dans un domaine pertinent (par exemple, Informatique, Statistiques, Mathématiques appliquées, Sciences physiques, Ingénierie), vous justifiez d'une expérience professionnelle d'au moins minimum 5 ans sur des aspects de Data Science, Graph, IA.Vous possédez les compétences dans les disciplines suivantes : 
-    Technologies du Web sémantique et éditeurs associés (RDF/OWL, SPARQL, SHACL, etc.)
-    Graphe de connaissances - graph embeddings, graph Ops, graph RAG, graph neural network, utilisation de standards industriels
-    NLP (huggingface, BERT, NER) 
-    Développement Java ou C# est un plus
-    Neo4j, GraphQL, AWS Neptune, AuraDB, MongoDB
-    L'anglais et le français","
CDI

Contrat travail
",unspecified,unspecified,unspecified,Capgemini engineering france,5 An(s),CDI,False
3761020,https://candidat.pole-emploi.fr/offres/recherche/detail/3761020,2026-06-15,Offre d'emploi Data Scientist F/H - 49 - Angers - 3761020 | France Travail,49 - Angers,"RESPONSABILITÉS : Rattaché au responsable du service Accélérateur Data & IA, vous concevez, développer et déployer des solutions d'intelligence artificielle, pour répondre aux enjeux métiers (automatisation, analyse et génération de contenu, assistants intelligents). Vous exploitez et structurez les données du SI afin d'en extraire des connaissances utiles à la décision et vous concevez des modèles prédictifs ou explicatifs. Vous structurez et analyser les données utilisées. A ce titre, vos missions principales sont les suivantes : Concevoir, développer et industrialiser des solutions Data & IA : • Concevoir, entraîner et déployer des modèles de Machine Learning et de Deep Learning répondant aux besoins métiers. • Intégrer les solutions d'intelligence artificielle dans les applications et systèmes existants. • Assurer l'optimisation, la maintenance et l'amélioration continue des modèles déployés. Collecter, préparer et structurer les données Analyser les données et développer des modèles : • Réaliser des analyses exploratoires afin d'identifier tendances, corrélations et anomalies. • Concevoir des modèles prédictifs ou explicatifs adaptés aux enjeux métiers. • Évaluer et améliorer les performances des modèles à l'aide de méthodes de validation et de suivi adaptées. Valoriser les résultats et accompagner la prise de décision : • Interpréter les résultats des analyses et restituer les conclusions de manière claire et pédagogique. • Collaborer avec les équipes métiers afin de qualifier les besoins, prioriser les cas d'usage et garantir l'adéquation des solutions développées aux objectifs de l'entreprise. Déployer et superviser les solutions en production : • Participer à l'industrialisation et à la mise en production des modèles en collaboration avec les équipes Data, IT et métiers. • Assurer le suivi des performances des modèles en production et mettre en œuvre les actions correctives nécessaires. • Documenter les développements et les processus afin de garantir leur pérennité et leur maintenance. Contribuer à l'innovation Data & IA : • Réaliser une veille technologique sur les méthodes, outils et usages liés à la Data Science, à l'Intelligence Artificielle et au NLP. • Proposer des innovations (nouvelles méthodes, outils, sources de données) pour améliorer l'impact des analyses sur les décisions métiers Animer et accompagner les projets Data & IA PROFIL RECHERCHÉ : Et vous ? Issu d'une formation Bac+5 minimum en Data Science, Intelligence Artificielle, Informatique ou équivalent, vous disposez d'une expérience en analyse de données et développement de solutions Data & IA. Vous maîtrisez Python (Pandas, NumPy...), les techniques de Machine Learning et les statistiques, ainsi que les méthodes d'extraction, de préparation et de valorisation des données. Vous êtes familiarisé avec le déploiement et l'industrialisation des modèles, avec les approches d'IA générative (prompting, RAG) et les notions d'agentique. La maîtrise d'un outil de DataViz est un plus. Doté d'un bon esprit d'analyse et bon communicant, vous savez résoudre des problématiques complexes et vous adapter à différents environnements et interlocuteurs. Curieux et force de proposition, vous assurez une veille active sur les évolutions du domaine et contribuez à l'amélioration continue des pratiques Data & IA. Rejoindre VYV3, c'est faire partie d'une entreprise bienveillante, dynamique et engagée. Ce que vous trouverez chez VYV 3 : • 2 jours possibles de télétravail par semaine + 12 jours volants sur l'année • une prise en charge sur le matériel pour le télétravail • un forfait mobilité durable • des tickets restaurant • la possibilité d'effectuer une journée de bénévolat par an • un accompagnement tout au long de votre vie professionnelle au sein du groupe • des avantages CSE","
CDI

Contrat travail
","39H/semaine
Travail en journée",unspecified,unspecified,Vyv 3,Débutant accepté,CDI,True
3759650,https://candidat.pole-emploi.fr/offres/recherche/detail/3759650,2026-06-15,"Offre d'emploi Consultant Senior ou Manager Data Analyst & BI - secteur Financier, H/F - 75 - Paris - 3759650 | France Travail",75 - Paris,"Selon votre parcours, vos expériences et votre expertise, vous serez amené(e) à apporter vos compétences à des équipes engagées sur des missions de conseil de différentes natures : ? Accompagnement des clients dans leur programme d'optimisation des processus avec la Data ? Conception, développement et implémentation d'outils BI (solutions de reporting, d'aide à la décision, de datavisualisation) dans les domaines du customer, du digital, de la conformité…, en s'appuyant sur des technologies low-code (Microsoft Power Platform, Tableau, Dataiku, …) ou «?pro-dev?» (Python, SQL, …) ? Conception et mise en œuvre de solutions de valorisation de la donnée depuis l'idéation jusqu'à l'industrialisation (étude de faisabilité, préparation des données, modélisation…) ? Définition de stratégie BI / automatisation de nos clients (cas d'usage, trajectoires, roadmap…)?et accompagnement à la transformation ? Conception et mise en place de solutions d'analyse statistique ? Étude et choix de solutions et de plateformes big data, analytics… ? Veille sur l'évolution des méthodes, des pratiques, des outils… Vous pourrez continuer de développer des compétences dans les domaines de votre choix grâce à l'approche de formation continue d'EY.","
CDI

Contrat travail
",Travail en journée,unspecified,unspecified,Ey,3 An(s),CDI,False
3780626,https://candidat.pole-emploi.fr/offres/recherche/detail/3780626,2026-06-15,Offre d'emploi Windows Engineer OKTA H/F [ Freelance ] (IT) / Freelance - 92 - Issy-les-Moulineaux - 3780626 | France Travail,92 - Issy-les-Moulineaux,"Assurer la disponibilité, la performance, la sécurité et l?évolution des infrastructures Windows (serveurs et postes de travail), dans une logique de mise en condition opérationnelle (MCO). Environnement technique Systèmes : Windows Server 2016 et versions supérieures Identité : Okta, Active Directory, Azure Entra ID, Postes de travail : Gestion de parc, politiques de sécurité Cloud & hybride : Azure (IaaS / PaaS), synchronisation AD / Entra ID Outils : Supervision Sauvegarde (Veeam) Patch management (Intune?) Outils de ticketing (ServiceNow) Sécurité : GPO, Defender, MFA, Conditional Access Activités principales Exploitation & maintien en condition opérationnelle (MCO) Assurer la disponibilité quotidienne des systèmes et services Surveiller les infrastructures via les outils de monitoring Traiter les incidents et demandes (N2/N3) Garantir le respect des SLA Réaliser les opérations de maintenance préventive et corrective Administration systèmes Administrer les environnements Windows Server (AD, DNS, DHCP, fichiers, impression) Gérer les comptes utilisateurs, groupes et droits d?accès Administrer Azure Entra ID (identités hybrides, synchronisation, accès conditionnel) Maintenir les GPO et stratégies de sécurité Gestion des postes de travail Déployer, configurer et maintenir les postes utilisateurs Gérer les mises à jour via Intune Assurer la conformité sécurité des endpoints Supporter les utilisateurs sur les problématiques techniques Sécurité & conformit é Appliquer les politiques de sécurité (hardening, patching) Gérer les accès et identités (IAM) Participer aux audits et remédiations Suivre les vulnérabilités et correctifs Environnement hybride & Cloud Administrer les ressources Azure (VM, réseau, stockage) Gérer la synchronisation AD / Azure Entra ID Participer aux projets de migration vers le cloud Documentation & am élioration continue Rédiger et maintenir les procédures d?exploitation Documenter les architectures et changements Proposer des optimisations techniques Participer aux projets d?évolution Compétences techniques requises Systèmes & infrastructure Maîtrise de Windows Server 2018+ Active Directory (GPO, réplication, sécurité) Gestion des services réseaux (DNS, DHCP) Cloud & identit é Bonne connaissance Azure Azure Entra ID OKTA Authentification moderne (MFA, SSO) Poste de travail Windows 10 / 11 Gestion de parc (Intune) Déploiement et support utilisateur Automatisation & scripting PowerShell Automatisation des tâches récurrentes Sécurité Bonnes pratiques (patching, durcissement) Gestion des accès et identités Outils Microsoft Defender Profil candidat: Candidate profile - Diplôme en informatique (Bac+5) ou équivalent. - Expérience de 5 ans minimum dans un poste similaire. - Certifications appréciées (PMP, ITIL, CISSP, etc.). - Anglais courant.","
Profession libérale

Emploi non salarié
",unspecified,unspecified,unspecified,Unspecified,Débutant accepté,Profession libérale,True
3780567,https://candidat.pole-emploi.fr/offres/recherche/detail/3780567,2026-06-15,Offre d'emploi Senior Python AWS Engineer (IT) (H/F) - 33 - Bordeaux - 3780567 | France Travail,33 - Bordeaux,"Dans le cadre d'un projet innovant au sein d'un acteur majeur du secteur pharmaceutique, nous recherchons un Senior Python AWS Engineer pour renforcer une équipe de développement Cloud. Vous interviendrez sur des applications stratégiques reposant sur des technologies Python et AWS, dans un environnement international où l'anglais est utilisé au quotidien. Missions Concevoir, développer et maintenir des applications back-end en Python. Participer à l'architecture et au développement de solutions Cloud sur AWS. Développer et maintenir des composants serverless et conteneurisés. Mettre en ?uvre les bonnes pratiques de développement, de tests unitaires et d'intégration continue. Collaborer avec les équipes métiers et techniques dans un contexte international. Contribuer à l'amélioration continue des processus de développement et de déploiement. Profil candidat: Compétences requises Indispensables Excellente maîtrise de Python, avec une solide expérience en développement logiciel et en tests unitaires. Très bonne connaissance des services AWS. Expérience confirmée sur :AWS Lambda AWS ECS AWS Fargate Maîtrise de Git. Bonne maîtrise de Docker. Maîtrise des scripts Shell. Anglais professionnel courant. Atouts appréciés Connaissance d'AWS Bedrock. Expérience avec AWS Bedrock AgentCore. Connaissance du protocole MCP (Model Context Protocol). Expérience dans la conception de prompts pour des applications basées sur les LLM. Utilisation d'outils de développement assistés par IA tels que Cursor, Codex ou équivalents. Expérience dans un environnement pharmaceutique ou réglementé. Profil recherché Ingénieur ou développeur senior disposant de 5 à 10 ans d'expérience. Autonome, rigoureux et force de proposition. À l'aise dans des environnements Cloud modernes. Capable d'échanger efficacement avec des équipes internationales en anglais.","
CDI

Contrat travail
",Travail en journée,unspecified,unspecified,Unspecified,5 An(s),CDI,False
3775062,https://candidat.pole-emploi.fr/offres/recherche/detail/3775062,2026-06-15,Offre d'emploi Agentic AI Engineer Cybersécurité (H/F) - 06 - Villeneuve-Loubet - 3775062 | France Travail,06 - Villeneuve-Loubet,"ENOVA poursuit son développement et renforce ses équipes en intégrant un(e) Agentic AI Engineer Cybersécurité en CDI. Vous rejoindrez notre communauté de consultants et interviendrez en mission longue durée au sein d'un grand compte, dans un environnement stimulant et innovant.
Dans le cadre du développement des capacités d'intelligence artificielle appliquées à la cybersécurité, vous participerez à la conception et à l'industrialisation d'une plateforme Agentic AI destinée à renforcer les opérations d'un centre de sécurité de niveau international.
Vous évoluerez au sein d'un environnement technique avancé combinant IA générative, automatisation de la sécurité, architectures cloud et opérations SOC.
Vos principales missions :
- Concevoir et développer une plateforme Agentic AI sécurisée et scalable intégrant LLM, agents autonomes, outils d'orchestration et protocoles d'intégration.
- Mettre en place des composants réutilisables : registres d'outils, modèles d'agents, frameworks de gouvernance et pipelines d'évaluation.
- Développer des agents IA dédiés aux opérations de cybersécurité : triage d'alertes, investigation, threat hunting, analyse de menaces et automatisation de réponses.
- Implémenter des mécanismes d'autonomie contrôlée avec validation humaine, gestion fine des permissions et environnements d'exécution sécurisés.
- Intégrer les agents aux outils de sécurité existants : SIEM, SOAR, EDR/XDR, solutions de ticketing et plateformes de renseignement sur les menaces.
- Concevoir et déployer des contrôles de sécurité spécifiques aux systèmes d'IA dans des environnements internes et exposés aux utilisateurs.
- Mettre en œuvre des mécanismes de protection contre les attaques ciblant les modèles d'IA : prompt injection, fuite de données, abus d'outils ou compromission de composants.
- Développer des capacités de détection et de surveillance des incidents liés à l'IA.
- Concevoir et maintenir des playbooks de réponse à incident dédiés aux systèmes IA.
- Participer à des exercices de validation, de red team et d'amélioration continue des dispositifs de sécurité.
Compétences techniques
- Solide expérience en développement logiciel backend et systèmes distribués en environnement de production.
- Maîtrise de la conception de solutions basées sur les LLM et les agents autonomes.
- Expérience des mécanismes d'orchestration, de gestion d'état, de mémoire et d'évaluation des agents IA.
- Très bonne connaissance des architectures cloud et conteneurisées.
- Expérience avec Kubernetes, CI/CD et Infrastructure as Code.
- Maîtrise d'au moins un langage parmi Python, TypeScript/Node.js, Go ou Java.
- Connaissance des pratiques d'observabilité : métriques, logs structurés, traces, alerting et monitoring.
Compétences comportementales
- Forte culture cybersécurité et sens des responsabilités.
- Esprit analytique et capacité à résoudre des problématiques complexes.
- Capacité à évoluer dans des environnements exigeants et à forte visibilité.
- Excellentes qualités de communication et de collaboration.
- Autonomie, rigueur et orientation résultats.
Les plus
- Expérience dans la sécurisation de systèmes d'intelligence artificielle en production.
- Connaissance des mécanismes de protection des LLM : guardrails, modération, DLP, sandboxing ou policy engines.
- Pratique du red teaming IA et des tests adversariaux.
- Connaissance des référentiels de détection et de qualification des menaces.
- Sensibilité aux enjeux de conformité, de confidentialité et de gouvernance des données dans les projets IA.
- Anglais courant","
CDI

Contrat travail
",unspecified,45000.0,55000.0,Enova consulting,Expérience exigée,CDI,False
3774234,https://candidat.pole-emploi.fr/offres/recherche/detail/3774234,2026-06-15,Offre d'emploi Machine Learning Engineer Expert Python (H/F) - 33 - Bordeaux - 3774234 | France Travail,33 - Bordeaux,"Dans le cadre du renforcement de ses pratiques Data & IA, notre client recherche un(e) Machine Learning Engineer Expert Python capable d'accompagner les équipes Data Science dans l'industrialisation de leurs développements et la mise en production de solutions de Machine Learning.
Véritable référent technique, vous interviendrez sur l'ensemble du cycle de vie des projets, depuis l'analyse de l'existant jusqu'au déploiement en production, en passant par l'optimisation du code, l'automatisation des processus et l'accompagnement des équipes.
Vos missions
Vous participerez notamment à :
- Accompagner les équipes Data Science dans la résolution de problématiques techniques et le débogage de leurs développements.
- Réaliser un état des lieux des solutions existantes et proposer des recommandations techniques adaptées aux enjeux du client.
- Concevoir et mettre en œuvre les architectures de déploiement et d'industrialisation des modèles de Machine Learning.
- Développer et optimiser des applications et traitements Python.
- Automatiser les tests fonctionnels et garantir la qualité des développements.
- Mettre en place et améliorer les processus d'intégration et de déploiement continus (CI/CD).
- Participer à l'industrialisation des applications et services jusqu'à leur mise en production.
- Former et accompagner les Data Scientists sur les bonnes pratiques de développement logiciel.
- Promouvoir les principes de qualité logicielle tels que le Clean Code, SOLID, le refactoring et les bonnes pratiques d'ingénierie.
Nous recherchons un(e) professionnel(le) expérimenté(e), disposant d'au moins 4 ans d'expérience en développement Python et en environnement Machine Learning.
Vous êtes reconnu(e) pour votre expertise technique, votre capacité à prendre du recul sur un existant complexe et à proposer des solutions pragmatiques et adaptées aux besoins métiers.
Vous possédez notamment :
- Une excellente maîtrise de Python et de son écosystème.
- Une solide expérience dans l'industrialisation et le déploiement de modèles de Machine Learning.
- Une bonne connaissance du cycle de développement logiciel, depuis le build jusqu'à la mise en production.
- Une expérience confirmée des environnements Docker et Kubernetes.
- Une maîtrise des bases de données et du langage SQL.
- Une bonne compréhension des pratiques DevOps, CI/CD et automatisation des tests.
- Une forte sensibilité à la qualité logicielle et aux bonnes pratiques de développement.
- De bonnes capacités de communication et de transmission de connaissances auprès d'équipes techniques.
Compétences requises :
- Python : Expert
- Machine Learning : Avancé
- Cycle de développement logiciel : Confirmé
- Build, intégration et mise en production : Confirmé
- Docker : Avancé
- Kubernetes : Avancé
- SQL : Confirmé
- CI/CD : Confirmé
- Tests automatisés : Confirmé
Atouts complémentaires :
- Expérience en MLOps.
- Connaissance des architectures cloud (AWS, Azure ou GCP).
- Expérience dans l'accompagnement, la formation ou le mentorat d'équipes techniques.
- Maîtrise des outils et méthodologies d'amélioration continue de la qualité logicielle.","
CDI

Contrat travail
",unspecified,unspecified,unspecified,Agh consulting,Expérience exigée,CDI,False
3755262,https://candidat.pole-emploi.fr/offres/recherche/detail/3755262,2026-06-14,Offre d'emploi Efficity - Ingénieur / Ingénieure data scientist (H/F) - 75 - Paris 17e Arrondissement - 3755262 | France Travail,75 - Paris 17e Arrondissement,"Réseau majeur de consultants immobiliers indépendants fondé en 2007, efficity conçoit des outils innovants pour accompagner ses consultants dans la réussite de leur activité. Forts de notre expertise en estimation en ligne, nous investissons continuellement pour maintenir notre position avec pour objectif de devenir le moteur d’estimation le plus précis du marché français. Dans le cadre de notre croissance, nous recrutons un Data Scientist IA Senior. Intégré à l'équipe Data et rattaché au Lead Data Scientist, votre mission sera de porter nos algorithmes d'estimation vers de nouveaux sommets de précision. Vos missions Alimenter et dépiler un backlog relatif aux questions à se poser et aux prochaines étapes à mettre en œuvre pour améliorer le moteur d’estimation actuel. Proposer de nouveaux cas d’usage à nos jeux de données, indépendamment de l’estimation. Définir de nouvelles sources de données exploitables, analyser la donnée, c’est-à-dire évaluer sa pertinence, la nettoyer (gestion de la donnée manquante, des outliers, etc.), pour enfin l’intégrer aux modèles utilisés directement en production. Proposer et implémenter de nouvelles pistes d’un point de vue algorithmique (feature engineering, optimisation des hyperparamètres, choix judicieux de modèles de machine learning (forêts aléatoires avec scikit-learn, deep learning avec pytorch ou tensorflow, etc.). Développer des représentations de ces données exploitables pour le commun des mortels (graphiques et cartographiques) Participer à la mise en place des outils IA facilitant la tâche de nos consultants immobiliers, des équipes du siège ou des acheteurs et vendeurs particuliers Vous justifiez d'une expérience solide (3 ans minimum en CDI, pas d'alternance) en Data Science, Statistiques ou IA. Véritable passionné(e), votre curiosité technique vous pousse à explorer sans cesse de nouvelles approches. Hard skills- Solide compréhension des techniques de machine learning classique (classification, régression, clustering…) Expérience concrète sur au moins un projet data mené de bout en bout : cadrage du besoin, exploration et préparation des données, modélisation, évaluation, industrialisation et suivi en production. Très bonne maîtrise des sujets de GenAI (LLMs, embeddings, RAG) avec réelle expérience pratique. Bonne compréhension du concept et des usages des embeddings Très bonne maîtrise de Python et des bibliothèques associées : scikit-learn, pandas, numpy, matplotlib Expérience avec PyTorch, TensorFlow Développement de pipelines ML avec Apache Airflow, dbt, Docker, MLflow et PostgreSQL Monitoring avec Grafana et CI/CD avec GitHub Actions Expérience de la mise en place d'architecture cloud-native sur GCP ou AWS, avec Terraform, Cloud Composer, Dataflow, Kubeflow, Vertex AI, Cloud Run et BigQuery Soft skills- Esprit analytique : interpréter des données et en extraire des insights utiles. Rigueur : capacité à travailler avec précision et méthode Autonomie : organiser et mener son travail de manière responsable et efficace Les plus- Une expérience en frameworks Python Django, Fastapi voire Flask. AWS SageMaker, lambda, AWS Glue langchain, langraph Connaissances théoriques des modèles Transformers et des LLMs, une expérience des outils de la librairie Hugging Face Transformers est un grand plus Un intérêt pour les problématiques DevOps, d’infrastructure cloud (AWS), et pour Docker. Nous estimons en effet qu’un(e) Data Scientist se doit d’être sensibilisé et aussi autonome que possible sur les problématiques de mise en production de ses travaux. Ce que nous offrons - Un environnement de travail convivial où l’esprit d’équipe s'allie à une réelle exigence intellectuelle RTT et 13ème mois Tickets restau (Swile) 2 jours en télétravail par semaine Un budget de 2 000 € pour choisir le matériel qui vous ressemble","
CDI

Contrat travail
",Travail en journée,unspecified,unspecified,Unspecified,2 An(s),CDI,False
3754743,https://candidat.pole-emploi.fr/offres/recherche/detail/3754743,2026-06-14,Offre d'emploi Data Scientist : Machine Learning et Deep Learning (IT) / Freelance (H/F) - 75 - Paris - 3754743 | France Travail,75 - Paris,"Bonjour, Nous recherchons pour notre client grand compte un Data Scientist spécialisé en Machine Learning et Deep Learning Nous étudions - prioritairement - les candidatures qui nous sont adressées à freelance à insyco. fr avec les informations suivantes : Argumentaire écrit répondant de façon ciblée au besoin ci-dessous CV à jour en français Date de prochaine disponibilité Tarif journalier Merci d'indiquer la référence DSC/5344-5 dans l'objet de votre message Contexte de la prestation La prestation s'inscrit chez un grand compte du secteur des médias et de l'audiovisuel, engagé dans la plateformisation de son offre numérique et le développement de ses usages data et IA. Le besoin porte sur le développement de modèles prédictifs, descriptifs et prescriptifs, et la mise en production d'algorithmes d'IA adaptés aux besoins métier. Activités principales Analyser et exploiter des données structurées et non structurées pour développer des modèles prédictifs, descriptifs et prescriptifs. Créer et optimiser des algorithmes d'IA adaptés aux besoins business (recommandation, classification, segmentation, génération, analyse multimodale). Collaborer avec les équipes techniques et métier pour intégrer des approches innovantes combinant plusieurs techniques d'IA. Transformer les solutions d'IA en services et API puissants, évolutifs et maintenables. Garantir la conformité aux réglementations de protection des données et liées à l'IA (RGPD, Règlement sur l'IA) et intégrer les principes d'équité, d'explicabilité et d'IA éthique tout au long du cycle de vie du modèle. Surveiller les performances du modèle, la dérive et la qualité des données en production, réentraîner et mettre à jour les modèles de manière itérative selon les besoins. Profil candidat: Bon niveau d'anglais Langages et bibliothèques Data Science : Python, R, pandas, NumPy, SciPy. Conception et évaluation de modèles : forte expertise dans la conception et l'évaluation de modèles d'IA avec des métriques appropriées au business. Machine Learning et Deep Learning : scikit-learn, TensorFlow, PyTorch, Hugging Face. IA responsable : détection de biais, interprétabilité des modèles, techniques de préservation de la confidentialité. CI/CD : GitHub Actions, GitLab CI/CD, Azure DevOps. Cloud et plateformes de traitement de données : Azure, Databricks, AWS, GCP. Outils collaboratifs et de gestion : Jira, Confluence, GitHub.","
Profession libérale

Emploi non salarié
",unspecified,unspecified,unspecified,Unspecified,Débutant accepté,Profession libérale,True
3754730,https://candidat.pole-emploi.fr/offres/recherche/detail/3754730,2026-06-14,Offre d'emploi Data Scientist ESG / Data analyste informatique ESG  Paris (IT) (H/F) - 75 - Paris - 3754730 | France Travail,75 - Paris,"Contexte Dans le cadre du développement de solutions Data dédiées à l?analyse ESG, nous recherchons un consultant expérimenté capable de contribuer à la production d?indicateurs, à l?automatisation des traitements et à l?amélioration continue des processus de gestion de données. Le consultant interviendra sur l?ensemble du cycle de vie des données, depuis leur ingestion jusqu?à la production de KPI et scores ESG. MissionsAssurer l?ingestion et le suivi des données externes. Gérer les évolutions de structure et de méthodologie des fournisseurs de données. Produire et maintenir les KPI et scores ESG. Développer des contrôles qualité et des mécanismes de surveillance des traitements. Concevoir des tableaux de bord de suivi de production. Participer à la traduction et à la migration de modèles Matlab vers Python. Réaliser des analyses statistiques et Data Science sur des jeux de données complexes. Documenter les modèles, traitements et procédures. Garantir la qualité, la cohérence et la traçabilité des données. Profil candidat: Très bonne maîtrise de Python, SQL et Matlab. Expérience en Data Science et analyse de données. Connaissances des problématiques ESG ou environnementales. Expérience sur Snowflake ou plateformes similaires. Bonne maîtrise d?Excel et des outils de reporting. Capacité à formaliser et documenter les travaux réalisés. Esprit analytique, autonomie et rigueur.","
CDI

Contrat travail
",Travail en journée,unspecified,unspecified,Unspecified,Débutant accepté,CDI,True
3754442,https://candidat.pole-emploi.fr/offres/recherche/detail/3754442,2026-06-14,Offre d'emploi Data Scientist (IT) / Freelance (H/F) - 75 - Paris - 3754442 | France Travail,75 - Paris,"MissionsConception et développement de services Data et IA pour la connaissance clients et la performance business Pilotage de la performance commerciale Détection d?insights, recommandations, prédictions Détails techniquesMachine Learning : IA générative et agentique : techniques de mises en ?uvre de LLMs, architectures RAG et agentiques, ? Techniques NLP / NLU : embeddings, transformers, BERT, ? Machine learning : régression, classification, clustering, détection d?anomalies, moteur de recommandations, séries temporelles Deep learning (architectures, transfert learning, fine tuning, ?) IA responsable et de confiance, IA explicable, maîtrise des biais Maîtrise de Python pour la data science (sklearn, pytorch, keras, LangChain, LangGraph, ?) Bases vectorielles et d?indexation texte et embeddings : Elasticsearch, Faiss, ? Expérience avec la plateforme Dataiku Outils informatiquesLangage : Python Prototypage : Gradio, Streamlit Outil de versioning : git Cloud : AWS Bedrock Expérience avec une architecture On prem serait un plus Curiosité intellectuelle, autonomie et réactivité Capacité de communication : capacité à analyser et synthétiser, pédagogie Force de proposition : capacité à proposer des solutions innovantes Profil candidat: Maîtrise des techniques de Machine Learning : régression, classification, clustering, détection d?anomalies, moteur de recommandations, séries temporelles Expérience en IA Générative et Agentique : mise en ?uvre de LLMs, architectures RAG et Agentiques Compétences en NLP / NLU : embeddings, Transformers, BERT Connaissance en Deep Learning : architectures, transfert learning, fine tuning Connaissance de l?IA Responsable et de confiance, IA Explicable, maîtrise des biais Maîtrise de Python pour la data science (sklearn, pytorch, keras, LangChain, LangGraph) Expérience avec les bases vectorielles et d?indexation texte et embeddings : Elasticsearch, Faiss Expérience avec la plateforme Dataiku Compétences en outils informatiques : prototypage avec Gradio, Streamlit, versioning avec git, cloud AWS Bedrock Une expérience avec une architecture On prem serait un plus Curiosité intellectuelle, autonomie et réactivité Capacité de communication : analyser, synthétiser, pédagogie Force de proposition : capacité à proposer des solutions innovantes","
CDI

Contrat travail
",Travail en journée,unspecified,unspecified,Unspecified,Débutant accepté,CDI,True
3754177,https://candidat.pole-emploi.fr/offres/recherche/detail/3754177,2026-06-14,Offre d'emploi Data Scientist Python - Sénior (IT) / Freelance (H/F) - 91 - Massy - 3754177 | France Travail,91 - Massy,"Dans un contexte de transformation digitale accrue, la capacité à exploiter les données en temps réel est un levier majeur pour les acteurs du retail souhaitant optimiser leur performance opérationnelle et l'expérience client. La digitalisation des points de vente devient un enjeu stratégique, requérant des solutions innovantes où l'analytique avancée et la Computer Vision jouent un rôle clé. En intégrant une équipe dédiée à la data science dans une grande organisation internationale du secteur de la grande distribution, vous apporterez votre expertise technique pour concevoir et déployer des modèles analytiques en environnement Cloud, au service de la transformation digitale des magasins. Concevoir, développer et industrialiser des modèles de Computer Vision pour analyser en temps réel l'environnement physique des points de vente. Transformer les données visuelles des rayons physiques en informations exploitables pour les équipes métiers. Contribuer au projet stratégique de monitoring temps réel des étagères visant à améliorer la disponibilité et la conformité des stocks. Mettre en ?uvre des algorithmes d'analyse d'image innovants intégrant des techniques de deep learning. Collaborer avec les équipes métiers et data pour aligner les solutions techniques sur les exigences opérationnelles. Assurer la qualité, la fiabilité et la scalabilité des solutions développées dans un environnement GCP avec Vertex AI. Participer à l'optimisation continue des modèles et processus en intégrant les retours terrain. Assurer la veille technologique sur les outils et méthodes liés à la vision par ordinateur et à l'IA. Documenter les livrables techniques et partager les bonnes pratiques au sein de l'équipe. Respecter les contraintes de sécurité et de conformité liées à l'utilisation des données et outils analytiques. Intervenir en mode collaboratif dans une équipe sénior de plus de 12 data scientists. Assurer une communication claire et efficace avec les parties prenantes techniques et métiers. Ce poste vous offre l'opportunité d'évoluer dans un environnement technique à la pointe, au c?ur d'une stratégie d'innovation digitale majeure, avec de fortes perspectives d'évolution. Profil candidat: Vous êtes titulaire d'un Bac+5 en informatique, école d'ingénieur ou université, ou justifiez d'une expérience équivalente solide. Vous disposez d'une expérience d'au moins 7 ans en Data Science, avec une expertise éprouvée en Computer Vision. Une expérience dans le secteur du retail ou de la grande distribution sera un atout significatif. Compétences clés Maîtrise du langage Python. Expertise en Google Cloud Platform (GCP) et workflows Vertex AI. Compétences approfondies en Deep Learning appliqué à la vision par ordinateur. Connaissance des frameworks PyTorch, Tensorflow et bibliothèques OpenCV. Expérience avec les modèles de détection d'objets tels que YOLO, Sam 3, DINOv2 ou équivalents. Maîtrise des bases de données vectorielles pour la recherche d'images à grande échelle. Compréhension des environnements Kubernetes pour le déploiement et l'orchestration. Ce qui fera la différence Capacité à communiquer efficacement en français à l?oral et à l?écrit pour interagir avec les équipes métiers et techniques. Approche analytique fine pour proposer des solutions adaptées et innovantes. Rigueur dans le respect des délais et la qualité des livrables. Esprit d?équipe renforcé par le partage des connaissances et la coopération active. Engagement dans une démarche d?amélioration continue.","
CDI

Contrat travail
",Travail en journée,unspecified,unspecified,Unspecified,Débutant accepté,CDI,True
3754165,https://candidat.pole-emploi.fr/offres/recherche/detail/3754165,2026-06-14,Offre d'emploi Data Scientist Senior  Recherche Opérationnelle & E-commerce (IT) / Freelance (H/F) - Île-de-France - 3754165 | France Travail,Île-de-France,"? Technologies Langages : Python, Java, SQL. Maths & RO : Métaheuristiques, Programmation linéaire, Optimisation combinatoire, Inférence causale. Outils RO : OR-Tools, ou solveurs commerciaux. Cloud & Data : GCP, BigQuery, Docker, Kubernetes, Airfl ow (Cloud Composer). ? Maîtrise impérative de l?environnement GCP. ? Formation : Bac+5 (Master ou École d'Ingénieur) spécialisé en Recherche Opérationnelle, Mathématiques Décisionnelles ou Supply Chain Analytics. ? Expérience : au moins 7 ans en Data Science Profil candidat: ? Technologies Langages : Python, Java, SQL. Maths & RO : Métaheuristiques, Programmation linéaire, Optimisation combinatoire, Inférence causale. Outils RO : OR-Tools, ou solveurs commerciaux. Cloud & Data : GCP, BigQuery, Docker, Kubernetes, Airfl ow (Cloud Composer). ? Maîtrise impérative de l?environnement GCP. ? Formation : Bac+5 (Master ou École d'Ingénieur) spécialisé en Recherche Opérationnelle, Mathématiques Décisionnelles ou Supply Chain Analytics. ? Expérience : au moins 7 ans en Data Science","
CDI

Contrat travail
",Travail en journée,unspecified,unspecified,Unspecified,Débutant accepté,CDI,True
3754144,https://candidat.pole-emploi.fr/offres/recherche/detail/3754144,2026-06-14,Offre d'emploi Data Scientist Confirmé  Implémentation & MCO dOutils de Gestion des Incohérences technique informatiques (IT) / Freelance (H/F) - Île-de-France - 3754144 | France Travail,Île-de-France,"Dans le cadre d?un environnement de production à grande échelle comprenant plusieurs dizaines de milliers de serveurs Windows et Linux, la mission consiste à assurer l?implémentation, l?évolution et le maintien en conditions opérationnelles d?un outil de gestion des incohérences techniques utilisé en production. Le consultant interviendra sur des problématiques liées à la qualité et à la cohérence des données techniques issues des infrastructures IT, en s?appuyant sur des technologies telles que PowerShell, C#, SQL et des outils de reporting comme Power BI ou SSRS. La prestation nécessite une bonne maîtrise des environnements serveurs Windows/Linux, une capacité à travailler avec des outils de Service Management tels que ServiceNow, ainsi qu?une aptitude à évoluer dans un contexte technique exigeant et fortement industrialisé. Profil candidat: Nous recherchons un profil Data Scientist / Consultant Data confirmé disposant d?au moins 3 ans d?expérience dans des environnements techniques complexes et de production. Le candidat doit posséder une solide connaissance des infrastructures Windows et Linux ainsi qu?une bonne maîtrise de SQL, des outils de reporting et de visualisation de données tels que Power BI ou SSRS, et idéalement des technologies PowerShell et C#. Une expérience dans le maintien en conditions opérationnelles d?outils techniques, la gestion de la qualité des données ou l?automatisation de processus IT constitue un véritable atout. Le poste requiert également des capacités d?analyse, de résolution de problèmes, d?autonomie et une aisance dans des environnements fortement industrialisés utilisant des outils de Service Management comme ServiceNow. Un niveau professionnel en anglais est attendu.","
CDI

Contrat travail
",Travail en journée,unspecified,unspecified,Unspecified,3 An(s),CDI,False
3753792,https://candidat.pole-emploi.fr/offres/recherche/detail/3753792,2026-06-14,Offre d'emploi Data Scientist / Machine Learning Engineer  IA & Data Innovation (IT) / Freelance (H/F) - Île-de-France - 3753792 | France Travail,Île-de-France,"Au sein d?une direction dédiée à la couverture clients et à l?investissement, vous rejoignez une équipe en charge de la performance commerciale et de l?optimisation de la relation client. L?objectif est de maximiser la valeur des portefeuilles clients en combinant : analyse stratégique allocation des ressources accompagnement opérationnel des équipes commerciales Dans ce cadre, l?équipe Data & Innovation renforce ses capacités pour mettre la Data et l?Intelligence Artificielle au service du business. Profil candidat: ? Missions principalesVous interviendrez sur l?ensemble du cycle de vie des projets Data & IA : ? Conception & d éveloppementConcevoir des solutions Data et IA orientées métier Développer des modèles d?analyse et de prédiction Mettre en place des prototypes et cas d?usage innovants ? Intelligence Artificielle & Data ScienceDévelopper des solutions d?IA générative (LLMs, RAG, agents) Implémenter des modèles NLP (embeddings, recherche sémantique, NER) Construire des modèles de machine learning : classification, régression clustering détection d?anomalies systèmes de recommandation séries temporelles ? Performance businessAnalyser les données clients et commerciales Identifier des insights à forte valeur ajoutée Proposer des recommandations opérationnelles ? Industrialisation & d éploiementParticiper à la mise en production des solutions Optimiser les performances des modèles Assurer la robustesse et la scalabilité Compétences requises? Data Science & IAMa îtrise des techniques de machine learning Connaissance des architectures de deep learning Expérience en NLP (Transformers, embeddings, etc.) Expérience en IA générative (LLMs, RAG, agents) ? Techniques & outilsLangage : Python Librairies : scikit-learn, PyTorch / Keras Outils IA : LangChain, LangGraph Bases vectorielles : FAISS, Elasticsearch Plateforme Data : Dataiku (apprécié) Cloud : AWS (ex : services IA) Versioning : Git Prototypage : Streamlit, Gradio","
CDI

Contrat travail
",Travail en journée,unspecified,unspecified,Unspecified,Débutant accepté,CDI,True
3753710,https://candidat.pole-emploi.fr/offres/recherche/detail/3753710,2026-06-14,Offre d'emploi Data scientist  Tremblay-en-France (93) (IT) / Freelance (H/F) - 75 - Paris - 3753710 | France Travail,75 - Paris,"Data Scientist Senior ? Recommandation & IA ? Tremblay-en-France (93) Secteur : Privé - transport aérien Durée : 6 mois renouvelbales Démarrage : 15 juin Localisation : Tremblay-en-France (93) Télétravail : Full présentiel TJM : Selon profil Niveau : Senior / Expert LE PROJET : Vous intervenez sur un projet de recommandation client à forte visibilité, au sein d'un acteur majeur du transport aérien international. L'enjeu : faire évoluer les moteurs de recommandation existants vers des approches d'apprentissage par renforcement, dans un environnement cloud GCP. Vous travaillez en interaction directe avec des stakeholders métier et tech, en anglais, et portez une vraie responsabilité sur les choix de modélisation. VOS MISSIONS : Concevoir et implémenter des modèles de recommandation, dont des approches par reinforcement learning Proposer et challenger les solutions data à tester ou déployer Mettre en production les modèles sur environnement GCP Présenter vos travaux de modélisation aux parties prenantes du projet en anglais Contribuer aux décisions stratégiques du projet et les challenger si nécessaire Indispensables : Modélisation Data Science (niveau expert) Reinforcement learning appliqué GCP (niveau confirmé) Expérience recommandation e-commerce / voyage Python MLOps / CI-CD data Anglais courant (présentations incluses) Autres clouds (AWS, Azure) Profil candidat: LE PROFIL RECHERCHÉ : Vous justifiez d'une expérience solide en Data Science appliquée, avec des projets de modélisation complexe en production. Vous avez déjà travaillé sur GCP et êtes à l'aise pour présenter vos travaux en anglais à des interlocuteurs non techniques. Une expérience en systèmes de recommandation est un atout fort. La capacité à challenger les orientations du projet ? pas seulement à les exécuter ? est attendue.","
Profession libérale

Emploi non salarié
",unspecified,unspecified,unspecified,Unspecified,Débutant accepté,Profession libérale,True
3753587,https://candidat.pole-emploi.fr/offres/recherche/detail/3753587,2026-06-14,Offre d'emploi Data Scientist  Remote Sensing & Deep Learning (AgTech) (IT) / Freelance (H/F) - 31 - Toulouse - 3753587 | France Travail,31 - Toulouse,"ContexteDans le cadre d?un projet stratégique pour un client du secteur spatial/agricole, nous recherchons un Data Scientist expérimenté afin de reprendre et poursuivre des travaux en cours autour de la détection d?objets à grande échelle via imagerie satellite. La mission s?inscrit dans un environnement à forte dimension technique, combinant Computer Vision, traitement de données géospatiales et passage à l?échelle. MissionsReprise et amélioration de modèles de Computer Vision appliqués à l?imagerie satellite Implémentation et optimisation de modèles de segmentation d?instance et détection (type Mask R-CNN, U-Net) Traitement et fusion de données multi-sources (optique Sentinel-2 & radar Sentinel-1 / SAR) Industrialisation des pipelines de traitement et passage à l?échelle sur de larges zones géographiques (US, Brésil, Europe) Contribution aux bonnes pratiques MLOps (tracking, reproductibilité, déploiement) Déploiement et optimisation des modèles dans un environnement AWS Profil candidat: Profil recherchéSolide expérience en Data Science / Deep Learning appliqué à la Computer Vision Excellente maîtrise de Python Expérience confirmée sur des frameworks tels que PyTorch (PyTorch Geo est un plus) Bonne connaissance des outils géospatiaux : Google Earth Engine, Rasterio, Xarray, QGIS Expérience sur des problématiques de remote sensing / données satellites fortement appréciée Connaissance des environnements cloud (AWS) et outils MLOps (MLflow, ZenML) Capacité à travailler en autonomie et à reprendre un projet existant rapidement Environnement techniquePython PyTorch / PyTorch Geo Google Earth Engine, Rasterio, Xarray, QGIS Docker AWS (services d?inférence) MLflow / ZenML","
CDI

Contrat travail
",Travail en journée,unspecified,unspecified,Unspecified,Débutant accepté,CDI,True
3752804,https://candidat.pole-emploi.fr/offres/recherche/detail/3752804,2026-06-14,Offre d'emploi Data Scientist BI - Nantes (H/F) (IT) - 44 - Nantes - 3752804 | France Travail,44 - Nantes,"Comprendre les enjeux métier et les traduire en solutions techniques adaptées Définir le périmètre des données nécessaires à chaque projet en lien avec les parties prenantes Estimer et planifier les charges des différents traitements et actions techniques Optimiser les modèles de données des projets portés par l'équipe Développer et optimiser des scripts Python / PySpark robustes et performants Créer et maintenir les tables et vues nécessaires aux projets data Collaborer avec les équipes Ops pour l'industrialisation des pipelines (collecte, traitement, supervision, restitution) Contribuer activement aux projets de migration de plateforme en cours au sein de la Team Data Profil candidat: Python / PySpark SQL / SGBD Power BI / DAX Git Requêtage d'API REST Architecture Data complexe Data Science / Machine Learning Plateforme Azure (Data Factory, Blob Storage, etc.) Environnement Databricks Outil de gouvernance des données DataGalaxy Outils de gestion de projet JIRA / Confluence Anglais écrit et oral courant Développement de projets data ? 5 ans minimum Travail en méthodologie Agile (Scrum/Kanban) ? 3 ans minimum Manipulation de données en environnement industriel ? 3 ans minimum Expérience en Business Intelligence (BI)","
CDI

Contrat travail
",Travail en journée,unspecified,unspecified,Unspecified,Débutant accepté,CDI,True
3752644,https://candidat.pole-emploi.fr/offres/recherche/detail/3752644,2026-06-14,Offre d'emploi Senior Data analyste informatique & Data Scientist Snowflake H/F (IT) - 69 - Lyon - 3752644 | France Travail,69 - Lyon,"Nous recherchons un(e) Senior Data Analyst & Data Scientist spécialisé(e) sur Snowflake capable de trouver des solutions innovantes et robustes à l'ensemble des problématiques Data. Missions : ? Être responsable de la couche analytique des métriques End-to-End : calculer et suivre les KPI incluant le temps de cycle, le lead time, le débit (throughput) et les encours (work-in-progress) à travers les étapes de production, ? Construire des modèles de données granulaires pour un suivi complet des lots, en enrichissant la visibilité avec un niveau de détail par étape et une cartographie des dépendances entre tâches, ? Mettre en place un contrôle statistique des processus appliqué aux métriques de flux : détecter les dérives des KPI par rapport aux limites de variabilité et développer des modèles prédictifs pour optimiser les temps de cycle, ? Concevoir et maintenir des dashboards de suivi des flux ainsi que des visualisations d'analyse des goulets d'étranglement pour les équipes de production et les relecteurs de dossiers de lots, ? Collaborer avec les data engineers pour intégrer les données SAP et les systèmes MES, en garantissant la qualité des données pour le suivi des lots et l'analyse des flux, ? Travailler avec les équipes site pour cartographier finement les tâches de production et valider les dépendances, afin de soutenir la transition vers une séquence de lots optimisée, ? Contribuer à l'intégration future de capacités de process mining et de workflows agentiques pour un ordonnancement intelligent des files de production. Référence de l'offre : 68gfaidg6x Profil candidat: En tant que Senior Data Analyst & Data Scientist Snowflake vous maîtrisez : ? dbt / SQL : requêtes avancées et analyse de grands volumes de données industrielles, jointures complexes entre systèmes de suivi des lots ? Snowflake : interrogation et optimisation d'entrepôts de données à fort volume ? Python : pandas, analyse statistique, calcul des métriques de flux ? Analyse statistique & contr ôle de processus : limites de variabilité, détection de dérive, modélisation prédictive pour l'optimisation des temps de cycle ? Data visualisation & dashboards : suivi des flux, analyse des goulets d'étranglement, visualisation des tendances ? Modélisation de données : cartographie des dépendances, suivi granulaire des tâches, enrichissement des modèles de suivi des lots ? Anglais courant indispensable Compétences appréciées : ? Outils de process mining ? Méthodologies Lean Six Sigma (optimisation des flux, du débit et des encours) ? Connaissance des processus de fabrication pharmaceutique ? Familiarité avec les GenAI et les workflows agentiques ? Expérience en analyse des opérations industrielles Diplômé(e) d'une école d'ingénieur ou d'une université, vous justifiez d' une expérience professionnelle dans un contexte projet Data. Rigoureux, proactif et autonome vous restez en veille technologique et êtes force de proposition. Vous êtes capable de prendre de la hauteur et vous adapter aux enjeux du projet.","
CDI

Contrat travail
",Travail en journée,unspecified,unspecified,Unspecified,Débutant accepté,CDI,True
3752332,https://candidat.pole-emploi.fr/offres/recherche/detail/3752332,2026-06-14,Offre d'emploi POT9200 - Un Data Scientist senior et IA/machine Learning sur Lyon (IT) / Freelance (H/F) - 69 - Lyon - 3752332 | France Travail,69 - Lyon,"Almatek recherche pour l'un de ses clients, un Data Scientist senior et IA/machine Learning sur Lyon. Profil recherché : Data Science & Machine Learning ? Maîtrise des techniques de ML supervisé et non supervisé ? Expérience en NLP : embeddings, analyse textuelle, extraction d?entités, classification de texte ? Connaissance d LLM & IA Générative ? Expérience intégration LLM ? Connaissance des approches RAG, prompt engineering, et fine-tuning ? Capacité à travailler avec des modèles LLM fournis par un tiers (FAB IA SNCF) à travers une API standard. Plateforme Databricks & Data Engineering ? Maîtrise de Databricks : Unity Catalog, Delta Lake, MLflow, Génie, notebooks et pipelines ? Compétences en SQL avancé et Python ? Capacité à concevoir et optimiser des pipelines de données et des workflows de traitement Profil candidat: Almatek recherche pour l'un de ses clients, un Data Scientist senior et IA/machine Learning sur Lyon. Profil recherché : Data Science & Machine Learning ? Maîtrise des techniques de ML supervisé et non supervisé ? Expérience en NLP : embeddings, analyse textuelle, extraction d?entités, classification de texte ? Connaissance d LLM & IA Générative ? Expérience intégration LLM ? Connaissance des approches RAG, prompt engineering, et fine-tuning ? Capacité à travailler avec des modèles LLM fournis par un tiers (FAB IA SNCF) à travers une API standard. Plateforme Databricks & Data Engineering ? Maîtrise de Databricks : Unity Catalog, Delta Lake, MLflow, Génie, notebooks et pipelines ? Compétences en SQL avancé et Python ? Capacité à concevoir et optimiser des pipelines de données et des workflows de traitement","
Profession libérale

Emploi non salarié
",unspecified,unspecified,unspecified,Unspecified,Débutant accepté,Profession libérale,True
3751829,https://candidat.pole-emploi.fr/offres/recherche/detail/3751829,2026-06-14,Offre d'emploi Data Scientist - ML & Statistiques - Paris - Habilitable (IT) / Freelance (H/F) - 75 - Paris - 3751829 | France Travail,75 - Paris,"Nous recherchons un(e) Data Scientist senior habilitable pour intervenir sur une mission longue durée dans un environnement exigeant et à forte composante analytique. ? Objectif : concevoir, développer et industrialiser des modèles avancés de data science et de machine learning. ? MissionsDéveloppement de modèles de Machine Learning & analyses statistiques avancées Exploitation et traitement de données avec Python Conception et optimisation d?algorithmes analytiques Utilisation de librairies Data Science & Deep Learning Participation au déploiement et au versionning des développements Collaboration avec les équipes métiers et techniques Vulgarisation des sujets techniques auprès d?interlocuteurs non spécialistes Profil candidat: Expertise Python Maîtrise des librairies : Pandas, NumPy, Scikit-learn, TensorFlow/PyTorch, Matplotlib, Seaborn Solide expérience en Machine Learning Très bonnes connaissances en statistiques avancées (Kaplan-Meier, Weibull) Expérience avec GitLab Forte capacité d?analyse & r ésolution de problèmes complexes Autonomie et capacité à travailler en équipe","
Profession libérale

Emploi non salarié
",unspecified,unspecified,unspecified,Unspecified,Débutant accepté,Profession libérale,True
3751539,https://candidat.pole-emploi.fr/offres/recherche/detail/3751539,2026-06-14,Offre d'emploi Data Scientist Risque de crédit (IT) / Freelance (H/F) - Île-de-France - 3751539 | France Travail,Île-de-France,"OBJECTIFS DE LA PRESTATION Implémenter un outil de monitoring dédié à la surveillance de la qualité des données issues des Stress?Test?Marché. Garantir que les sorties de stress?test respectent les exigences de complétude, cohérence et conformité avant leur diffusion aux équipes de risk?management. - Surveillance qualité : Garantir la complétude, la cohérence et la conformité des sorties de Stress Test avant diffusion. - Suivi d?indicateurs de risque : Produire des KPI et visualiser leurs évolutions. - Détection d?anomalies IA : Implémenter des modèles de machine learning pour identifier automatiquement des problèmes de qualité des données. - Industrialisation : Intégrer le composant dans le pipeline CI/CD existant et le livrer sous forme de micro service containerisé. Profil candidat: MISSIONS / TÂCHES PRINCIPALES Analyse & Cartographie ? Étudier les flux de données actuels (extraction, calcul, persistance). ? Cartographier les dépendances entre systèmes de marché, bases Sybase et livrables des Stress Tests. ? Recenser les indicateurs de risque. 2?Conception & D éveloppement (Python?+?SQL) ? Moteur de validation?: règles de limites, cohérence inter dates, valeurs manquantes, variations acceptables. ? Module IA?: o Modèles de détection d?anomalies? o Calibration et suivi des performances 3?Intégration & Mise en Production ? Integration dans le pipeline CI/CD (Git???Jenkins/Argo???déploiement). ? Exposition d?API REST pour : o récupération des KPI, o déclenchement de la validation, o retour des anomalies IA.","
CDI

Contrat travail
",Travail en journée,unspecified,unspecified,Unspecified,Débutant accepté,CDI,True
3751386,https://candidat.pole-emploi.fr/offres/recherche/detail/3751386,2026-06-14,Offre d'emploi Data Scientist senior et IA machine Learning (IT) / Freelance (H/F) - 69 - Lyon - 3751386 | France Travail,69 - Lyon,"I. Contexte : Opérationnel orienté Conseil et réalisation pour travailler avec l?équipe data interne client de sur l?exploitation des données ITSM Service Now dans Databricks, en vue de développer des cas d?usage IA au service du pilotage et de l?amélioration du support utilisateurs. II. Missions : - Maîtrise des techniques de ML supervisé et non supervisé - Expérience en NLP : embeddings, analyse textuelle, extraction d?entités, classification de texte - Connaissance d LLM & IA Générative - Expérience intégration LLM - Connaissance des approches RAG, prompt engineering, et fine-tuning - Capacité à travailler avec des modèles LLM fournis par un tiers (FAB IA SNCF) à travers une API standard. Plateforme Databricks & Data Engineering Profil candidat: III. Compétences requises : - Maîtrise de Databricks : Unity Catalog, Delta Lake, MLflow, Génie, notebooks et pipelines - Compétences en SQL avancé et Python - Capacité à concevoir et optimiser des pipelines de données et des workflows de traitement.","
CDI

Contrat travail
",Travail en journée,unspecified,unspecified,Unspecified,Débutant accepté,CDI,True
3751255,https://candidat.pole-emploi.fr/offres/recherche/detail/3751255,2026-06-14,Offre d'emploi Data Scientist / Data analyste informatique (H/F) (IT) / Freelance - 69 - Lyon - 3751255 | France Travail,69 - Lyon,"Nous recherchons un(e) Data Scientist / Data Analyst confirmé(e) afin de rejoindre une équipe innovante de 18 personnes dédiée à la performance et à la supervision des chaînes communicantes. Vos missions Vous contribuerez à l'analyse, la supervision et l'amélioration des performances des chaînes communicantes à travers des projets à forte composante Data : Développer des modèles de prédiction du taux de facturation mensuel à l'aide d'algorithmes de Machine Learning (régression linéaire, arbres de décision, forêts aléatoires, etc.). Analyser le comportement des chaînes communicantes suite à des opérations de délestage. Réaliser des études de segmentation (clustering) afin d'identifier les caractéristiques des équipements performants et défaillants. Étudier l'état de santé et les performances des boîtiers IP. Analyser l'impact des facteurs environnementaux (température, saisonnalité, zones touristiques, etc.) sur les infrastructures WAN. Concevoir et développer des outils de supervision et d'aide à la décision. Développer des tableaux de bord et applications de visualisation de données. Participer à la rédaction de la documentation technique et fonctionnelle. Collaborer avec les équipes métiers afin de transformer les données en leviers d'amélioration continue. Environnement technique Langages & Data Science Python R SQL Outils Jira Confluence Profil candidat: Vous êtes notre futur(e) collaborateur(trice) si Formation supérieure en Data Science, Statistiques, Informatique ou domaine équivalent. Expérience significative en analyse de données et Machine Learning. Maîtrise des méthodes statistiques, de classification et de clustering. Capacité à vulgariser les résultats et à échanger avec des interlocuteurs métiers. Autonomie, curiosité et esprit d'analyse.","
CDI

Contrat travail
",Travail en journée,unspecified,unspecified,Unspecified,Débutant accepté,CDI,True
3750015,https://candidat.pole-emploi.fr/offres/recherche/detail/3750015,2026-06-14,Offre d'emploi Data Scientist  Prévision & Optimisation H/F (IT) / Freelance - 95 - Roissy-en-France - 3750015 | France Travail,95 - Roissy-en-France,"Axone by Synapse, cabinet de conseil IT innovant, recherche pour l?un de ses clients pour une mission de longue durée Data Scientist ? Prévision & Optimisation H/F. Le consultant interviendra en tant que contributeur individuel senior pour concevoir et développer des modèles avancés de prévision et d?optimisation. Le rôle couvre des problématiques complexes liées à la prévision de la demande, à l?optimisation des ressources et à la simulation opérationnelle. Le consultant travaillera en étroite collaboration avec des data engineers et équipes IA afin de transformer des problématiques métiers en solutions analytiques robustes, scalables et orientées décision. Le consultant interviendra principalement sur l?amélioration de modèles existants de machine learning et sur la couche d?optimisation associée, avec un fort enjeu autour de l?allocation optimale des ressources opérationnelles (planning, workforce, capacité). Le rôle requiert un profil très opérationnel (hands-on), capable de manipuler du code Python avancé, d?intervenir sur des modèles ML existants et surtout de développer et améliorer des modèles d?optimisation (notamment via Gurobi). Le consultant travaillera en étroite collaboration avec les équipes internes et le partenaire externe, avec un objectif clair d?appropriation et d?internalisation des compétences à horizon 12 mois. Objectif et livrable: Développement de modèles de prévision avancés (séries temporelles, probabilistes, hiérarchiques) Conception et implémentation de modèles d?optimisation (MIP, LP, heuristiques) Développement de frameworks de simulation pour la prise de décision opérationnelle Résolution de problématiques métiers complexes et ambiguës via des approches data science Construction de modèles de machine learning prêts pour la production Collaboration avec les équipes engineering pour le déploiement et le monitoring Garantie de la robustesse, explicabilité et performance des modèles Traduction des besoins métiers en solutions analytiques concrètes Collaboration avec équipes opérationnelles et produit pour délivrer des résultats mesurables Communication des insights aux parties prenantes techniques et non techniques Compétences attendues: Expertise en séries temporelles (forecasting avancé, probabiliste, hiérarchique) Maîtrise des techniques d?optimisation (MIP, LP, heuristiques) Solides compétences en Python (NumPy, Pandas, PyTorch, OR-Tools, SimPy, Gurobi) Expérience en modélisation statistique et analyse exploratoire de données (EDA) Déploiement de modèles en production (MLOps, monitoring) Maîtrise SQL et manipulation de données volumineuses Expérience: 6+ ans en Data Science / IA appliquée Télétravail (modalité, fréquence, contraintes): Hybride, 2 à 3 jours/semaine à distance selon localisation et contraintes projet Profil candidat: Nous recherchons un Data Scientist expérimenté disposant d?au moins 6 ans d?expérience en data science ou IA appliquée. Le candidat doit être capable d?évoluer dans des environnements complexes et internationaux, avec un haut niveau d?autonomie. Une formation de type MSc ou PhD en data science, mathématiques ou recherche opérationnelle est fortement recommandée. Une capacité à transformer des problématiques métier en solutions concrètes et mesurables est essentielle.","
Profession libérale

Emploi non salarié
",unspecified,unspecified,unspecified,Unspecified,6 An(s),Profession libérale,False
3753775,https://candidat.pole-emploi.fr/offres/recherche/detail/3753775,2026-06-14,Offre d'emploi Data analyste informatiquee (IT) / Freelance (H/F) - 75 - Paris - 3753775 | France Travail,75 - Paris,"Bonjour, Nous recherchons pour notre client grand compte un Data Analyste spécialisé en Business Intelligence et analyse d'audience numérique Nous étudions - prioritairement - les candidatures qui nous sont adressées à freelance à insyco. fr avec les informations suivantes : Argumentaire écrit répondant de façon ciblée au besoin ci-dessous CV à jour en français Date de prochaine disponibilité Tarif journalier Merci d'indiquer la référence DAN/5344-3 dans l'objet de votre message Contexte de la prestation La prestation s'inscrit chez un grand compte du secteur des médias et de l'audiovisuel, engagé dans la plateformisation de son offre numérique et le développement de ses usages data et IA. Le besoin porte sur la collecte et la qualité des données, l'analyse de performance par des indicateurs clés, et la conception de tableaux de bord et de rapports d'aide à la décision pour les parties prenantes internes. Activités principales Collecter, organiser et assurer la qualité des données en étroite collaboration avec les équipes éditoriales, techniques et juridiques. Analyser les performances à travers des métriques clés (KPIs) et recommander des améliorations. Concevoir et automatiser des tableaux de bord et des rapports. Surveiller les workflows analytiques pour assurer conformité et fiabilité. Garantir la conformité aux réglementations de protection des données (RGPD, confidentialité dès la conception/par défaut) dans tous les workflows analytiques. Produire, structurer et mettre à jour la documentation technique pour faciliter un transfert efficace des connaissances. Utiliser les outils de BI et de visualisation de données disponibles pour créer des rapports et tableaux de bord pour les parties prenantes internes. Livrer des rapports d'étude et des documents de recommandation stratégique (tagging, segmentation, attribution marketing, scoring, évaluations de qualité des données, analyse de parcours, etc.). Profil candidat: Bon niveau d'anglais Business Intelligence et visualisation : conception et développement de tableaux de bord, idéalement avec Power BI, familiarité avec d'autres outils de BI. Préparation des données : techniques de nettoyage et de préparation des données. Analyse et statistiques : solide formation en analyse de données et statistiques. Analyse d'audience et de performance utilisateur : outils type Google Analytics 4, Adobe Analytics, Matomo, Amplitude, Piano, et capacité à traduire les insights comportementaux en recommandations actionnables. Langages : Python et SQL. Conformité : intégration de la conformité RGPD et de la confidentialité dès la conception dans les workflows. CI/CD : GitHub Actions, GitLab CI/CD, Azure DevOps. Cloud et plateformes de traitement de données : Azure, Databricks, AWS, GCP. Outils collaboratifs et de gestion : Jira, Confluence, GitHub.","
Profession libérale

Emploi non salarié
",unspecified,unspecified,unspecified,Unspecified,Débutant accepté,Profession libérale,True
3753089,https://candidat.pole-emploi.fr/offres/recherche/detail/3753089,2026-06-14,Offre d'emploi Data analyste informatiquee / Data Scientiste MATLAB / Python / Snowflake (h/f) (IT) / Freelance - 75 - Paris - 3753089 | France Travail,75 - Paris,"RésuméLe rôle principal est de garantir l'intégration correcte des données externes, tout en produisant des indicateurs clés de performance (KPI) pour les instruments liés à l'univers ESG, et en développant des contrôles et des tableaux de bord pour le suivi des données. ResponsabilitésS?assurer de l?ingestion des données externes (mise à jour, changement méthodologique, changement dans la structure des données) Production des KPI et scores sur l?ensemble des instruments dans l?univers ESG Développer des contrôles sur les lignes de production existantes Créer des dashboards permettant de suivre les performances Traduction de modèles de Matlab vers Python Documenter tous les modèles et toutes les procédures Exigences clésMaîtrise des langages de programmation (Matlab, Python, SQL) Expérience avec des outils de gestion des données (Pack Office, Snowflake) Compétences en analyse de données et data science Connaissances dans le domaine ESG (Environmental, Social, Governance) AtoutsRigueur Capacité à mettre en forme les données pour une meilleure compréhension Profil candidat:","
Profession libérale

Emploi non salarié
",unspecified,unspecified,unspecified,Unspecified,Débutant accepté,Profession libérale,True
3752784,https://candidat.pole-emploi.fr/offres/recherche/detail/3752784,2026-06-14,Offre d'emploi DATA ANALYST (H/F) - 94 - Créteil - 3752784 | France Travail,94 - Créteil,"FED FINANCE cabinet de recrutement spécialisé recherche pour une banque de renom un : Data analyst FED FINANCE cabinet de recrutement spécialisé recherche pour une banque de renom en pleine croissance Rattaché au Responsable du contrôle de gestion, vos principales missions seront les suivantes : - extraction et recueil des données financières pertinentes (PNB) ; - traitement et analyse des données; - mise en place des tableaux de bord pour les différentes équipes ; - recommandations aux Managers; - gestion et mise à jour des outils d'analyse... Diplômé d'un BAC+4/5, vous disposez d'une expérience d'au moins 5 ans en data analyse de données financières ou de Contrôleur de gestion orienté data impérativement au sein d'une banque. Vous possédez une excellente culture financière et comptables, vous êtes rigoureux, investi, vous possédez de solides capacités d'analyse et un esprit d'équipe développé. Votre excellent sens relationnel ainsi que votre dynamisme seront des atouts incontournables pour votre réussite.","
CDI

Contrat travail
",Travail en journée,unspecified,unspecified,Unspecified,Débutant accepté,CDI,True
3752475,https://candidat.pole-emploi.fr/offres/recherche/detail/3752475,2026-06-14,Offre d'emploi Data Analytics Engineer Senior F/H (IT) - 75 - Paris - 3752475 | France Travail,75 - Paris,"Astrelya est un cabinet de conseil franco?suisse, en très forte croissance depuis sa création en 2017, spécialisé dans la transformation digitale, l?excellence opérationnelle et l?innovation technologique. Il est composé de 300 expert passionnés. Le cabinet accompagne ses clients sur l?ensemble du cycle de transformation, depuis la phase de cadrage jusqu?à la mise en ?uvre opérationnelle, avec une expertise forte en Data/IA, Cloud, DevOps et méthodes agiles. Astrelya se distingue par un modèle fondé sur la proximité, la confiance et une culture humaine forte, qui place les collaborateurs au c?ur de la création de valeur. Votre Mission : En tant que Data Analytics Engineer Senior, vous interviendrez au c?ur des enjeux de modélisation analytique, de structuration de data products et de valorisation des données dans un contexte Risques (liquidité). Vous jouerez un rôle clé dans la transformation des données transactionnelles en modèles analytiques robustes, performants et exploitables par les équipes Risques, Finance et Data. Concrètement, vous allez : Dé?normaliser les transactions et les transformer en modèle en étoile adapté aux usages analytiques. Concevoir et structurer un data product permettant le partitionnement et le clustering selon les axes d?analyse métiers. Collaborer étroitement avec les équipes Risques pour comprendre les enjeux de liquidité, les indicateurs clés et les contraintes réglementaires. Mettre en place des pipelines de transformation fiables, documentés et industrialisés. Garantir la qualité, la performance et la gouvernance des données exposées. Contribuer à l?amélioration continue des workflows DataOps et des bonnes pratiques d?ingénierie analytique. Participer à la définition des standards de modélisation et d?architecture analytique au sein de l?équipe. Votre futur environnement technique : ? Google Cloud Platform ? BigQuery ? entrepôt de données & moteur analytique ? DBT ? transformation & mod élisation analytique ? Airflow ? orchestration ? DataProc ? traitements distribués ? Cloud SQL ? stockage & bases relationnelles ? DataOps, CI/CD, bonnes pratiques d?ingénierie analytique Profil candidat: ? Vous disposez d?une expérience minimum de 5 à 8 ans en tant qu?Analytics Engineer ou Data Engineer orienté modélisation analytique. ? Vous maîtrisez les modèles en étoile, les logiques de dé?normalisation et les architectures analytiques. ? Vous avez une expérience concrète dans le domaine Risques, idéalement risques de liquidité. ? Vous êtes à l?aise avec l?écosystème GCP et ses outils data (BigQuery, DBT, Airflow, DataProc?). ? Vous comprenez les enjeux de qualité, performance, gouvernance et industrialisation des données. ? Vous êtes autonome, rigoureux(se), curieux(se) et doté(e) d?une communication claire et structurée. ? Vous appréciez travailler en équipe transverse et contribuer à des projets à forte valeur ajoutée.","
CDI

Contrat travail
",Travail en journée,unspecified,unspecified,Unspecified,Débutant accepté,CDI,True
3750766,https://candidat.pole-emploi.fr/offres/recherche/detail/3750766,2026-06-14,Offre d'emploi Data analyste informatiquee IOT - Nice (IT) / Freelance (H/F) - 06 - Nice - 3750766 | France Travail,06 - Nice,"Nice Métropole est confrontée à des épisodes récurrents de sécheresse et à des pertes d?eau importantes sur son réseau. Dans ce contexte, la digitalisation du système d?alimentation en eau devient un levier clé pour renforcer la résilience. Les enjeux portent sur la réduction des coûts, l?optimisation énergétique et la détection en temps réel des anomalies. Le client vise ainsi à sécuriser durablement l?approvisionnement en eau potable pour plus de 500 000 habitants. Pour répondre à ces défis, la Métropole déploie une plateforme d?hypervision. Cette solution offre une vision unifiée et en temps réel de l?ensemble du réseau d?eau. Le projet inclut la digitalisation de 3 000 km de réseau et la création d?un jumeau numérique. Il s?appuie sur l?intégration massive de données issues de capteurs et de compteurs intelligents. La plateforme permet aux opérateurs de détecter les anomalies, anticiper les perturbations et améliorer la maintenance prédictive. Les technologies d?intelligence artificielle viennent renforcer la prévision de la demande et l?optimisation des opérations. Une interface simplifiée fournit des recommandations exploitables pour faciliter la prise de décision. Le projet vise à créer le premier réseau d?eau intelligent de France et à établir une référence nationale. Il permettra de réduire les pertes d?eau, la consommation d?énergie et d?améliorer la continuité de service. Les usagers bénéficieront d?un service plus fiable, avec moins d?interruptions et des interventions plus rapides. Profil candidat: Data Analyste Préparation de la documentation des sources de données Soutien à la conception de pipelines Révision des tables de cartographie Assister la configuration SWE/IoTCore.","
Profession libérale

Emploi non salarié
",unspecified,unspecified,unspecified,Unspecified,Débutant accepté,Profession libérale,True
3750307,https://candidat.pole-emploi.fr/offres/recherche/detail/3750307,2026-06-14,"Offre d'emploi 255526/Data Analytics Engineer Power BI, Microsoft Fabric (Confirmé à Senior) (IT) / Freelance (H/F) - 75 - Paris - 3750307 | France Travail",75 - Paris,"Data Analytics Engineer Power BI, Microsoft Fabric (Confirmé à Senior)Technologies : Power BI, Microsoft Fabric (cible) Langages : Low-code privilégié, SQL si nécessaire Données : SI-RH (type People Management system) Sécurité : RLS, gestion des accès, RGPD Dans le cadre de l?optimisation et de la sécurisation de ses outils de pilotage RH, un grand groupe souhaite faire évoluer son environnement de reporting basé sur Power BI. Les rapports existants s?appuient actuellement sur une solution SI-RH tierce (type People Management system) et nécessitent encore des traitements manuels. L?objectif est d?améliorer l?industrialisation, la gouvernance des accès et d?étendre la couverture fonctionnelle via de nouveaux reporting. Cette mission s?inscrit dans une démarche de modernisation de la plateforme de données avec une cible technologique orientée Microsoft Fabric, tout en garantissant : La scalabilité des solutions Une confidentialité stricte des données Une maintenabilité renforcée Objectifs et livrables Automatiser les processus existants de reporting Renforcer la sécurité et la confidentialité (RLS, gestion des accès) Concevoir et développer de nouveaux rapports décisionnels Structurer une solution robuste, évolutive et documentée en vue du RUN Environnement technique : Technologies : Power BI, Microsoft Fabric (cible) Langages : Low-code privilégié, SQL si nécessaire Données : SI-RH (type People Management system) Sécurité : RLS, gestion des accès, RGPD Profil recherché : Consultant confirmé à sénior Excellente maîtrise de Power BI Bonne connaissance de Microsoft Fabric Expertise en modélisation de données Maîtrise des concepts de sécurité (RLS, gestion des accès) Connaissances SQL appréciées Expérience en environnement SI-RH (fort plus) Capacité à intervenir en mode hybride Développeur / AMOA Animation d?ateliers et de comités projet Rédaction de documents structurés Vision produit et orientation métier Excellente communication orale et écrite Autonomie et capacité d?analyse Sens de la confidentialité et rigueur Esprit structuré et orienté solution Compétences demandéesCompétencesNiveau de compétence Snowflake (ou autre lakehouse possible) Avancé Power BI Expert Entra ID Avancé Microsoft Fabric Confirmé DAX Confirmé Profil candidat: Profil recherché : Consultant confirmé à sénior Excellente maîtrise de Power BI Bonne connaissance de Microsoft Fabric Expertise en modélisation de données Maîtrise des concepts de sécurité (RLS, gestion des accès) Connaissances SQL appréciées Expérience en environnement SI-RH (fort plus) Capacité à intervenir en mode hybride Développeur / AMOA Animation d?ateliers et de comités projet Rédaction de documents structurés Vision produit et orientation métier Excellente communication orale et écrite Autonomie et capacité d?analyse Sens de la confidentialité et rigueur Esprit structuré et orienté solution","
Profession libérale

Emploi non salarié
",unspecified,unspecified,unspecified,Unspecified,Débutant accepté,Profession libérale,True
3749976,https://candidat.pole-emploi.fr/offres/recherche/detail/3749976,2026-06-14,Offre d'emploi Data analyste informatiquee DATA/AMOA Sénior (IT) / Freelance (H/F) - 75 - Paris - 3749976 | France Travail,75 - Paris,"Contexte : Business analyste pour accompagnement de l'équipe Conseil Valorisation de la Data. Dans le cadre de Solutions Data, nous avons besoins d?un profil de Business Analyst DATA/ AMOA Senior pour intervenir rapidement et venir renforcer l?équipe Conseil et Valorisation Data. MISSIONS principales missions : - Assurer une proximité et accompagner les direction métiers sur les usages autour de la donnée - Réaliser les études et apporter le bon conseil vers les métiers sur le volet Data - Assurer le support et l?assistance métier des usages Data - Contribuer à la production des livrables de niveau fonctionnel Et concrètement ? ? Recueillir et analyser les besoins métiers, ? Apporter le conseil nécessaire aux direction Métier sur l?exploitation de la donnée, ? Participer au cadrage des projets Data (études d?impacts, faisabilité) ? Contribuer aux études d?opportunité et de faisabilité sur le volet Data, ? Garantir la cohérence fonctionnelle et technique du SI ? Réaliser les recettes fonctionnelles, qualifier les anomalies et suivre les corrections ? Produire des livrables fonctionnels (modélisations de données, SFG, SFD), ? Tenir à jour la base documentaire du patrimoine, ? Garantir la bonne satisfaction métier Data (qualité, engagement, cout, délai). Environnement technique ? Ecosystème DATA SI Décisionnel (SAS) et plateforme Big Data (Cloudera) Pré-requis : Expérience dans des projets Data (SI Décisionnel, plateforme Big data) Sensibilité aux enjeux de gouvernance et qualité des données Connaissance du secteur assurance Profil candidat: Expérience dans des projets Data (SI Décisionnel, plateforme Big data) Sensibilité aux enjeux de gouvernance et qualité des données Connaissance du secteur assurance","
CDI

Contrat travail
",Travail en journée,unspecified,unspecified,Unspecified,Débutant accepté,CDI,True
3749843,https://candidat.pole-emploi.fr/offres/recherche/detail/3749843,2026-06-14,Offre d'emploi Site Reliability Engineer (SRE)  Data Exchanges (IT) / Freelance (H/F) - 59 - Lille - 3749843 | France Travail,59 - Lille,"Missions principalesSupport & Run Analyser et résoudre des incidents complexes Traiter les demandes de services et tickets (ServiceNow) Identifier et suivre les incidents récurrents Assurer un rôle de point d?entrée utilisateur Collaboration & am élioration continue Travailler avec les équipes produit pour : diagnostiquer les incidents définir des plans de remédiation prévenir les récurrences Contribuer à l'amélioration continue des plateformes Automatisation & optimisation Automatiser les demandes récurrentes Développer des scripts et outils internes Participer aux pratiques SRE / Perf4Ops Documentation & capitalisation Rédiger des procédures et documentations Capitaliser les solutions mises en place Partager les bonnes pratiques ? Livrables attendus Suivi des demandes via ServiceNow Documentation technique & proc édures Scripts / automatisations des tâches récurrentes Contribution aux plans d?amélioration ? Compétences techniques? Impératif ? Confirmé Échanges : API, Kafka, ESB Observabilité & Monitoring : Datadog, Prometheus, Grafana PagerDuty (alerting) ? Important ? Confirmé Cloud & d éveloppement : GCP Python, Go Automatisation & IaC : Terraform, Ansible Kubernetes (K8s), Helm ? Langues Anglais professionnel : impératif Profil candidat: Echanges : API, KAFKA, ESB... - Confirmé - Impératif Observabilité & Monitoring - Confirmé - Impératif Cloud et automatisation: GCP, Python, Go - Confirmé - Important Automatisation & IaC : Terraform, Ansible,, K8S - Confirmé - Important Profil recherché Expérience significative en production / opérations IT Solide compréhension des environnements techniques distribués Orientation run + amélioration continue Connaissance des pratiques : ITIL (idéalement certifié) Agile / Lean ? Points clés du poste Forte exposition technique + transverse Environnement cloud & data Dimension SRE / automatisation / excellence opérationnelle Interaction constante avec utilisateurs et équipes produit","
CDI

Contrat travail
",Travail en journée,unspecified,unspecified,Unspecified,Débutant accepté,CDI,True
3744173,https://candidat.pole-emploi.fr/offres/recherche/detail/3744173,2026-06-14,Offre d'emploi MOEX Second œuvre - Projets Data Centers (H/F) - 95 - Plessis-Bouchard - 3744173 | France Travail,95 - Plessis-Bouchard,"LTD, c'est un cabinet de recrutement et une agence de travail temporaire spécialisée en Ingénierie, Encadrement BTP, Télécom et Tertiaire Haut de Gamme - en France et à l'international. Nos implantations : - 5 agences au cœur de Paris - 3 agences en région - 1 agence aux États-Unis - 1 agence au Canada +2000 entreprises partenaires nous font confiance partout en France, et notre croissance annuelle de 10 à 20 % prouve la solidité de notre modèle. Nos piliers pour réussir ensemble : - Spécialisation par secteur : des consultants experts pour chaque domaine d'activité - Réactivité & proximité : une entreprise à taille humaine, toujours disponible - Engagement & éthique : une démarche rigoureuse basée sur une charte qualité stricte Des opportunités pour vous ! Vous cherchez une entreprise qui valorise votre potentiel - Chez LTD, l'évolution interne est une réalité, et chaque collaborateur a sa chance de grandir avec nous. Le poste : Dans le cadre du développement des activités de l'un de nos partenaires, acteur majeur de l'ingénierie et de la maîtrise d'œuvre, nous recherchons un MOEX Électricité Data Centers H/F pour intervenir sur des projets techniques à forte criticité. Vos missions Rattaché(e) au Directeur de Projet ou au Responsable MOEX, vous assurez le pilotage de l'exécution des lots électriques sur des opérations stratégiques. À ce titre, vos principales missions sont les suivantes : - Assurer le suivi d'exécution des travaux CFO/CFA. - Contrôler la conformité des installations électriques par rapport aux études et aux exigences contractuelles. - Participer aux réunions de chantier et assurer le suivi des actions correctives. - Coordonner les entreprises intervenant sur les lots électriques. - Veiller au respect des plannings, budgets et exigences qualité. - Gérer les interfaces avec les autres corps d'état techniques (CVC, Génie Civil, Sécurité Incendie, GTB). - Contrôler les procédures d'essais, de mise en service et de réception. - Participer aux opérations de commissioning et de levée des réserves. - Assurer le reporting technique auprès des équipes projet et de la maîtrise d'ouvrage. Environnement projets Vous interviendrez sur des projets de centres de données (Data Centers) et d'infrastructures critiques nécessitant un haut niveau de disponibilité et de sécurisation des installations. Les projets intègrent notamment : - Réseaux CFO/CFA. - Tableaux généraux basse tension (TGBT). - Groupes électrogènes. - Onduleurs (UPS). - Distribution électrique redondée. - Systèmes de supervision et GTB/GTC. - Systèmes de sécurité et de contrôle d'accès. Profil recherché : Votre profil De formation Bac+2 à Bac+5 en Génie Électrique, Électrotechnique ou Énergie, vous justifiez idéalement d'une expérience minimum de 5 à 10 ans en suivi de travaux, MOEX, conduite de travaux ou gestion de projets électriques. Vous disposez de solides compétences en : - Courants Forts (CFO). - Courants Faibles (CFA). - Distribution électrique BT. - Coordination de travaux techniques. - Mise en service et réception d'installations. Une expérience sur des projets de : - Data Centers. - Bâtiments techniques. - Industrie. - Énergie. - Infrastructures critiques. sera particulièrement appréciée. Vos atouts - Forte culture technique en électricité. - Excellente présence terrain. - Capacité à coordonner de nombreux intervenants. - Sens de l'organisation et de l'anticipation. - Bon relationnel et aptitude à gérer des environnements exigeants. Pourquoi rejoindre ce projet ? - Mission longue durée. - Participation à des projets parmi les plus techniques du marché. - Environnement international et innovant. - Équipes expertes et multidisciplinaires. - Forte visibilité sur des infrastructures stratégiques. Conditions - Mission d'intérim longue durée. - Démarrage dès que possible. - Basé à Franconville (95).","
Intérim - 18 Mois

Contrat travail
",Travail en journée,unspecified,unspecified,Unspecified,9 An(s),Intérim - 18 Mois,False
3744163,https://candidat.pole-emploi.fr/offres/recherche/detail/3744163,2026-06-14,Offre d'emploi MOEX Généraliste - Projets Data Centers (H/F) - 95 - Plessis-Bouchard - 3744163 | France Travail,95 - Plessis-Bouchard,"LTD, c'est un cabinet de recrutement et une agence de travail temporaire spécialisée en Ingénierie, Encadrement BTP, Télécom et Tertiaire Haut de Gamme - en France et à l'international. Nos implantations : - 5 agences au cœur de Paris - 3 agences en région - 1 agence aux États-Unis - 1 agence au Canada +2000 entreprises partenaires nous font confiance partout en France, et notre croissance annuelle de 10 à 20 % prouve la solidité de notre modèle. Nos piliers pour réussir ensemble : - Spécialisation par secteur : des consultants experts pour chaque domaine d'activité - Réactivité & proximité : une entreprise à taille humaine, toujours disponible - Engagement & éthique : une démarche rigoureuse basée sur une charte qualité stricte Des opportunités pour vous ! Vous cherchez une entreprise qui valorise votre potentiel - Chez LTD, l'évolution interne est une réalité, et chaque collaborateur a sa chance de grandir avec nous. Le poste : Dans le cadre du développement des activités de l'un de nos partenaires, acteur majeur de l'ingénierie et de la maîtrise d'œuvre, nous recherchons un MOEX Généraliste Data Centers H/F pour intervenir sur des projets de construction à forte technicité. Vos missions Rattaché(e) au Directeur de Projet ou au Responsable de Mission, vous assurez le pilotage de l'exécution des travaux et la coordination des différents intervenants sur des opérations complexes. À ce titre, vos principales missions sont les suivantes : - Assurer la mission de Maîtrise d'œuvre d'Exécution sur des projets de construction à forte valeur ajoutée. - Coordonner l'ensemble des intervenants travaux et veiller à la bonne exécution des opérations. - Animer les réunions de chantier et rédiger les comptes rendus. - Contrôler la qualité des réalisations et le respect des prescriptions techniques. - Assurer le suivi du planning, des coûts et de l'avancement des travaux. - Identifier les risques projet et mettre en œuvre les actions correctives nécessaires. - Gérer les interfaces entre les différents corps d'état. - Veiller au respect des exigences QSE et des procédures du projet. - Assurer le reporting auprès de la maîtrise d'ouvrage et des équipes projet. Environnement projets Vous interviendrez sur des projets de centres de données (Data Centers), bâtiments techniques et infrastructures critiques nécessitant un haut niveau d'exigence en matière de coordination, de qualité et de continuité de service. Profil recherché : Votre profil De formation Bac+5 de type Ingénieur Bâtiment, Génie Civil ou équivalent, vous justifiez impérativement d'une expérience minimum de 10 ans en maîtrise d'œuvre d'exécution, conduite de travaux ou direction de travaux sur des projets complexes. Vous disposez d'une solide expérience en : - MOEX / OPC. - Pilotage TCE. - Coordination de chantier. - Gestion des interfaces techniques. - Suivi de projets complexes. Une expérience significative sur des projets de : - Data Centers. - Bâtiments industriels. - Sites critiques. - Infrastructures techniques. sera particulièrement appréciée. Vous êtes reconnu(e) pour : - Votre leadership terrain. - Votre autonomie. - Votre capacité à fédérer les équipes. - Votre rigueur organisationnelle. - Votre capacité à prendre des décisions dans des environnements exigeants. Pourquoi rejoindre ce projet ? - Participation à des projets parmi les plus techniques du marché. - Mission à forte responsabilité. - Environnement international et exigeant. - Équipes expertes et pluridisciplinaires. - Mission longue durée avec visibilité. Conditions - Mission d'intérim. - Démarrage rapide. - Basé à Franconville (95). - Déplacements ponctuels selon l'avancement des opérations.","
Intérim - 18 Mois

Contrat travail
",Travail en journée,unspecified,unspecified,Unspecified,9 An(s),Intérim - 18 Mois,False
3744150,https://candidat.pole-emploi.fr/offres/recherche/detail/3744150,2026-06-14,Offre d'emploi MOEX Second œuvre - Projets Data Centers (H/F) - 95 - Plessis-Bouchard - 3744150 | France Travail,95 - Plessis-Bouchard,"LTD, c'est un cabinet de recrutement et une agence de travail temporaire spécialisée en Ingénierie, Encadrement BTP, Télécom et Tertiaire Haut de Gamme - en France et à l'international. Nos implantations : - 5 agences au cœur de Paris - 3 agences en région - 1 agence aux États-Unis - 1 agence au Canada +2000 entreprises partenaires nous font confiance partout en France, et notre croissance annuelle de 10 à 20 % prouve la solidité de notre modèle. Nos piliers pour réussir ensemble : - Spécialisation par secteur : des consultants experts pour chaque domaine d'activité - Réactivité & proximité : une entreprise à taille humaine, toujours disponible - Engagement & éthique : une démarche rigoureuse basée sur une charte qualité stricte Des opportunités pour vous ! Vous cherchez une entreprise qui valorise votre potentiel - Chez LTD, l'évolution interne est une réalité, et chaque collaborateur a sa chance de grandir avec nous. Le poste : Dans le cadre du développement des activités de l'un de nos partenaires, acteur majeur de l'ingénierie et de la maîtrise d'œuvre, nous recherchons un MOEX CVC Data Centers H/F pour intervenir sur des projets techniques de grande envergure. Vos missions Rattaché(e) au Directeur de Projet ou au Responsable MOEX, vous assurez le suivi de l'exécution des lots CVC sur des projets à forte exigence technique. À ce titre, vos principales missions sont les suivantes : - Assurer le suivi d'exécution des travaux CVC sur les différentes phases du projet. - Contrôler la conformité des réalisations par rapport aux études et aux spécifications techniques. - Participer aux réunions de chantier et assurer le suivi des actions. - Coordonner les entreprises intervenant sur les lots techniques. - Veiller au respect des plannings, des coûts et des objectifs qualité. - Gérer les interfaces avec les autres corps d'état techniques et architecturaux. - Identifier les éventuels écarts techniques et proposer les actions correctives adaptées. - Participer aux opérations de réception, essais, mise en service et levée des réserves. - Assurer le reporting auprès de la direction de projet. Environnement projets Vous interviendrez sur des projets de centres de données (Data Centers) et d'infrastructures critiques nécessitant des installations CVC complexes et hautement sécurisées. Les projets intègrent notamment : - Centrales de traitement d'air. - Groupes froids. - Réseaux hydrauliques. - Systèmes de refroidissement redondés. - Installations de ventilation technique. - Environnements à haute disponibilité. Profil recherché : Votre profil De formation Bac+2 à Bac+5 en Génie Climatique, Thermique, Fluides ou Énergétique, vous justifiez idéalement d'une expérience minimum de 5 à 10 ans en suivi de travaux, MOEX, conduite de travaux ou gestion de projets CVC. Vous possédez une solide expérience dans : - Le génie climatique. - Les installations CVC complexes. - Le suivi de travaux techniques. - La coordination des entreprises. - Les environnements critiques ou industriels. Une expérience sur des projets de : - Data Centers. - Industrie. - Santé. - Bâtiments techniques. - Sites à contraintes d'exploitation. sera particulièrement appréciée. Vos atouts - Excellente maîtrise des problématiques CVC. - Forte présence terrain. - Rigueur et sens de l'organisation. - Aptitude à coordonner plusieurs intervenants. - Bon relationnel et capacité à gérer les interfaces. Pourquoi rejoindre ce projet ? - Mission longue durée. - Projet technique à forte visibilité. - Environnement d'ingénierie exigeant. - Participation à des infrastructures stratégiques. - Équipes expertes et pluridisciplinaires. Conditions - Mission d'intérim longue durée. - Démarrage dès que possible. - Basé à Franconville (95).","
CDI

Contrat travail
",Travail en journée,unspecified,unspecified,Unspecified,9 An(s),CDI,False
3754955,https://candidat.pole-emploi.fr/offres/recherche/detail/3754955,2026-06-14,Offre d'emploi Mobile Reliability Engineer (IT) / Freelance (H/F) - 75 - Paris - 3754955 | France Travail,75 - Paris,"Assurer la disponibilité, la performance et la robustesse de l?environnement technique supportant l?application mobile Limiter l?impact des incidents afin de préserver l?expérience utilisateur Déployer une observabilité centrée sur le parcours et la satisfaction des utilisateurs Renforcer la fiabilité de la plateforme grâce à l?automatisation des processus Firebase Crashlytics mobile analytics iOS / Android production release monitoring observability réseau mobile debugging user journey Le poste requiert une forte autonomie ainsi qu?une réelle proactivité au quotidien. Le candidat devra être capable d?anticiper les incidents, de proposer des actions préventives et d?identifier en amont les axes d?amélioration. Une appétence pour l?innovation est également attendue, avec un profil créatif capable d?exploiter de nouveaux leviers, notamment l?IA, pour optimiser l?analyse, la supervision ou les outils existants. Enfin, un bon niveau d?anglais est nécessaire pour évoluer dans un environnement international. Profil candidat: Le poste requiert une forte autonomie ainsi qu?une réelle proactivité au quotidien. Le candidat devra être capable d?anticiper les incidents, de proposer des actions préventives et d?identifier en amont les axes d?amélioration. Une appétence pour l?innovation est également attendue, avec un profil créatif capable d?exploiter de nouveaux leviers, notamment l?IA, pour optimiser l?analyse, la supervision ou les outils existants. Enfin, un bon niveau d?anglais est nécessaire pour évoluer dans un environnement international.","
Profession libérale

Emploi non salarié
",unspecified,unspecified,unspecified,Unspecified,Débutant accepté,Profession libérale,True
3754838,https://candidat.pole-emploi.fr/offres/recherche/detail/3754838,2026-06-14,Offre d'emploi Identity Engineer with SailPoint expertise (IT) / Freelance (H/F) - 75 - Paris - 3754838 | France Travail,75 - Paris,"Le rôleEn tant qu?Ingénieur en gestion des identités SailPoint, vous travaillerez en étroite collaboration avec des architectes et des parties prenantes afin de concevoir et de déployer des solutions d?identité évolutives. Vous jouerez un rôle opérationnel clé dans la mise en ?uvre et le maintien des technologies SailPoint, en garantissant une gestion des accès sécurisée et efficace au sein d?environnements complexes. Principales responsabilités :Traduire les besoins métier en solutions techniques IAM (Identity & Access Management) Configurer les connecteurs SailPoint, les règles et les workflows de cycle de vie Développer et maintenir des solutions de provisioning Assurer le dépannage et l?optimisation des environnements IdentityIQ Contribuer aux intégrations des systèmes entre différentes applications et plateformes Documenter les solutions et participer à la mise en place des bonnes pratiques Participer aux phases de test et aux cycles de mise en production Votre profilVous pouvez venir d?un background en systèmes, en ingénierie ou en conseil, avec une expérience pratique sur SailPoint. Vous êtes curieux techniquement, rigoureux et à l?aise pour piloter des activités de bout en bout, de la conception jusqu?à la livraison. Expérience requise :Solide expérience avec SailPoint IdentityIQ Expérience avec PowerShell et Log4j2 Bonne compréhension des infrastructures on-premise supportant des systèmes IAM Excellentes compétences en communication en anglais Expérience souhaitée (non obligatoire) :Active Directory et Entra ID Azure (IaaS/PaaS), Microsoft Graph, Apache Tomcat Bases de données et SQL Protocoles d?authentification (SAML, OAuth, LDAP) Environnements serveurs Windows/Linux APIs REST/SOAP, JSON, SCIM 2.0 Certifications SailPoint Profil candidat: Spécialiste SailPoint IdentityIQ avec une expérience avérée des connecteurs, des workflows de cycle de vie, du provisioning et des intégrations IAM. Solide expertise en PowerShell, en infrastructures on-premise et en gestion sécurisée des accès dans des environnements complexes.","
Profession libérale

Emploi non salarié
",unspecified,unspecified,unspecified,Unspecified,Débutant accepté,Profession libérale,True
3754658,https://candidat.pole-emploi.fr/offres/recherche/detail/3754658,2026-06-14,Offre d'emploi Senior Fullstack Engineer (Dominante Back) & IA Specialist (IT) / Freelance (H/F) - 75 - Paris - 3754658 | France Travail,75 - Paris,"Vous rejoignez une Scale-up de 50 personnes spécialisée dans les solutions d'avantages salariés et les marketplaces B2B. Au sein d'une équipe technique de 10 personnes, vous intervenez dans un contexte de forte croissance et de transformation produit. Votre mission principale consiste à piloter la refonte technique du catalogue pour le solidifier avant l'intégration d'une brique de billetterie événementielle propriétaire. Vous serez également le moteur de l'innovation par l'IA pour différencier la plateforme sur son marché. Vos responsabilités : Architecture & Refonte : Concevoir et déployer des microservices évolutifs pour supporter la montée en charge du catalogue. Développement Fullstack : Assurer le delivery de fonctionnalités complexes avec une forte dominance Backend (Node/NestJS) et une maîtrise Frontend (React). Innovation IA : Explorer et intégrer des solutions d'Intelligence Artificielle pour transformer les usages de la marketplace. Qualité & Performance : Garantir une fiabilité maximale via des tests rigoureux et l'optimisation des bases de données (PostgreSQL, Redis). Profil candidat: Nous recherchons un profil ingénieur avec une solide expérience en environnements agiles et complexes (type microservices/cloud-native). Expertise Backend : Maîtrise avancée de Node.js et NestJS. Vous savez manipuler les design patterns et les architectures découplées (type CQRS). Maîtrise Frontend : Très bonne pratique de React et de l'écosystème TypeScript. Cloud & Ops : Autonome sur AWS (Lambda, S3) et la conteneurisation (Docker, Kubernetes). Mindset IA : Vous êtes passionné par les nouvelles technologies et capable d'intégrer des fonctionnalités d'IA générative dans un produit existant. Soft Skills : Excellente communication pour le Full Remote et capacité à travailler en Squad.","
Profession libérale

Emploi non salarié
",unspecified,unspecified,unspecified,Unspecified,Débutant accepté,Profession libérale,True
3754388,https://candidat.pole-emploi.fr/offres/recherche/detail/3754388,2026-06-14,Offre d'emploi AI Engineer Neo4j / GCP / GenAI (H/F) (IT) / Freelance - 75 - Paris - 3754388 | France Travail,75 - Paris,"Nous recherchons un AI Engineer pour accompagner un projet stratégique autour de l?intelligence artificielle générative, des graph databases et de la valorisation de données dans un environnement cloud GCP. Le consultant interviendra sur la conception, le développement et l?industrialisation de solutions IA intégrant Neo4j, des modèles LLM, des mécanismes de RAG et des services cloud Google Cloud Platform. La mission nécessitera une très bonne maîtrise des bases de données orientées graphe, notamment Neo4j, ainsi qu?une capacité à concevoir des knowledge graphs exploitables dans des cas d?usage IA avancés. Le consultant participera à la modélisation des graphes, à l?optimisation des requêtes Cypher, à l?administration et à l?optimisation de Neo4j, ainsi qu?à l?exploitation de la Graph Data Science Library. Il contribuera également à des travaux autour du NLP, des LLM, du prompt engineering et de l?intégration de frameworks tels que LangChain ou LlamaIndex. La mission s?inscrit dans un environnement technologique moderne, combinant intelligence artificielle, data engineering, APIs, cloud et industrialisation logicielle. Profil candidat: Nous recherchons un AI Engineer confirmé, disposant d?une expérience concrète sur plusieurs projets impliquant Neo4j et des cas d?usage IA ou GenAI. Compétences requises : Graph Database : Très bonne maîtrise de Neo4j : modélisation, administration et optimisation Maîtrise du langage Cypher Expérience avec Graph Data Science Library, GDS Expérience sur les knowledge graphs AI / Machine Learning : Expérience sur NLP et LLM Connaissance des architectures RAG, Retrieval Augmented Generation Prompt engineering Expérience avec LangChain et/ou LlamaIndex Développement : Python avancé Développement d?API REST FastAPI Git / CI-CD Cloud : Bonne maîtrise de Google Cloud Platform Expérience avec Vertex AI, BigQuery et Cloud Run Compétences appréciées : GraphRAG Vector databases : ChromaDB, Pinecone ou équivalent Docker / Kubernetes Le consultant devra être autonome, capable d?interagir avec des équipes techniques et métiers, et à l?aise dans un contexte international. Un bon niveau de français et d?anglais est attendu.","
Profession libérale

Emploi non salarié
",unspecified,unspecified,unspecified,Unspecified,Débutant accepté,Profession libérale,True
3754203,https://candidat.pole-emploi.fr/offres/recherche/detail/3754203,2026-06-14,Offre d'emploi Analytics Engineer (IT) / Freelance (H/F) - Île-de-France - 3754203 | France Travail,Île-de-France,"Nous recherchons un(e) Analytics Engineer pour renforcer notre équipe Data. Vous serez chargé(e) de transformer les données brutes en modèles fiables et exploitables afin d?accompagner les équipes métiers dans leurs prises de décision. Missions? Concevoir et maintenir des modèles de données adaptés aux besoins analytiques ? Développer et optimiser les flux de transformation de données (ELT/ETL) ? Garantir la qualité, la cohérence et la fiabilité des données ? Collaborer avec les équipes métiers, BI et Data pour répondre aux besoins d?analyse ? Participer à l?amélioration continue des processus et des solutions Data Profil candidat: ? Formation en informatique, statistiques, mathématiques ou domaine équivalent ? Bonne maîtrise de SQL ? Connaissances en Python et en modélisation de données ? Expérience avec des outils de transformation de données (dbt est un plus) ? Esprit analytique, rigueur et autonomie ? Bonnes capacités de communication et de travail en équipe","
CDI

Contrat travail
",Travail en journée,unspecified,unspecified,Unspecified,Débutant accepté,CDI,True
3754164,https://candidat.pole-emploi.fr/offres/recherche/detail/3754164,2026-06-14,Offre d'emploi Senior Staff Engineer H/F - Plateforme - Paris (IT) - 75 - Paris - 3754164 | France Travail,75 - Paris,"Contexte du posteEntreprise innovante spécialisée dans le développement de solutions digitales à forte valeur ajoutée, elle conçoit et exploite ses propres plateformes technologiques. Dans un contexte de forte croissance et d?évolution de ses produits (notamment via l?intégration de nouvelles technologies), elle renforce ses équipes techniques avec plusieurs recrutements stratégiques. Vous rejoindrez une équipe tech à taille humaine, répartie sur plusieurs sites en France, avec un haut niveau d?exigence technique et une forte culture produit. Missions principalesPrendre en charge un ou plusieurs périmètres techniques critiques (services / repos / produits) Assurer un ownership end-to-end : conception, développement, mise en production, maintenance, amélioration continue Être responsable de la qualité, robustesse et pérennité des systèmes Concevoir des architectures logicielles robustes, scalables et maintenables Faire des choix structurants sur : découpage applicatif, design d?API, gestion des données Anticiper les besoins futurs (scalabilité, évolutivité) Refactorer et améliorer des systèmes existants (legacy inclus) Comprendre et faire évoluer des systèmes interconnectés : LMS, CRM, outils internes de production, services tiers / APIs Fiabiliser des workflows complexes multi-services Gérer les dépendances et interactions entre différents systèmes Intégrer de nouvelles APIs externes (partenaires, financeurs, services tiers) Concevoir et maintenir des APIs internes robustes Gérer les problématiques : authentification, gestion des erreurs, résilience Travailler sur des systèmes déjà en production (pas de greenfield) Identifier et résoudre des problématiques : performance, scalabilité, fiabilité Participer à la gestion d?incidents techniques Améliorer l?observabilité et la qualité globale des systèmes Être référent technique au sein de l?équipe Accompagner les autres développeurs sur : architecture, bonnes pratiques, design technique Collaborer avec le CTO sur les décisions structurantes Participer à l?intégration de solutions basées sur l?IA Proposer des améliorations techniques continues Contribuer à la montée en maturité technique de la stack Stack techniquePython (Django) React SQL Git Pourquoi rejoindre cette opportunité ?Projet technique en évolution constante Environnement stimulant avec une forte autonomie Impact direct sur des produits utilisés à grande échelle Équipe engagée et dynamique Profil candidat: Profil recherché8+ années d?expérience (ou équivalent en impact) Expérience significative sur des systèmes en production complexes Background en scale-up ou environnement dynamique fortement apprécié Solide expérience en : architecture logicielle, system design, conception d?API Capacité à travailler sur : systèmes distribués, workflows complexes Bonne maîtrise backend (profil backend heavy attendu) Capacité à intervenir sur le frontend (React ou équivalent) Expérience multi langages (Python, Node, Java, etc.) Capacité à être framework agnostique Compréhension globale : backend, frontend, base de données, infrastructure Forte capacité d?ownership Autonomie élevée (peu de besoin de supervision) Esprit ingénieur : abstraction, modélisation, vision long terme","
CDI

Contrat travail
",Travail en journée,unspecified,unspecified,Unspecified,Débutant accepté,CDI,True
3753743,https://candidat.pole-emploi.fr/offres/recherche/detail/3753743,2026-06-14,Offre d'emploi Machine Learning Engineer (IT) / Freelance (H/F) - Île-de-France - 3753743 | France Travail,Île-de-France,"Nous recherchons un Machine Learning Engineer expérimenté pour une mission stratégique chez un client grand compte. Stack et compétences clés : Python 3.12 (expertise attendue) Kubernetes / Helm / Docker (maîtrise technique au-delà de l'utilisation) Azure SDK FastAPI GitLab (CI/CD, évolution de pipelines) OpenAPI, multithreading, ajout de routes pour UI gérant l?orchestration des déploiements jusqu?en UAT Tests unitaires obligatoires, monitoring des performances Organisation Agile en Squads et Chapters (partage des bonnes pratiques) Matrice RACI déjà en place, capacité à la faire évoluer Jenkins pour la production (géré par les équipes Ops) Certification KAD : un plus fortement apprécié, possibilité de la passer pendant la mission Contexte métier : Projet dans le secteur assurance autour de la modélisation de données, extraction d?informations depuis des contrats, comparaison avec des référentiels, vérification de cohérence, automatisation, recherche sémantique Profil candidat: Autonomie, rigueur, culture DevOps Aisance en anglais, à l?écrit comme à l?oral, environnement international Expérience confirmée en environnement agile (squads, chapters)","
Profession libérale

Emploi non salarié
",unspecified,unspecified,unspecified,Unspecified,Débutant accepté,Profession libérale,True
3753589,https://candidat.pole-emploi.fr/offres/recherche/detail/3753589,2026-06-14,Offre d'emploi Detection Engineer (Cyber sécu) H/F (IT) / Freelance - 92 - Nanterre - 3753589 | France Travail,92 - Nanterre,"Développer et maintenir des cas d?usage de détection basés sur le framework MITRE ATT& CK Exploiter et configurer la plateforme Palo Alto Cortex XSIAM Améliorer les règles existantes (tuning, réduction des faux positifs) Collaborer avec les équipes SOC/CSIRT (N3) pour le retour d?expérience incident Automatiser les processus de détection et d?investigation via scripting Assurer une veille sur les nouvelles menaces et techniques d?attaque Date de démarrage : 2 juillet Localisation : La defense Rythme : 3 jours de télétravail Mission longue durée Profil candidat: Expérience : 5 ans en SOC / CSIRT (niveau N3) 2 ans minimum en Detection Engineering Solide connaissance des tactiques, techniques et procédures (TTP) Maîtrise des environnements de détection avancés Compétences techniques Framework : MITRE ATT& CK Outils : Palo Alto Cortex XSIAM Scripting : Python, PowerShell Certifications (souhaitées) GIAC SEC599 (Defeating Advanced Adversaries) GIAC SEC699 (Purple Teaming / Detection Engineering)","
CDI

Contrat travail
",Travail en journée,unspecified,unspecified,Unspecified,Débutant accepté,CDI,True
3753288,https://candidat.pole-emploi.fr/offres/recherche/detail/3753288,2026-06-14,Offre d'emploi QA Automation Engineer Playwright (IT) (H/F) - Île-de-France - 3753288 | France Travail,Île-de-France,"Concevoir, développer et maintenir les tests automatisés E2E avec Playwright. Rédiger et maintenir les scénarios BDD avec Gherkin/Cucumber. Automatiser les tests fonctionnels, de régression et API. Assurer la stabilité et la fiabilité des campagnes de tests. Participer à la stratégie de couverture de tests. Créer et maintenir les jeux de données de test. Formation Bac+3 à Bac+5 en informatique. Expérience significative en QA Automation. Maîtrise de Playwright et des pratiques BDD. Bonne compréhension des architectures web et API. Expérience des environnements Agile. Capacité d?analyse et de résolution de problèmes. Rigueur et autonomie. Profil candidat: Identifier, analyser et suivre les anomalies. Participer à l?amélioration continue des processus QA. Garantir la qualité des livraisons avant mise en production. Collaborer avec les équipes Produit, Développement et DevOps. Participer aux cérémonies Agile/Scrum. Intégration & CI /CD","
CDI

Contrat travail
",Travail en journée,unspecified,unspecified,Unspecified,Débutant accepté,CDI,True
3753284,https://candidat.pole-emploi.fr/offres/recherche/detail/3753284,2026-06-14,Offre d'emploi Machine Learning Engineer Junior (IT) / Freelance (H/F) - 75 - Paris - 3753284 | France Travail,75 - Paris,"? Informations ClésContrat / Mission : Prestation de services (Freelance) Localisation : Paris (Format hybride : sur site + quelques jours de télétravail) Tarif Journalier Moyen (TJM) Max : 450 ? HT Date de démarrage : ASAP Date de fin : 31/12/2026 (Mission long terme) ? Contexte et MissionIntégré(e) au sein d?une équipe IA internationale axée ""produit"", vous participerez au cycle de vie complet des systèmes d'intelligence artificielle à grande échelle : de la donnée brute au déploiement en production, jusqu'à la mesure de l'impact métier. Votre rôle consistera à concevoir, construire et optimiser des systèmes intelligents et composés pour répondre à des problématiques concrètes liées au secteur du voyage d'affaires (classement, recommandation, expériences LLM orientées clients). Principales responsabilités :Développement IA : Concevoir et implémenter des solutions basées sur l'apprentissage automatique, le deep learning et l'IA générative (classement, chatbots, reconnaissance d'intention, systèmes agentiques, NLQ). End-to-End Delivery : Gérer l'ingénierie des fonctionnalités, le pipeline de données, la modélisation, ainsi que l'évaluation (en ligne/hors ligne) et le monitoring des modèles. Analyse & Data : Manipuler de grands ensembles de données réelles (structurées et non structurées) pour extraire des insights exploitables. Collaboration & Communication : Vulgariser des concepts de Data Science complexes pour les restituer de manière simple à la direction et aux partenaires métiers, au sein d'une équipe multisite et multiculturelle. Profil candidat: ?? Profil RecherchéExpérience et Diplômes :Master ou Doctorat : 2 ans et plus d'expérience en entreprise. Ou Licence / Bachelor : 4 ans et plus d'expérience en entreprise. Compétences Techniques Requises :Langages & Data : Excellente maîtrise de Python, nettoyage et manipulation de données avec SQL et PySpark. Machine Learning & Stats : Solides bases en statistiques, méthodes bayésiennes, clustering, modèles d'arbres d'ensemble et NLP. Frameworks : Scikit-learn, Hugging Face, PyTorch ou TensorFlow. IA Générative : Bonne compréhension des LLM, du RAG, des frameworks de garde-fous (guardrails) et de l'IA agentique. Méthodologie : Bonne culture MLOps. Les ""Plus"" appréciés :Expérience avec MLFlow, AWS SageMaker et AWS Bedrock. Connaissance des outils de Feature Stores et du déploiement de modèles en tant que service (Model-as-a-Service). Notions en infrastructure (AWS, Kubernetes) et sensibilité à l'optimisation des coûts Cloud. Soft Skills :Excellente communication orale et écrite (contexte international). Pragmatisme, esprit d'innovation et forte capacité à résoudre des problèmes complexes. Capacité à travailler en équipe dans un environnement globalisé.","
Profession libérale

Emploi non salarié
",unspecified,unspecified,unspecified,Unspecified,Débutant accepté,Profession libérale,True
3753092,https://candidat.pole-emploi.fr/offres/recherche/detail/3753092,2026-06-14,Offre d'emploi Lead Engineer Automation RPA (IT) / Freelance (H/F) - 75 - Paris - 3753092 | France Travail,75 - Paris,"ContexteLead Engineer pouvant démontrer une expérience tangible sur des projets d'automation, avec un accompagnement des métiers dans leur stratégie d'automatisation de leurs processus. MissionsParticipation à la phase d'avant-vente et à l'évolution de l'offre RPA/IDP/Smart Auto d'une grande institution bancaire Rédaction des spécifications techniques pour l'IA ou l'automatisation Réalisation des pilotes des processus à automatiser Participation au développement des centres d'excellence RPA/IDP/Smart Automation Prise en considération des contraintes de l'IT dans l'automatisation des processus Mentoring des développeurs sur des projets d'automation Revue de code permettant le respect des bonnes pratiques de développement sur des projets d'automation Le bénéficiaire exprime un besoin d?accompagnement afin de soutenir l?équipe dans les activités de développement et de maintenance des robots, et de fournir une expertise sur les outils de Robotic Process Automation (RPA). Les missions principales : Réalisation des revues de code dans le respect des bonnes pratiques de développement RPA Suivi du partage de connaissances techniques et fonctionnelles et participation active aux communautés RPA Maîtrise et application de l?ensemble du cycle de vie des tests (préparation, exécution, suivi des anomalies, validation) Maintien et mise à jour de la documentation technique et fonctionnelle Suivi opérationnel de la production : morning checks, dashboarding et monitoring Développement et maintien des scripts Blue Prism ainsi que tout script connexe aux outils RPA Test des différentes versions des produits et contribution aux phases de recette technique Développement, optimisation et maintien des objets communs réutilisables Contribution à la montée en compétence des Centres d?Excellence (CoE) locaux Capacité à agir en tant que point de contact (SPOC) entre les CoE locaux et les éditeurs de solutions RPA Bonne connaissance de l?architecture des solutions utilisées Capacité à être l?interlocuteur privilégié entre les équipes clientes et la production, en apportant une expertise produit pour le support et la résolution d?incidents Profil candidat: Outils & EnvironnementRPA : Blue Prism (maîtrise indispensable) ; UiPath (connaissances appréciées) Développement / scripting : Très bonnes bases en C#, VB.Net, Python et PowerShell Architecture : Bonnes connaissances des principes d?architecture applicative et des environnements de production RemarqueLa séniorité doit s'entendre sur la base du temps passé sur des projets et missions spécifiquement sur l'automatisation.","
CDI

Contrat travail
",Travail en journée,unspecified,unspecified,Unspecified,Débutant accepté,CDI,True
3753039,https://candidat.pole-emploi.fr/offres/recherche/detail/3753039,2026-06-14,Offre d'emploi Senior Android Engineer (IT) / Freelance (H/F) - 75 - Paris - 3753039 | France Travail,75 - Paris,"Vous intervenez en tant qu'expert pour accélérer et sécuriser le développement d'une application Android de paiement embarqué, avec un fort niveau d'exigence technique et réglementaire. Votre rôle : apporter une expertise pointue Android + paiement, en étant totalement autonome sur vos sujets. Développement AndroidSuivi, optimisation et amélioration d'une application Android embarquée (terminal de paiement) Intégration avec les APIs natives du terminal Implémentation et adaptation des composants liés aux certifications bancaires Paiement & CertificationMise en ?uvre des standards de paiement français (CB, CB2A, FRV6) Gestion des protocoles de communication (type ISO8583) Prise en compte des contraintes de sécurité et de certification Contribution aux ateliers avec les partenaires et organismes de certification Coordination & échanges techniquesCollaboration quotidienne avec une équipe internationale (anglais requis) Participation aux ateliers d'architecture et aux décisions techniques Interface avec les équipes QA déjà en place Approche & m éthodologieForte autonomie attendue Capacité à proposer, concevoir, développer et tester Prise de recul sur l'architecture et amélioration continue des bonnes pratiques Livrables attendusDéveloppements Android robustes et conformes aux exigences projet Documentation technique (modules, APIs, procédures) Contributions aux dossiers de certification Suivi des évolutions et participation aux phases de test Reporting régulier Profil candidat: Profil recherché Expérience 10 à 15 ans d'expérience Expertise en Android embarqué ou terminaux de paiement Expérience significative dans le paiement électronique en France Compétences techniques Android (Java / Kotlin) - niveau expert Architecture applicative embarquée Protocoles et standards paiement (CB2A, ISO8583?) Connaissance des certifications cartes bancaires Langues ?? Français : indispensable ?? Anglais : courant (contexte international) Soft skills Autonomie forte Esprit d'initiative Capacité à évoluer dans un environnement multiculturel Esprit critique sur les choix techniques","
Profession libérale

Emploi non salarié
",unspecified,unspecified,unspecified,Unspecified,10 An(s),Profession libérale,False
3752627,https://candidat.pole-emploi.fr/offres/recherche/detail/3752627,2026-06-14,Offre d'emploi Project Quality Engineer - Ferroviaire H/F (IT) - 13 - Aix-en-Provence - 3752627 | France Travail,13 - Aix-en-Provence,"Contexte de la mission : Viveris accompagne ses clients dans la conception et la fabrication d'équipements de haute technologie destinés au secteur normé ferroviaire. Dans ce cadre, nous recherchons un Project Quality Engineer, chargé d'assurer la conformité, la robustesse et la traçabilité des activités de développement tout au long du cycle projet. Intégré au sein de l'équipe de la Direction de la Qualité Projet, vous jouerez un rôle clé dans le pilotage qualité des développements logiciels et systèmes, en lien avec les exigences normatives du domaine ferroviaire. Responsabilités : - Accompagner les équipes projet pour garantir la conformité des activités de développement aux standards qualité internes et clients ; - Participer à la définition et à la gestion des exigences système et logicielles, assurer leur traçabilité et leur cohérence ; - Suivre la gestion de configuration des livrables techniques (logiciel, documentation, exigences) ; - Participer aux revues d'ingénierie et piloter les plans d'actions correctifs liés à la qualité ; - Réaliser des audits internes et revues de conformité, proposer des axes d'amélioration continue. Profil candidat: Profil recherché : Diplômé d'un Bac +5, vous justifiez d'une expérience significative (3 à 8 ans) en qualité projet ou qualité engineering, idéalement acquise dans des environnements à forte composante système et logicielle (ferroviaire, aéronautique, défense, spatial...). Compétences techniques : - Bonne compréhension des processus de développement système et logiciel (cycle en V, Agile) ; - Maîtrise des outils de gestion des exigences et de traçabilité (DOORS, Reqtify, etc.) ; - Connaissances en gestion de configuration (Git, SVN, PLM, etc.) ; - Capacité à analyser les exigences clients et à garantir leur bonne déclinaison tout au long du projet ; - Esprit rigoureux, sens du détail, et aisance relationnelle pour interagir avec les équipes techniques et les clients. Nos avantages : - Rémunération attractive et évolutive ; - Mutuelle familiale à garantie haute ; - Tickets restaurant pris en charge à 60% ; - 100% titre de transport urbain remboursé ; - Primes d'intéressement, de participation et de cooptation ; - 2 jours de télétravail par semaine ; - Formation continue avec LinkedIn Learning et nos communautés techniques.","
CDI

Contrat travail
",Travail en journée,unspecified,unspecified,Unspecified,Débutant accepté,CDI,True
3752000,https://candidat.pole-emploi.fr/offres/recherche/detail/3752000,2026-06-14,Offre d'emploi Site Reliability Engineer (SRE) - DevOps (IT) (H/F) - 75 - Paris - 3752000 | France Travail,75 - Paris,"Nous recherchons un Site Reliability Engineer (SRE) - (H/F) sur Paris afin de participer à la sécurisation des activités RUN sur le périmètre Paiement et du Cash Management d'une grande banque européenne. En tant que SRE, vous interviendrez sur l'ensemble du cycle de vie des plateformes et serez garant de leur fiabilité, disponibilité et performance. Vous assurerez la gestion et le bon fonctionnement d'une dizaine d'applications critiques dans un environnement DevOps. À ce titre, vous assurerez la gestion du quotidien de la production, des évolutions techniques et fonctionnelles, des incidents, et le reporting dans le respect des SLA. Les missions sont les suivantes : Garantir la haute disponibilité, la performance et la stabilité des applications critiques (SLA/SLO) Définir et suivre les indicateurs de performance (SLI) et disponibilité de la Production (via Dynatrace). Identifier les goulots d'étranglement et proposer des optimisations (latence, scalabilité, etc.) Optimiser les performances des systèmes et des middleware. Automatiser les tâches récurrentes d'exploitation (run) via scripting (Python, Bash) Maintenir des pipelines CI/CD robustes et sécurisés Déployer des infrastructures via Terraform (IaC) Participer à la standardisation des environnements (templates, modules réutilisables) Concevoir, déployer et maintenir des architectures sur Cloud Platform Participer à la maintenance et l'évolution des outils des plates-formes dans un contexte Kubernetes/Docker Mettre en place et piloter les outils de monitoring et d'alerting Exploiter des outils comme Cloud Monitoring, Prometheus, Grafana Mettre en place des dashboards orientés métier et technique Gérer les incidents de production et contribuer à leur résolution (post-mortem, RCA) Définir et améliorer les processus d'exploitation (playbooks, etc.) Intégrer les bonnes pratiques de sécurité cloud (IAM, gestion des accès, etc.) Participer aux audits et à la mise en conformité des environnements Collaborer avec les équipes Dev, Ops et Architectes Contribuer à l'adoption des pratiques SRE / DevOps Documenter les architectures Émettre des avis de production pour les comités d'architecture. Profil candidat: Bac +5 ou diplôme d'ingénieur en informatique Au moins 5 ans dans des environnements DevOps exigeants Solide expérience sur la fiabilité et la performance des systèmes, l'automatisation et l'industrialisation, expertise cloud, le monitoring et l'observabilité, la gestion des incidents et l'amélioration continue, la sécurité et la conformité, la culture des environnements distribués et des architectures cloud Capacité à évoluer dans un environnement international (échanges en anglais) Certifications obligatoires: à minima une parmi les suivantes Terraform, Kubernetes (CKA, CKAD, CKS...), Cloud DevOps (Google Cloud Professional Cloud DevOps Engineer, Certified Cloud Native Security Engineer, SRE Foundation, SRE Practitioner...)","
CDI

Contrat travail
",Travail en journée,unspecified,unspecified,Unspecified,Débutant accepté,CDI,True
3751933,https://candidat.pole-emploi.fr/offres/recherche/detail/3751933,2026-06-14,Offre d'emploi IA Engineer Observabilité (IT) / Freelance (H/F) - 75 - Paris - 3751933 | France Travail,75 - Paris,"Au sein de l'IT Group Production, le projet vise l'optimisation du MTTR (Mean Time To Repair) par l'automatisation de l'analyse d'incidents. L'objectif est de réduire drastiquement le temps d'identification des causes racines (Root Cause Analysis - RCA) en exploitant les données d'observabilité via des technologies d'Intelligence Artificielle et de Machine Learning. Le prestataire sera intégré au stream ""Observabilité"" wet travaillera en collaboration étroite avec l'équipe ""Core IA"" (en charge de la plateforme agentique). Ses missions principales incluent : * Développement d'agents intelligents spécialisés dans le diagnostic technique, en s'appuyant sur les frameworks LangChain et LangGraph. * Conception et déploiement de jobs de détection d'anomalies automatisés pour identifier les dérives comportementales des systèmes. * Exploitation et corrélation des sources de données : ingestion et analyse des logs via Elasticsearch et des métriques de performance/APM via Dynatrace. * Industrialisation de modèles LLM appliqués à la RCA pour transformer les données brutes d'observabilité en diagnostics actionnables. Environnement technique cible : Profil candidat: Environnement technique cible : * Langage : Python (Expertise requise). * Observabilité : Elasticsearch (Log Management), Dynatrace (Monitoring/APM). * IA / LLM : LangChain, LangGraph, Machine Learning (Anomaly Detection). * Méthodologie : Intégration continue en environnement de production bancaire contraint.","
CDI

Contrat travail
",Travail en journée,unspecified,unspecified,Unspecified,Débutant accepté,CDI,True
